{
"type": "FeatureCollection",
"name": "frontera_region.geojson",
"crs": { "type": "name", "properties": { "name": "urn:ogc:def:crs:OGC:1.3:CRS84" } },
"features": [
{ "type": "Feature", "properties": { "nombre": "Región de Valparaíso (continental)" }, "geometry": { "type": "MultiPolygon", "coordinates": [ [ [ [ -71.693275, -33.348431 ], [ -71.693147, -33.347957 ], [ -71.693772, -33.347943 ], [ -71.693558, -33.348377 ], [ -71.693275, -33.348431 ] ] ], [ [ [ -71.69602, -33.347131 ], [ -71.695413, -33.347717 ], [ -71.694677, -33.347828 ], [ -71.694035, -33.34727 ], [ -71.694811, -33.346633 ], [ -71.695772, -33.346469 ], [ -71.696061, -33.346605 ], [ -71.69602, -33.347131 ] ] ], [ [ [ -71.614045, -33.549999 ], [ -71.614033, -33.549706 ], [ -71.614416, -33.549902 ], [ -71.614331, -33.549987 ], [ -71.614045, -33.549999 ] ] ], [ [ [ -71.528297, -32.235999 ], [ -71.529071, -32.236878 ], [ -71.528933, -32.23707 ], [ -71.528321, -32.236839 ], [ -71.528297, -32.235999 ] ] ], [ [ [ -71.527594, -32.235931 ], [ -71.527605, -32.236338 ], [ -71.527, -32.236363 ], [ -71.527352, -32.235841 ], [ -71.527594, -32.235931 ] ] ], [ [ [ -71.526681, -32.233483 ], [ -71.526765, -32.233658 ], [ -71.526114, -32.233725 ], [ -71.526217, -32.233411 ], [ -71.526681, -32.233483 ] ] ], [ [ [ -71.53449, -32.208292 ], [ -71.535382, -32.208045 ], [ -71.535481, -32.208387 ], [ -71.534825, -32.209011 ], [ -71.53411, -32.20914 ], [ -71.533965, -32.208761 ], [ -71.53449, -32.208292 ] ] ], [ [ [ -71.535081, -32.205303 ], [ -71.535611, -32.204986 ], [ -71.535717, -32.205557 ], [ -71.535272, -32.205719 ], [ -71.535081, -32.205303 ] ] ], [ [ [ -71.542464, -32.199542 ], [ -71.542911, -32.199495 ], [ -71.543651, -32.200244 ], [ -71.542886, -32.200183 ], [ -71.542474, -32.199924 ], [ -71.542464, -32.199542 ] ] ], [ [ [ -71.540795, -32.19927 ], [ -71.541696, -32.199367 ], [ -71.541981, -32.199934 ], [ -71.541718, -32.200168 ], [ -71.540768, -32.19992 ], [ -71.540795, -32.19927 ] ] ], [ [ [ -71.539095, -32.199496 ], [ -71.538905, -32.199118 ], [ -71.53908, -32.198962 ], [ -71.539489, -32.199106 ], [ -71.539545, -32.199525 ], [ -71.539095, -32.199496 ] ] ], [ [ [ -71.542894, -32.197243 ], [ -71.543672, -32.1978 ], [ -71.543458, -32.198148 ], [ -71.542562, -32.198243 ], [ -71.542242, -32.19802 ], [ -71.542894, -32.197243 ] ] ], [ [ [ -71.70464, -33.190803 ], [ -71.705192, -33.191119 ], [ -71.705074, -33.191705 ], [ -71.704252, -33.19141 ], [ -71.70464, -33.190803 ] ] ], [ [ [ -71.455756, -32.585961 ], [ -71.456553, -32.584955 ], [ -71.457373, -32.585057 ], [ -71.457748, -32.584813 ], [ -71.458219, -32.585557 ], [ -71.458084, -32.585948 ], [ -71.458941, -32.586588 ], [ -71.459697, -32.586788 ], [ -71.458166, -32.587088 ], [ -71.458216, -32.587539 ], [ -71.457914, -32.587631 ], [ -71.456287, -32.587706 ], [ -71.456385, -32.587203 ], [ -71.456038, -32.587442 ], [ -71.456359, -32.586606 ], [ -71.455756, -32.585961 ] ] ], [ [ [ -71.465748, -32.498755 ], [ -71.465581, -32.497305 ], [ -71.465895, -32.496685 ], [ -71.467108, -32.496446 ], [ -71.467057, -32.49691 ], [ -71.467312, -32.496915 ], [ -71.46693, -32.497386 ], [ -71.467503, -32.497396 ], [ -71.467524, -32.49773 ], [ -71.466844, -32.498411 ], [ -71.466265, -32.498142 ], [ -71.46604, -32.49875 ], [ -71.465748, -32.498755 ] ] ], [ [ [ -71.520509, -32.890731 ], [ -71.519158, -32.88847 ], [ -71.519929, -32.888106 ], [ -71.52081, -32.888398 ], [ -71.521424, -32.888968 ], [ -71.522142, -32.888333 ], [ -71.522988, -32.889014 ], [ -71.520995, -32.891652 ], [ -71.520345, -32.891433 ], [ -71.520509, -32.890731 ] ] ], [ [ [ -71.523413, -32.888452 ], [ -71.523235, -32.888562 ], [ -71.522917, -32.88818 ], [ -71.523784, -32.888233 ], [ -71.524018, -32.888533 ], [ -71.523413, -32.888452 ] ] ], [ [ [ -71.534807, -32.778447 ], [ -71.535035, -32.778401 ], [ -71.534817, -32.778578 ], [ -71.534807, -32.778447 ] ] ], [ [ [ -71.540723, -32.773241 ], [ -71.540406, -32.77321 ], [ -71.540641, -32.77275 ], [ -71.540723, -32.773241 ] ] ], [ [ [ -71.490217, -32.708369 ], [ -71.489562, -32.708199 ], [ -71.489683, -32.707919 ], [ -71.490238, -32.708067 ], [ -71.490217, -32.708369 ] ] ], [ [ [ -71.490913, -32.7079 ], [ -71.491272, -32.707972 ], [ -71.490962, -32.708176 ], [ -71.490913, -32.7079 ] ] ], [ [ [ -70.087632, -33.046501 ], [ -70.086375, -33.045569 ], [ -70.085519, -33.043189 ], [ -70.086662, -33.042332 ], [ -70.087804, -33.039363 ], [ -70.084834, -33.036679 ], [ -70.082835, -33.035456 ], [ -70.082151, -33.034385 ], [ -70.081294, -33.028741 ], [ -70.079752, -33.028455 ], [ -70.076325, -33.029198 ], [ -70.073813, -33.029026 ], [ -70.070685, -33.02784 ], [ -70.067988, -33.027656 ], [ -70.064904, -33.028741 ], [ -70.059913, -33.028821 ], [ -70.058535, -33.029668 ], [ -70.057122, -33.029877 ], [ -70.054281, -33.029332 ], [ -70.05362, -33.029515 ], [ -70.052611, -33.028982 ], [ -70.051181, -33.027426 ], [ -70.050445, -33.026057 ], [ -70.044802, -33.024515 ], [ -70.044231, -33.023715 ], [ -70.043691, -33.023462 ], [ -70.042568, -33.023291 ], [ -70.036846, -33.023779 ], [ -70.034965, -33.023165 ], [ -70.0341, -33.022662 ], [ -70.03046, -33.019342 ], [ -70.028111, -33.016369 ], [ -70.027595, -33.012235 ], [ -70.025882, -33.010865 ], [ -70.024872, -33.010695 ], [ -70.02156, -33.009153 ], [ -70.019888, -33.007335 ], [ -70.020295, -33.00496 ], [ -70.020078, -33.003419 ], [ -70.022537, -32.99748 ], [ -70.022411, -32.996288 ], [ -70.021507, -32.994086 ], [ -70.021461, -32.992173 ], [ -70.022713, -32.983169 ], [ -70.022113, -32.982158 ], [ -70.022057, -32.980994 ], [ -70.024314, -32.979303 ], [ -70.025445, -32.977697 ], [ -70.02494, -32.974109 ], [ -70.025234, -32.973433 ], [ -70.02711, -32.971867 ], [ -70.027558, -32.970909 ], [ -70.027467, -32.969904 ], [ -70.025802, -32.968655 ], [ -70.024211, -32.96666 ], [ -70.02134, -32.964967 ], [ -70.020288, -32.962943 ], [ -70.020114, -32.961924 ], [ -70.020664, -32.961337 ], [ -70.02005, -32.958172 ], [ -70.020285, -32.956433 ], [ -70.019344, -32.955873 ], [ -70.016924, -32.955774 ], [ -70.013239, -32.955023 ], [ -70.008723, -32.95319 ], [ -70.007674, -32.952446 ], [ -70.006818, -32.951361 ], [ -70.006514, -32.949712 ], [ -70.004728, -32.948067 ], [ -70.003318, -32.947221 ], [ -70.001107, -32.946621 ], [ -70.000022, -32.944109 ], [ -70.003315, -32.940068 ], [ -70.0046, -32.935214 ], [ -70.005675, -32.933715 ], [ -70.007652, -32.931718 ], [ -70.007312, -32.930304 ], [ -70.005898, -32.928131 ], [ -70.004275, -32.927058 ], [ -70.004144, -32.926351 ], [ -70.004799, -32.924178 ], [ -70.002233, -32.920016 ], [ -70.000845, -32.919361 ], [ -69.999851, -32.918419 ], [ -69.999039, -32.916481 ], [ -69.996735, -32.915565 ], [ -69.995409, -32.915311 ], [ -69.99136, -32.911926 ], [ -69.991133, -32.908779 ], [ -69.990524, -32.908013 ], [ -69.990208, -32.905327 ], [ -69.988935, -32.901905 ], [ -69.989347, -32.898298 ], [ -69.992002, -32.893379 ], [ -69.994122, -32.89136 ], [ -70.000107, -32.883889 ], [ -70.002422, -32.882017 ], [ -70.004319, -32.881235 ], [ -70.011806, -32.88112 ], [ -70.017986, -32.879699 ], [ -70.020773, -32.878369 ], [ -70.022154, -32.876995 ], [ -70.02311, -32.876609 ], [ -70.034377, -32.873774 ], [ -70.036091, -32.872718 ], [ -70.038083, -32.87207 ], [ -70.039697, -32.870867 ], [ -70.043371, -32.869004 ], [ -70.044086, -32.868394 ], [ -70.045033, -32.866763 ], [ -70.046924, -32.864577 ], [ -70.049356, -32.862807 ], [ -70.051539, -32.862137 ], [ -70.052459, -32.861368 ], [ -70.053169, -32.860149 ], [ -70.054657, -32.858568 ], [ -70.056497, -32.857022 ], [ -70.054621, -32.851014 ], [ -70.054809, -32.84935 ], [ -70.05591, -32.847655 ], [ -70.054541, -32.846287 ], [ -70.054363, -32.844978 ], [ -70.05466, -32.84245 ], [ -70.054304, -32.838434 ], [ -70.05234, -32.837483 ], [ -70.05237, -32.836531 ], [ -70.054955, -32.833298 ], [ -70.055526, -32.831579 ], [ -70.061851, -32.828936 ], [ -70.06349, -32.82779 ], [ -70.065554, -32.827375 ], [ -70.067445, -32.82652 ], [ -70.07057, -32.825894 ], [ -70.070981, -32.825508 ], [ -70.073063, -32.824725 ], [ -70.074181, -32.82375 ], [ -70.075847, -32.823342 ], [ -70.078298, -32.823274 ], [ -70.079226, -32.822512 ], [ -70.080915, -32.819586 ], [ -70.082367, -32.817896 ], [ -70.082985, -32.816207 ], [ -70.082938, -32.814446 ], [ -70.084127, -32.811876 ], [ -70.08546, -32.80983 ], [ -70.085762, -32.807711 ], [ -70.087047, -32.805546 ], [ -70.092091, -32.80162 ], [ -70.093496, -32.801216 ], [ -70.097516, -32.801477 ], [ -70.102323, -32.800026 ], [ -70.104108, -32.800311 ], [ -70.106697, -32.801251 ], [ -70.107894, -32.800711 ], [ -70.108084, -32.799131 ], [ -70.107418, -32.796219 ], [ -70.107247, -32.79243 ], [ -70.108737, -32.789032 ], [ -70.108295, -32.78781 ], [ -70.108399, -32.786744 ], [ -70.110582, -32.783313 ], [ -70.111076, -32.782039 ], [ -70.111217, -32.78066 ], [ -70.112258, -32.778639 ], [ -70.111758, -32.776797 ], [ -70.111749, -32.775436 ], [ -70.113125, -32.771582 ], [ -70.114501, -32.769908 ], [ -70.115398, -32.767566 ], [ -70.1159, -32.767053 ], [ -70.118527, -32.765733 ], [ -70.120958, -32.763403 ], [ -70.122579, -32.76314 ], [ -70.127034, -32.7612 ], [ -70.12799, -32.760064 ], [ -70.128249, -32.758849 ], [ -70.130361, -32.757803 ], [ -70.131864, -32.756591 ], [ -70.132398, -32.755791 ], [ -70.130652, -32.753948 ], [ -70.131452, -32.752106 ], [ -70.131695, -32.750554 ], [ -70.131501, -32.748978 ], [ -70.131937, -32.74699 ], [ -70.131663, -32.745604 ], [ -70.132805, -32.743834 ], [ -70.135782, -32.741475 ], [ -70.136688, -32.739836 ], [ -70.136974, -32.739094 ], [ -70.136351, -32.736782 ], [ -70.137431, -32.733726 ], [ -70.137331, -32.73198 ], [ -70.142706, -32.728689 ], [ -70.143083, -32.728886 ], [ -70.147219, -32.729127 ], [ -70.147552, -32.72807 ], [ -70.147466, -32.726579 ], [ -70.146506, -32.725031 ], [ -70.145129, -32.725051 ], [ -70.144801, -32.722894 ], [ -70.145045, -32.72113 ], [ -70.144128, -32.71802 ], [ -70.143998, -32.715794 ], [ -70.14454, -32.713544 ], [ -70.143753, -32.711007 ], [ -70.146459, -32.706575 ], [ -70.145633, -32.70403 ], [ -70.144855, -32.697806 ], [ -70.14416, -32.696893 ], [ -70.142727, -32.693688 ], [ -70.143063, -32.689103 ], [ -70.142742, -32.678789 ], [ -70.144227, -32.676733 ], [ -70.144885, -32.67627 ], [ -70.146108, -32.674308 ], [ -70.145607, -32.670356 ], [ -70.145655, -32.664239 ], [ -70.14641, -32.661914 ], [ -70.146655, -32.659131 ], [ -70.14853, -32.657583 ], [ -70.149502, -32.65734 ], [ -70.149344, -32.656296 ], [ -70.14676, -32.653807 ], [ -70.145975, -32.652121 ], [ -70.147196, -32.649379 ], [ -70.148155, -32.64764 ], [ -70.150085, -32.646622 ], [ -70.152117, -32.644766 ], [ -70.151993, -32.643725 ], [ -70.150978, -32.641272 ], [ -70.150731, -32.638592 ], [ -70.150828, -32.637104 ], [ -70.151454, -32.63627 ], [ -70.154329, -32.632539 ], [ -70.158504, -32.62922 ], [ -70.161864, -32.628175 ], [ -70.164379, -32.626333 ], [ -70.166892, -32.6262 ], [ -70.169617, -32.625708 ], [ -70.171128, -32.624108 ], [ -70.172117, -32.621945 ], [ -70.172051, -32.621117 ], [ -70.171046, -32.619609 ], [ -70.169112, -32.618444 ], [ -70.166832, -32.617523 ], [ -70.165487, -32.616271 ], [ -70.165185, -32.614658 ], [ -70.165699, -32.612431 ], [ -70.165528, -32.607348 ], [ -70.163486, -32.604243 ], [ -70.163094, -32.59849 ], [ -70.162687, -32.59731 ], [ -70.161865, -32.596341 ], [ -70.161647, -32.595527 ], [ -70.160543, -32.593852 ], [ -70.158277, -32.59143 ], [ -70.156682, -32.589093 ], [ -70.153895, -32.586932 ], [ -70.151719, -32.58327 ], [ -70.150293, -32.582317 ], [ -70.149639, -32.580943 ], [ -70.148806, -32.580652 ], [ -70.147111, -32.581695 ], [ -70.145886, -32.581921 ], [ -70.145326, -32.5808 ], [ -70.144558, -32.580297 ], [ -70.140557, -32.579972 ], [ -70.135459, -32.577258 ], [ -70.132291, -32.577472 ], [ -70.129436, -32.577362 ], [ -70.127269, -32.576398 ], [ -70.126469, -32.575702 ], [ -70.126144, -32.575006 ], [ -70.126439, -32.570369 ], [ -70.127634, -32.566758 ], [ -70.128103, -32.563848 ], [ -70.127766, -32.561116 ], [ -70.125873, -32.558181 ], [ -70.125381, -32.556296 ], [ -70.125647, -32.555301 ], [ -70.126875, -32.554559 ], [ -70.127816, -32.553626 ], [ -70.127896, -32.552945 ], [ -70.125989, -32.548997 ], [ -70.126132, -32.547129 ], [ -70.123595, -32.545014 ], [ -70.123694, -32.543182 ], [ -70.124094, -32.541816 ], [ -70.124022, -32.540879 ], [ -70.123142, -32.539046 ], [ -70.123074, -32.537284 ], [ -70.124148, -32.53404 ], [ -70.125829, -32.531648 ], [ -70.128353, -32.526795 ], [ -70.129435, -32.52522 ], [ -70.130442, -32.520963 ], [ -70.132994, -32.515299 ], [ -70.133497, -32.511235 ], [ -70.136961, -32.505904 ], [ -70.138237, -32.503158 ], [ -70.140133, -32.501517 ], [ -70.140621, -32.50023 ], [ -70.140593, -32.498008 ], [ -70.140273, -32.496644 ], [ -70.139345, -32.495028 ], [ -70.135054, -32.490622 ], [ -70.134834, -32.489171 ], [ -70.135021, -32.487973 ], [ -70.135817, -32.487111 ], [ -70.139436, -32.486224 ], [ -70.140838, -32.485442 ], [ -70.141394, -32.484752 ], [ -70.142057, -32.482398 ], [ -70.144136, -32.480645 ], [ -70.144631, -32.479845 ], [ -70.145126, -32.477999 ], [ -70.145553, -32.474616 ], [ -70.147086, -32.473338 ], [ -70.149486, -32.470004 ], [ -70.148244, -32.467834 ], [ -70.148729, -32.465921 ], [ -70.150028, -32.465193 ], [ -70.150483, -32.464374 ], [ -70.153141, -32.46278 ], [ -70.154983, -32.462632 ], [ -70.15681, -32.463051 ], [ -70.158974, -32.462599 ], [ -70.161359, -32.461211 ], [ -70.162502, -32.460012 ], [ -70.162847, -32.458197 ], [ -70.164329, -32.456757 ], [ -70.1653, -32.455386 ], [ -70.16877, -32.454386 ], [ -70.171037, -32.454059 ], [ -70.171772, -32.453472 ], [ -70.172685, -32.453186 ], [ -70.179215, -32.451854 ], [ -70.183564, -32.44976 ], [ -70.185916, -32.449904 ], [ -70.191886, -32.449664 ], [ -70.193168, -32.450018 ], [ -70.195157, -32.448427 ], [ -70.196751, -32.445881 ], [ -70.196932, -32.44494 ], [ -70.198027, -32.443511 ], [ -70.20042, -32.441806 ], [ -70.203838, -32.441333 ], [ -70.207816, -32.441931 ], [ -70.213526, -32.439028 ], [ -70.214098, -32.437886 ], [ -70.214405, -32.436022 ], [ -70.216592, -32.431496 ], [ -70.21761, -32.42966 ], [ -70.218309, -32.429177 ], [ -70.219609, -32.42906 ], [ -70.225662, -32.430795 ], [ -70.227185, -32.430724 ], [ -70.228623, -32.430326 ], [ -70.231335, -32.433399 ], [ -70.228667, -32.430371 ], [ -70.23023, -32.430676 ], [ -70.231276, -32.431278 ], [ -70.2328, -32.431081 ], [ -70.234775, -32.430082 ], [ -70.23657, -32.428717 ], [ -70.235893, -32.425394 ], [ -70.236653, -32.418586 ], [ -70.237483, -32.417924 ], [ -70.237178, -32.417102 ], [ -70.236357, -32.416709 ], [ -70.236227, -32.415754 ], [ -70.235199, -32.413641 ], [ -70.235745, -32.413108 ], [ -70.236398, -32.411524 ], [ -70.23625, -32.410534 ], [ -70.236675, -32.409148 ], [ -70.237535, -32.408459 ], [ -70.238289, -32.404671 ], [ -70.237726, -32.403324 ], [ -70.23631, -32.401419 ], [ -70.234829, -32.400187 ], [ -70.234585, -32.399536 ], [ -70.234927, -32.398451 ], [ -70.234737, -32.397671 ], [ -70.234234, -32.396954 ], [ -70.232072, -32.395539 ], [ -70.232345, -32.392679 ], [ -70.231119, -32.390757 ], [ -70.230259, -32.390384 ], [ -70.22928, -32.390394 ], [ -70.227328, -32.389819 ], [ -70.226227, -32.389878 ], [ -70.224401, -32.390499 ], [ -70.222883, -32.389892 ], [ -70.22163, -32.388198 ], [ -70.220793, -32.385214 ], [ -70.219834, -32.38393 ], [ -70.217848, -32.382885 ], [ -70.217369, -32.381943 ], [ -70.218918, -32.380952 ], [ -70.220762, -32.379256 ], [ -70.221448, -32.37675 ], [ -70.223082, -32.3753 ], [ -70.226208, -32.371467 ], [ -70.226743, -32.369432 ], [ -70.227993, -32.36697 ], [ -70.228403, -32.364129 ], [ -70.227707, -32.362437 ], [ -70.228289, -32.361217 ], [ -70.22804, -32.359415 ], [ -70.228461, -32.356077 ], [ -70.227604, -32.353793 ], [ -70.226804, -32.352536 ], [ -70.225391, -32.351313 ], [ -70.223321, -32.350309 ], [ -70.222985, -32.347494 ], [ -70.22106, -32.346887 ], [ -70.219633, -32.345388 ], [ -70.219152, -32.343856 ], [ -70.219937, -32.341721 ], [ -70.220894, -32.340962 ], [ -70.21858, -32.336019 ], [ -70.21778, -32.335151 ], [ -70.217866, -32.332926 ], [ -70.219556, -32.329554 ], [ -70.222304, -32.325437 ], [ -70.225072, -32.322453 ], [ -70.229577, -32.320044 ], [ -70.235047, -32.317606 ], [ -70.239445, -32.317258 ], [ -70.240873, -32.316557 ], [ -70.242385, -32.31536 ], [ -70.244749, -32.312495 ], [ -70.248304, -32.306432 ], [ -70.249035, -32.305681 ], [ -70.25448, -32.305119 ], [ -70.257871, -32.304167 ], [ -70.258613, -32.302625 ], [ -70.258956, -32.300855 ], [ -70.26177, -32.29562 ], [ -70.262666, -32.29173 ], [ -70.263265, -32.291461 ], [ -70.264094, -32.291501 ], [ -70.264851, -32.291124 ], [ -70.270622, -32.293482 ], [ -70.271993, -32.293545 ], [ -70.274133, -32.293027 ], [ -70.278144, -32.292588 ], [ -70.279998, -32.291757 ], [ -70.282015, -32.292131 ], [ -70.283697, -32.292783 ], [ -70.285796, -32.292003 ], [ -70.288138, -32.290061 ], [ -70.293008, -32.287282 ], [ -70.293427, -32.284941 ], [ -70.293274, -32.283113 ], [ -70.293577, -32.282581 ], [ -70.294359, -32.28258 ], [ -70.295235, -32.282046 ], [ -70.296407, -32.279587 ], [ -70.296548, -32.278524 ], [ -70.299632, -32.277041 ], [ -70.30093, -32.276013 ], [ -70.305343, -32.274833 ], [ -70.309226, -32.275326 ], [ -70.31055, -32.274742 ], [ -70.311644, -32.273805 ], [ -70.313052, -32.27327 ], [ -70.315606, -32.273642 ], [ -70.319359, -32.273579 ], [ -70.319734, -32.27331 ], [ -70.319775, -32.272815 ], [ -70.319277, -32.269939 ], [ -70.319738, -32.26919 ], [ -70.320579, -32.269188 ], [ -70.321552, -32.271314 ], [ -70.322168, -32.273521 ], [ -70.322895, -32.274123 ], [ -70.326474, -32.27626 ], [ -70.328318, -32.276508 ], [ -70.330379, -32.276143 ], [ -70.338922, -32.272333 ], [ -70.341559, -32.271542 ], [ -70.342313, -32.270886 ], [ -70.34364, -32.267991 ], [ -70.344156, -32.263446 ], [ -70.34816, -32.259379 ], [ -70.34981, -32.257168 ], [ -70.352838, -32.255457 ], [ -70.356769, -32.254156 ], [ -70.358157, -32.253874 ], [ -70.360939, -32.253806 ], [ -70.36193, -32.254024 ], [ -70.363512, -32.25477 ], [ -70.364014, -32.255298 ], [ -70.365457, -32.258754 ], [ -70.370255, -32.262841 ], [ -70.378838, -32.267764 ], [ -70.385724, -32.268872 ], [ -70.399125, -32.273149 ], [ -70.409679, -32.279097 ], [ -70.411333, -32.280617 ], [ -70.415326, -32.282156 ], [ -70.415315, -32.282171 ], [ -70.420182, -32.280124 ], [ -70.421161, -32.279317 ], [ -70.42365, -32.276339 ], [ -70.425187, -32.275994 ], [ -70.425677, -32.275614 ], [ -70.428875, -32.272207 ], [ -70.431571, -32.271942 ], [ -70.432943, -32.271552 ], [ -70.434815, -32.271484 ], [ -70.437883, -32.270326 ], [ -70.437967, -32.268639 ], [ -70.436989, -32.266028 ], [ -70.437187, -32.263061 ], [ -70.436233, -32.260044 ], [ -70.436214, -32.258827 ], [ -70.436531, -32.257934 ], [ -70.437782, -32.25689 ], [ -70.437919, -32.256084 ], [ -70.436331, -32.25398 ], [ -70.436167, -32.250611 ], [ -70.434923, -32.248518 ], [ -70.434987, -32.247371 ], [ -70.435883, -32.244785 ], [ -70.435861, -32.243381 ], [ -70.434781, -32.241286 ], [ -70.432712, -32.239297 ], [ -70.433002, -32.236765 ], [ -70.434036, -32.234173 ], [ -70.433881, -32.231451 ], [ -70.433351, -32.229883 ], [ -70.433025, -32.227023 ], [ -70.434924, -32.226334 ], [ -70.437513, -32.226304 ], [ -70.439173, -32.225568 ], [ -70.439716, -32.224417 ], [ -70.440982, -32.22286 ], [ -70.444273, -32.220756 ], [ -70.445923, -32.221382 ], [ -70.448514, -32.223657 ], [ -70.451368, -32.224274 ], [ -70.453231, -32.224045 ], [ -70.453997, -32.223374 ], [ -70.454379, -32.222147 ], [ -70.454866, -32.217726 ], [ -70.455158, -32.216755 ], [ -70.457136, -32.21378 ], [ -70.45715, -32.212779 ], [ -70.45687, -32.212244 ], [ -70.455405, -32.211234 ], [ -70.452045, -32.202768 ], [ -70.452048, -32.199491 ], [ -70.45265, -32.197541 ], [ -70.452533, -32.197121 ], [ -70.450967, -32.195594 ], [ -70.448811, -32.19501 ], [ -70.447754, -32.19432 ], [ -70.445755, -32.188092 ], [ -70.446, -32.18617 ], [ -70.446322, -32.185604 ], [ -70.447952, -32.184228 ], [ -70.449354, -32.182386 ], [ -70.450873, -32.181011 ], [ -70.45317, -32.180001 ], [ -70.455646, -32.172997 ], [ -70.456622, -32.172096 ], [ -70.458267, -32.171702 ], [ -70.459918, -32.171636 ], [ -70.461569, -32.171617 ], [ -70.46295, -32.171976 ], [ -70.465427, -32.171947 ], [ -70.470698, -32.174508 ], [ -70.472203, -32.175708 ], [ -70.473198, -32.17593 ], [ -70.473802, -32.175876 ], [ -70.475384, -32.174968 ], [ -70.476765, -32.173371 ], [ -70.477231, -32.17234 ], [ -70.478183, -32.171507 ], [ -70.480574, -32.170145 ], [ -70.482015, -32.169718 ], [ -70.484309, -32.169794 ], [ -70.486976, -32.170583 ], [ -70.490631, -32.172696 ], [ -70.495805, -32.171813 ], [ -70.499547, -32.171872 ], [ -70.50304, -32.171522 ], [ -70.503758, -32.171103 ], [ -70.503736, -32.169769 ], [ -70.503481, -32.168951 ], [ -70.502252, -32.167632 ], [ -70.501488, -32.165178 ], [ -70.500493, -32.163342 ], [ -70.500471, -32.162008 ], [ -70.501396, -32.159534 ], [ -70.504718, -32.156108 ], [ -70.506401, -32.15578 ], [ -70.508333, -32.155859 ], [ -70.509656, -32.155638 ], [ -70.511575, -32.154897 ], [ -70.515676, -32.154848 ], [ -70.516394, -32.154531 ], [ -70.517872, -32.153208 ], [ -70.521282, -32.152451 ], [ -70.522776, -32.15124 ], [ -70.523723, -32.150799 ], [ -70.524504, -32.150551 ], [ -70.528877, -32.150355 ], [ -70.530699, -32.148567 ], [ -70.531646, -32.148173 ], [ -70.532431, -32.148164 ], [ -70.53707, -32.150399 ], [ -70.537703, -32.151393 ], [ -70.537085, -32.154647 ], [ -70.536543, -32.155799 ], [ -70.536336, -32.158498 ], [ -70.536008, -32.159027 ], [ -70.532122, -32.161509 ], [ -70.531238, -32.162378 ], [ -70.530704, -32.16396 ], [ -70.530955, -32.16558 ], [ -70.533671, -32.170225 ], [ -70.534298, -32.170838 ], [ -70.540216, -32.172341 ], [ -70.543343, -32.174737 ], [ -70.544811, -32.175244 ], [ -70.545427, -32.175189 ], [ -70.546095, -32.174894 ], [ -70.548029, -32.173057 ], [ -70.549363, -32.172325 ], [ -70.554023, -32.170764 ], [ -70.55909, -32.168544 ], [ -70.561911, -32.166462 ], [ -70.56459, -32.165399 ], [ -70.569533, -32.165465 ], [ -70.574372, -32.164617 ], [ -70.577919, -32.165337 ], [ -70.580953, -32.165538 ], [ -70.582465, -32.165328 ], [ -70.587141, -32.163169 ], [ -70.589771, -32.162754 ], [ -70.59123, -32.162784 ], [ -70.592823, -32.164005 ], [ -70.593944, -32.163943 ], [ -70.598061, -32.160335 ], [ -70.600789, -32.159059 ], [ -70.603858, -32.158114 ], [ -70.607012, -32.155592 ], [ -70.608834, -32.153898 ], [ -70.61016, -32.151136 ], [ -70.610714, -32.150747 ], [ -70.612446, -32.150344 ], [ -70.612406, -32.148053 ], [ -70.612727, -32.14719 ], [ -70.61383, -32.146078 ], [ -70.61617, -32.145141 ], [ -70.617853, -32.145167 ], [ -70.623715, -32.146715 ], [ -70.624557, -32.146704 ], [ -70.62829, -32.145272 ], [ -70.629614, -32.144014 ], [ -70.631915, -32.142481 ], [ -70.636288, -32.142329 ], [ -70.640174, -32.140035 ], [ -70.641737, -32.139585 ], [ -70.64409, -32.139412 ], [ -70.647253, -32.137509 ], [ -70.648353, -32.136301 ], [ -70.650016, -32.135182 ], [ -70.65364, -32.133941 ], [ -70.653849, -32.133127 ], [ -70.653372, -32.131558 ], [ -70.653335, -32.129506 ], [ -70.654561, -32.121257 ], [ -70.654935, -32.12025 ], [ -70.654637, -32.119251 ], [ -70.652357, -32.115677 ], [ -70.652458, -32.115055 ], [ -70.653615, -32.113895 ], [ -70.653868, -32.112412 ], [ -70.653605, -32.11022 ], [ -70.652173, -32.105108 ], [ -70.653189, -32.10355 ], [ -70.655701, -32.102534 ], [ -70.656079, -32.102154 ], [ -70.657413, -32.099072 ], [ -70.657329, -32.097546 ], [ -70.655871, -32.094415 ], [ -70.65516, -32.090773 ], [ -70.653949, -32.088879 ], [ -70.652972, -32.084453 ], [ -70.652213, -32.082792 ], [ -70.650062, -32.080076 ], [ -70.648641, -32.078997 ], [ -70.647736, -32.078531 ], [ -70.645602, -32.07832 ], [ -70.644641, -32.077903 ], [ -70.645326, -32.07546 ], [ -70.646569, -32.072866 ], [ -70.649442, -32.068986 ], [ -70.652155, -32.063939 ], [ -70.652763, -32.063502 ], [ -70.654723, -32.063381 ], [ -70.655277, -32.063039 ], [ -70.655666, -32.059741 ], [ -70.657035, -32.054854 ], [ -70.659062, -32.055353 ], [ -70.663391, -32.059162 ], [ -70.666451, -32.061031 ], [ -70.667914, -32.061346 ], [ -70.672374, -32.06155 ], [ -70.674354, -32.062574 ], [ -70.675193, -32.062467 ], [ -70.678579, -32.060657 ], [ -70.682324, -32.060082 ], [ -70.684566, -32.0601 ], [ -70.686763, -32.060691 ], [ -70.690229, -32.06327 ], [ -70.691181, -32.06321 ], [ -70.691661, -32.061867 ], [ -70.691875, -32.058284 ], [ -70.69266, -32.05677 ], [ -70.692698, -32.055815 ], [ -70.691806, -32.053011 ], [ -70.691665, -32.051437 ], [ -70.692364, -32.049853 ], [ -70.693897, -32.047876 ], [ -70.694491, -32.046627 ], [ -70.695161, -32.045019 ], [ -70.695404, -32.042963 ], [ -70.695997, -32.041714 ], [ -70.697462, -32.039117 ], [ -70.698942, -32.037331 ], [ -70.70072, -32.033489 ], [ -70.701465, -32.032834 ], [ -70.703575, -32.031804 ], [ -70.706585, -32.030952 ], [ -70.720288, -32.029669 ], [ -70.726676, -32.028222 ], [ -70.729953, -32.026697 ], [ -70.738143, -32.021287 ], [ -70.739535, -32.020791 ], [ -70.740209, -32.020925 ], [ -70.741864, -32.022525 ], [ -70.743645, -32.026295 ], [ -70.744955, -32.027422 ], [ -70.746981, -32.02792 ], [ -70.749448, -32.027981 ], [ -70.751196, -32.028577 ], [ -70.758682, -32.033295 ], [ -70.771053, -32.039972 ], [ -70.77218, -32.04029 ], [ -70.77508, -32.039581 ], [ -70.776135, -32.039089 ], [ -70.777593, -32.039116 ], [ -70.783358, -32.041661 ], [ -70.786062, -32.042386 ], [ -70.788755, -32.042587 ], [ -70.792365, -32.043777 ], [ -70.792522, -32.043202 ], [ -70.792215, -32.041822 ], [ -70.793717, -32.038412 ], [ -70.795035, -32.037009 ], [ -70.798743, -32.034666 ], [ -70.800025, -32.034313 ], [ -70.80266, -32.034371 ], [ -70.804349, -32.034825 ], [ -70.809208, -32.036972 ], [ -70.81041, -32.037312 ], [ -70.812685, -32.037432 ], [ -70.818568, -32.041576 ], [ -70.819531, -32.041868 ], [ -70.823474, -32.041658 ], [ -70.826667, -32.042835 ], [ -70.8293, -32.042899 ], [ -70.830024, -32.043245 ], [ -70.833949, -32.045561 ], [ -70.836045, -32.048667 ], [ -70.836967, -32.050807 ], [ -70.840377, -32.050898 ], [ -70.847236, -32.051664 ], [ -70.84812, -32.051886 ], [ -70.850015, -32.053169 ], [ -70.850891, -32.053015 ], [ -70.851537, -32.052304 ], [ -70.853555, -32.051525 ], [ -70.8557, -32.051588 ], [ -70.858034, -32.052864 ], [ -70.859461, -32.05275 ], [ -70.860125, -32.052974 ], [ -70.861962, -32.054117 ], [ -70.8627, -32.05523 ], [ -70.864261, -32.056331 ], [ -70.867562, -32.056469 ], [ -70.869222, -32.057007 ], [ -70.874936, -32.062212 ], [ -70.876551, -32.063218 ], [ -70.87892, -32.063929 ], [ -70.880257, -32.06422 ], [ -70.881876, -32.06391 ], [ -70.88463, -32.06153 ], [ -70.886026, -32.061318 ], [ -70.88851, -32.062188 ], [ -70.890356, -32.062017 ], [ -70.893767, -32.062993 ], [ -70.896432, -32.06448 ], [ -70.900047, -32.06581 ], [ -70.901625, -32.066216 ], [ -70.904934, -32.066309 ], [ -70.905995, -32.06615 ], [ -70.908152, -32.064734 ], [ -70.911316, -32.063254 ], [ -70.912489, -32.063093 ], [ -70.914455, -32.063302 ], [ -70.91731, -32.064476 ], [ -70.920214, -32.066628 ], [ -70.925586, -32.071558 ], [ -70.926974, -32.073589 ], [ -70.928691, -32.077954 ], [ -70.929729, -32.079322 ], [ -70.930517, -32.079501 ], [ -70.931522, -32.079295 ], [ -70.93468, -32.077528 ], [ -70.937517, -32.076482 ], [ -70.939653, -32.074111 ], [ -70.940527, -32.071688 ], [ -70.940664, -32.070254 ], [ -70.939757, -32.064445 ], [ -70.939834, -32.062773 ], [ -70.942248, -32.058989 ], [ -70.944298, -32.05786 ], [ -70.946149, -32.057927 ], [ -70.947447, -32.058385 ], [ -70.948513, -32.058416 ], [ -70.951189, -32.057754 ], [ -70.951794, -32.05722 ], [ -70.952229, -32.056593 ], [ -70.952182, -32.054398 ], [ -70.951505, -32.048872 ], [ -70.95169, -32.048368 ], [ -70.952411, -32.048023 ], [ -70.956987, -32.047093 ], [ -70.965282, -32.047156 ], [ -70.971339, -32.044818 ], [ -70.973046, -32.043408 ], [ -70.973742, -32.043182 ], [ -70.976718, -32.04347 ], [ -70.984201, -32.04488 ], [ -70.986682, -32.045605 ], [ -70.987633, -32.045542 ], [ -70.988966, -32.044996 ], [ -70.989726, -32.043839 ], [ -70.990499, -32.043302 ], [ -71.001517, -32.041052 ], [ -71.003169, -32.039737 ], [ -71.01115, -32.035745 ], [ -71.012694, -32.034575 ], [ -71.013416, -32.034325 ], [ -71.017683, -32.034687 ], [ -71.020167, -32.035554 ], [ -71.021598, -32.03565 ], [ -71.02238, -32.035543 ], [ -71.024099, -32.034751 ], [ -71.026412, -32.032901 ], [ -71.026913, -32.03275 ], [ -71.031614, -32.032531 ], [ -71.033704, -32.033309 ], [ -71.034714, -32.033341 ], [ -71.035944, -32.033225 ], [ -71.039171, -32.032219 ], [ -71.040066, -32.032157 ], [ -71.041193, -32.032473 ], [ -71.041608, -32.033468 ], [ -71.041569, -32.035497 ], [ -71.042981, -32.038529 ], [ -71.043689, -32.04267 ], [ -71.045728, -32.046169 ], [ -71.046018, -32.047858 ], [ -71.045814, -32.048769 ], [ -71.044721, -32.050027 ], [ -71.041952, -32.051504 ], [ -71.040639, -32.052957 ], [ -71.04027, -32.053965 ], [ -71.040341, -32.05468 ], [ -71.041468, -32.057477 ], [ -71.041425, -32.058051 ], [ -71.040933, -32.058584 ], [ -71.038988, -32.059331 ], [ -71.037609, -32.060355 ], [ -71.034517, -32.066251 ], [ -71.033254, -32.067417 ], [ -71.030881, -32.068937 ], [ -71.030303, -32.070164 ], [ -71.030246, -32.072552 ], [ -71.031153, -32.073802 ], [ -71.03319, -32.074673 ], [ -71.037253, -32.075896 ], [ -71.038712, -32.074703 ], [ -71.039382, -32.074549 ], [ -71.042297, -32.074598 ], [ -71.045912, -32.075828 ], [ -71.051963, -32.080694 ], [ -71.057036, -32.083213 ], [ -71.061731, -32.087575 ], [ -71.06378, -32.088973 ], [ -71.064716, -32.090676 ], [ -71.065091, -32.092388 ], [ -71.065671, -32.093285 ], [ -71.067386, -32.094737 ], [ -71.068974, -32.095522 ], [ -71.071643, -32.095789 ], [ -71.076744, -32.098235 ], [ -71.079827, -32.09879 ], [ -71.084057, -32.10103 ], [ -71.087523, -32.103501 ], [ -71.090492, -32.105886 ], [ -71.097473, -32.113476 ], [ -71.098897, -32.114454 ], [ -71.100197, -32.11491 ], [ -71.101794, -32.116077 ], [ -71.102659, -32.117112 ], [ -71.104258, -32.120808 ], [ -71.105626, -32.123005 ], [ -71.10968, -32.126135 ], [ -71.112609, -32.129093 ], [ -71.114962, -32.130223 ], [ -71.120501, -32.132039 ], [ -71.121588, -32.132975 ], [ -71.1223, -32.134681 ], [ -71.122763, -32.13768 ], [ -71.123277, -32.138101 ], [ -71.124523, -32.138605 ], [ -71.126493, -32.138906 ], [ -71.13103, -32.138639 ], [ -71.132, -32.139338 ], [ -71.131649, -32.142327 ], [ -71.131761, -32.144759 ], [ -71.132349, -32.145895 ], [ -71.133782, -32.147207 ], [ -71.134134, -32.147869 ], [ -71.134538, -32.150774 ], [ -71.134722, -32.151439 ], [ -71.135178, -32.151765 ], [ -71.137823, -32.152102 ], [ -71.139519, -32.152646 ], [ -71.140189, -32.152539 ], [ -71.141786, -32.151271 ], [ -71.143303, -32.151341 ], [ -71.145012, -32.152458 ], [ -71.150146, -32.157262 ], [ -71.152079, -32.159412 ], [ -71.157355, -32.162506 ], [ -71.160691, -32.163947 ], [ -71.162845, -32.164285 ], [ -71.164635, -32.165518 ], [ -71.165636, -32.166593 ], [ -71.167585, -32.167583 ], [ -71.17514, -32.169124 ], [ -71.181967, -32.171203 ], [ -71.182093, -32.170665 ], [ -71.184353, -32.167356 ], [ -71.18723, -32.164521 ], [ -71.187494, -32.161754 ], [ -71.188007, -32.160201 ], [ -71.190654, -32.158142 ], [ -71.191165, -32.154201 ], [ -71.191696, -32.153396 ], [ -71.191371, -32.151295 ], [ -71.193585, -32.149571 ], [ -71.193983, -32.147657 ], [ -71.196026, -32.143946 ], [ -71.199551, -32.14126 ], [ -71.201378, -32.140274 ], [ -71.202444, -32.139086 ], [ -71.202328, -32.134268 ], [ -71.202815, -32.133544 ], [ -71.204305, -32.132516 ], [ -71.206144, -32.132054 ], [ -71.207574, -32.130884 ], [ -71.209362, -32.130713 ], [ -71.20985, -32.130424 ], [ -71.210579, -32.128726 ], [ -71.21155, -32.127913 ], [ -71.216554, -32.127825 ], [ -71.218769, -32.128442 ], [ -71.219415, -32.127869 ], [ -71.220833, -32.127329 ], [ -71.222433, -32.127535 ], [ -71.22461, -32.131185 ], [ -71.225932, -32.132781 ], [ -71.226473, -32.134251 ], [ -71.226626, -32.135967 ], [ -71.227254, -32.136385 ], [ -71.229446, -32.136585 ], [ -71.232964, -32.138241 ], [ -71.234128, -32.137696 ], [ -71.234634, -32.137734 ], [ -71.235092, -32.138108 ], [ -71.235732, -32.140221 ], [ -71.236191, -32.140642 ], [ -71.237821, -32.140756 ], [ -71.238843, -32.141263 ], [ -71.241551, -32.144222 ], [ -71.243022, -32.147011 ], [ -71.244319, -32.148564 ], [ -71.246832, -32.150065 ], [ -71.247128, -32.153149 ], [ -71.250205, -32.155247 ], [ -71.250785, -32.156454 ], [ -71.250818, -32.157764 ], [ -71.250066, -32.158527 ], [ -71.249862, -32.159185 ], [ -71.249998, -32.16246 ], [ -71.250692, -32.163852 ], [ -71.252372, -32.165039 ], [ -71.25266, -32.165549 ], [ -71.25285, -32.166575 ], [ -71.252625, -32.167982 ], [ -71.252874, -32.16898 ], [ -71.254167, -32.170314 ], [ -71.254878, -32.171508 ], [ -71.255747, -32.172217 ], [ -71.256434, -32.172446 ], [ -71.257565, -32.172281 ], [ -71.260347, -32.17001 ], [ -71.26175, -32.169357 ], [ -71.26382, -32.170431 ], [ -71.266718, -32.170572 ], [ -71.267062, -32.170711 ], [ -71.267856, -32.172966 ], [ -71.268621, -32.174062 ], [ -71.270582, -32.175331 ], [ -71.271531, -32.176955 ], [ -71.273039, -32.178231 ], [ -71.275383, -32.178913 ], [ -71.278317, -32.178185 ], [ -71.2798, -32.178877 ], [ -71.282779, -32.179062 ], [ -71.284034, -32.179898 ], [ -71.28488, -32.180074 ], [ -71.286591, -32.181188 ], [ -71.286886, -32.181756 ], [ -71.286862, -32.185287 ], [ -71.285844, -32.187215 ], [ -71.286, -32.188978 ], [ -71.286518, -32.189493 ], [ -71.289217, -32.190804 ], [ -71.29059, -32.19183 ], [ -71.293915, -32.19239 ], [ -71.296662, -32.192292 ], [ -71.300895, -32.191022 ], [ -71.30354, -32.191308 ], [ -71.307914, -32.19118 ], [ -71.311203, -32.190309 ], [ -71.313561, -32.191435 ], [ -71.31599, -32.192059 ], [ -71.317876, -32.193408 ], [ -71.320061, -32.195468 ], [ -71.324167, -32.198017 ], [ -71.328237, -32.199183 ], [ -71.330572, -32.200524 ], [ -71.335154, -32.200797 ], [ -71.337337, -32.202761 ], [ -71.338579, -32.203072 ], [ -71.341042, -32.202788 ], [ -71.341987, -32.202436 ], [ -71.34281, -32.201705 ], [ -71.343717, -32.199875 ], [ -71.344161, -32.199676 ], [ -71.346299, -32.199875 ], [ -71.347922, -32.199702 ], [ -71.350021, -32.198374 ], [ -71.350918, -32.198357 ], [ -71.353066, -32.198938 ], [ -71.353904, -32.198779 ], [ -71.355336, -32.19775 ], [ -71.355839, -32.197645 ], [ -71.357585, -32.197899 ], [ -71.36119, -32.199478 ], [ -71.363191, -32.20092 ], [ -71.363811, -32.201004 ], [ -71.364923, -32.200601 ], [ -71.366194, -32.199814 ], [ -71.3703, -32.200167 ], [ -71.371305, -32.199957 ], [ -71.372023, -32.199514 ], [ -71.372712, -32.197974 ], [ -71.375069, -32.195782 ], [ -71.376915, -32.195557 ], [ -71.378181, -32.194626 ], [ -71.380524, -32.194057 ], [ -71.38102, -32.193714 ], [ -71.383737, -32.193543 ], [ -71.384572, -32.193289 ], [ -71.385345, -32.192797 ], [ -71.38769, -32.190176 ], [ -71.388575, -32.189682 ], [ -71.390533, -32.189454 ], [ -71.394594, -32.190236 ], [ -71.396541, -32.189579 ], [ -71.401596, -32.189769 ], [ -71.403992, -32.189103 ], [ -71.405308, -32.189007 ], [ -71.408288, -32.189236 ], [ -71.409536, -32.189737 ], [ -71.409926, -32.189635 ], [ -71.410952, -32.188088 ], [ -71.412102, -32.187016 ], [ -71.413772, -32.186507 ], [ -71.417429, -32.186867 ], [ -71.419774, -32.18644 ], [ -71.422523, -32.186387 ], [ -71.423469, -32.186083 ], [ -71.430211, -32.183257 ], [ -71.432202, -32.182169 ], [ -71.43426, -32.181461 ], [ -71.434696, -32.180976 ], [ -71.435113, -32.177675 ], [ -71.436037, -32.17656 ], [ -71.437749, -32.175525 ], [ -71.438496, -32.174079 ], [ -71.43911, -32.173971 ], [ -71.440308, -32.174712 ], [ -71.441368, -32.1745 ], [ -71.44432, -32.17158 ], [ -71.446033, -32.170593 ], [ -71.446927, -32.170432 ], [ -71.450118, -32.171253 ], [ -71.452024, -32.171169 ], [ -71.453859, -32.17056 ], [ -71.455215, -32.168816 ], [ -71.455879, -32.168469 ], [ -71.458958, -32.168218 ], [ -71.460329, -32.167046 ], [ -71.460831, -32.166941 ], [ -71.463911, -32.166738 ], [ -71.46465, -32.167105 ], [ -71.466374, -32.166547 ], [ -71.467521, -32.165379 ], [ -71.467937, -32.164178 ], [ -71.468374, -32.16374 ], [ -71.469149, -32.163343 ], [ -71.471714, -32.162768 ], [ -71.473012, -32.162003 ], [ -71.474028, -32.16017 ], [ -71.475116, -32.158908 ], [ -71.47584, -32.156651 ], [ -71.47704, -32.155387 ], [ -71.477704, -32.15504 ], [ -71.478721, -32.155306 ], [ -71.481924, -32.157581 ], [ -71.484027, -32.15859 ], [ -71.486798, -32.159442 ], [ -71.48944, -32.159629 ], [ -71.491657, -32.158631 ], [ -71.492683, -32.159231 ], [ -71.49479, -32.162434 ], [ -71.494996, -32.16484 ], [ -71.494677, -32.167566 ], [ -71.494951, -32.169374 ], [ -71.497751, -32.17328 ], [ -71.497965, -32.174946 ], [ -71.499885, -32.176459 ], [ -71.50086, -32.179255 ], [ -71.501552, -32.179957 ], [ -71.503206, -32.180926 ], [ -71.506578, -32.181146 ], [ -71.508477, -32.180822 ], [ -71.510409, -32.179638 ], [ -71.511448, -32.178663 ], [ -71.512001, -32.178366 ], [ -71.51301, -32.178346 ], [ -71.514251, -32.17856 ], [ -71.517335, -32.18055 ], [ -71.519036, -32.181184 ], [ -71.521677, -32.181323 ], [ -71.525962, -32.180044 ], [ -71.530551, -32.179618 ], [ -71.532881, -32.178665 ], [ -71.535166, -32.178094 ], [ -71.539709, -32.177764 ], [ -71.540346, -32.178283 ], [ -71.541516, -32.177357 ], [ -71.541683, -32.177594 ], [ -71.541479, -32.177732 ], [ -71.541878, -32.177656 ], [ -71.541985, -32.178238 ], [ -71.54152, -32.178379 ], [ -71.541698, -32.178861 ], [ -71.541133, -32.179084 ], [ -71.541982, -32.179466 ], [ -71.541914, -32.179931 ], [ -71.541553, -32.17987 ], [ -71.541397, -32.180492 ], [ -71.540487, -32.180215 ], [ -71.540715, -32.181068 ], [ -71.54045, -32.181346 ], [ -71.54, -32.181357 ], [ -71.53976, -32.181849 ], [ -71.539295, -32.181738 ], [ -71.539137, -32.182175 ], [ -71.539557, -32.182422 ], [ -71.539338, -32.183173 ], [ -71.539766, -32.182964 ], [ -71.539801, -32.183365 ], [ -71.540376, -32.183295 ], [ -71.540354, -32.183879 ], [ -71.539833, -32.183578 ], [ -71.539253, -32.183839 ], [ -71.539193, -32.183524 ], [ -71.539124, -32.18374 ], [ -71.538249, -32.183821 ], [ -71.537755, -32.184543 ], [ -71.538069, -32.185237 ], [ -71.538483, -32.185378 ], [ -71.53832, -32.185765 ], [ -71.538566, -32.185646 ], [ -71.538534, -32.185987 ], [ -71.538918, -32.185892 ], [ -71.538942, -32.186203 ], [ -71.539254, -32.186309 ], [ -71.539315, -32.187723 ], [ -71.539714, -32.187487 ], [ -71.539784, -32.187872 ], [ -71.540182, -32.187827 ], [ -71.539982, -32.188406 ], [ -71.540469, -32.188655 ], [ -71.540654, -32.189384 ], [ -71.540467, -32.189714 ], [ -71.539679, -32.189261 ], [ -71.539313, -32.189392 ], [ -71.53905, -32.189852 ], [ -71.539352, -32.190601 ], [ -71.539098, -32.190876 ], [ -71.539497, -32.191055 ], [ -71.538864, -32.191736 ], [ -71.539171, -32.192476 ], [ -71.539714, -32.19288 ], [ -71.539598, -32.193144 ], [ -71.53981, -32.192968 ], [ -71.540283, -32.193317 ], [ -71.539978, -32.193899 ], [ -71.540077, -32.194259 ], [ -71.540388, -32.194144 ], [ -71.540463, -32.194407 ], [ -71.540131, -32.194488 ], [ -71.539955, -32.194289 ], [ -71.539929, -32.194498 ], [ -71.540466, -32.194616 ], [ -71.540167, -32.195307 ], [ -71.540743, -32.195712 ], [ -71.540599, -32.196607 ], [ -71.540303, -32.196636 ], [ -71.539442, -32.195872 ], [ -71.538671, -32.196258 ], [ -71.538755, -32.196651 ], [ -71.538258, -32.195948 ], [ -71.537872, -32.196346 ], [ -71.537436, -32.195899 ], [ -71.537439, -32.196745 ], [ -71.537141, -32.196285 ], [ -71.536606, -32.196434 ], [ -71.536648, -32.197423 ], [ -71.536585, -32.197157 ], [ -71.536438, -32.197458 ], [ -71.536382, -32.197121 ], [ -71.536118, -32.19713 ], [ -71.535015, -32.19802 ], [ -71.535039, -32.198582 ], [ -71.534438, -32.198691 ], [ -71.534404, -32.198915 ], [ -71.533868, -32.198732 ], [ -71.533656, -32.198951 ], [ -71.533679, -32.199388 ], [ -71.533939, -32.199425 ], [ -71.533618, -32.19962 ], [ -71.533961, -32.199733 ], [ -71.533573, -32.199863 ], [ -71.534068, -32.200211 ], [ -71.533599, -32.20068 ], [ -71.53401, -32.2009 ], [ -71.533583, -32.201261 ], [ -71.533816, -32.201628 ], [ -71.534132, -32.20161 ], [ -71.533497, -32.202014 ], [ -71.5337, -32.202515 ], [ -71.533942, -32.202512 ], [ -71.533754, -32.202773 ], [ -71.533996, -32.203026 ], [ -71.533549, -32.203128 ], [ -71.533726, -32.203389 ], [ -71.53351, -32.203502 ], [ -71.534114, -32.204317 ], [ -71.533513, -32.205277 ], [ -71.533598, -32.205439 ], [ -71.534016, -32.205295 ], [ -71.533636, -32.205766 ], [ -71.533984, -32.205488 ], [ -71.534195, -32.205758 ], [ -71.53398, -32.206095 ], [ -71.533728, -32.205961 ], [ -71.533778, -32.206283 ], [ -71.53325, -32.20702 ], [ -71.532731, -32.207093 ], [ -71.532542, -32.206884 ], [ -71.532307, -32.207235 ], [ -71.532273, -32.206801 ], [ -71.531813, -32.206945 ], [ -71.531692, -32.20651 ], [ -71.530782, -32.206286 ], [ -71.530671, -32.206505 ], [ -71.530449, -32.206293 ], [ -71.530329, -32.206437 ], [ -71.530368, -32.205819 ], [ -71.530162, -32.205688 ], [ -71.529912, -32.205882 ], [ -71.530015, -32.205633 ], [ -71.529742, -32.205475 ], [ -71.529521, -32.206444 ], [ -71.529252, -32.20659 ], [ -71.529071, -32.206252 ], [ -71.528965, -32.206786 ], [ -71.528912, -32.206618 ], [ -71.528623, -32.206984 ], [ -71.528492, -32.206843 ], [ -71.528432, -32.207234 ], [ -71.528026, -32.207341 ], [ -71.527477, -32.206892 ], [ -71.527249, -32.206994 ], [ -71.527252, -32.206756 ], [ -71.527067, -32.206906 ], [ -71.527051, -32.206562 ], [ -71.526477, -32.207346 ], [ -71.525822, -32.207779 ], [ -71.525401, -32.207487 ], [ -71.525037, -32.208061 ], [ -71.525074, -32.208356 ], [ -71.525556, -32.208414 ], [ -71.525441, -32.208629 ], [ -71.525898, -32.208698 ], [ -71.525664, -32.209316 ], [ -71.526229, -32.209146 ], [ -71.526518, -32.209337 ], [ -71.52642, -32.209566 ], [ -71.525578, -32.209442 ], [ -71.526425, -32.209655 ], [ -71.526444, -32.209943 ], [ -71.525855, -32.210561 ], [ -71.525588, -32.211443 ], [ -71.525277, -32.211117 ], [ -71.52532, -32.21164 ], [ -71.524733, -32.21129 ], [ -71.525263, -32.212161 ], [ -71.525046, -32.2125 ], [ -71.52489, -32.212181 ], [ -71.524482, -32.212327 ], [ -71.524604, -32.212942 ], [ -71.524391, -32.213065 ], [ -71.524582, -32.213083 ], [ -71.524202, -32.213509 ], [ -71.52436, -32.213749 ], [ -71.524684, -32.213606 ], [ -71.524737, -32.213923 ], [ -71.52413, -32.2144 ], [ -71.524513, -32.214637 ], [ -71.523986, -32.214586 ], [ -71.523773, -32.214864 ], [ -71.524284, -32.215318 ], [ -71.524526, -32.215132 ], [ -71.524668, -32.21547 ], [ -71.524716, -32.21568 ], [ -71.524437, -32.215506 ], [ -71.524438, -32.215698 ], [ -71.524786, -32.215817 ], [ -71.524685, -32.216149 ], [ -71.52488, -32.216184 ], [ -71.524414, -32.216913 ], [ -71.524677, -32.217138 ], [ -71.525374, -32.217104 ], [ -71.525791, -32.21635 ], [ -71.526671, -32.21643 ], [ -71.526039, -32.216816 ], [ -71.526137, -32.216993 ], [ -71.52665, -32.216856 ], [ -71.526223, -32.217261 ], [ -71.526489, -32.217174 ], [ -71.526407, -32.217566 ], [ -71.525785, -32.217398 ], [ -71.525715, -32.217741 ], [ -71.525983, -32.217843 ], [ -71.525562, -32.218014 ], [ -71.525956, -32.218591 ], [ -71.526244, -32.21826 ], [ -71.526323, -32.218805 ], [ -71.526096, -32.218951 ], [ -71.525664, -32.218774 ], [ -71.525771, -32.219493 ], [ -71.525415, -32.219661 ], [ -71.525462, -32.220114 ], [ -71.524829, -32.220711 ], [ -71.524942, -32.22098 ], [ -71.525209, -32.220905 ], [ -71.524621, -32.221977 ], [ -71.524237, -32.221576 ], [ -71.523801, -32.22163 ], [ -71.524029, -32.221986 ], [ -71.523655, -32.222564 ], [ -71.52387, -32.222572 ], [ -71.523173, -32.22296 ], [ -71.524024, -32.223334 ], [ -71.522966, -32.22329 ], [ -71.523114, -32.223528 ], [ -71.523823, -32.223545 ], [ -71.523613, -32.223861 ], [ -71.524382, -32.223729 ], [ -71.522991, -32.22438 ], [ -71.522967, -32.224644 ], [ -71.524581, -32.224096 ], [ -71.524684, -32.224344 ], [ -71.52331, -32.225309 ], [ -71.523293, -32.225514 ], [ -71.523697, -32.225472 ], [ -71.523494, -32.225791 ], [ -71.522176, -32.225677 ], [ -71.522237, -32.225985 ], [ -71.5226, -32.226011 ], [ -71.522285, -32.226263 ], [ -71.522017, -32.226113 ], [ -71.520797, -32.226942 ], [ -71.520854, -32.226784 ], [ -71.520453, -32.227499 ], [ -71.520912, -32.227943 ], [ -71.52162, -32.227972 ], [ -71.522459, -32.229117 ], [ -71.522166, -32.23017 ], [ -71.522583, -32.230207 ], [ -71.521335, -32.231041 ], [ -71.522724, -32.2307 ], [ -71.522746, -32.23106 ], [ -71.522221, -32.231572 ], [ -71.523516, -32.231612 ], [ -71.52339, -32.23196 ], [ -71.523749, -32.231827 ], [ -71.523864, -32.23203 ], [ -71.524103, -32.231558 ], [ -71.524736, -32.231367 ], [ -71.524958, -32.231795 ], [ -71.524415, -32.23201 ], [ -71.524569, -32.232262 ], [ -71.524114, -32.232239 ], [ -71.524241, -32.232719 ], [ -71.523816, -32.233065 ], [ -71.523884, -32.233567 ], [ -71.524315, -32.233751 ], [ -71.525236, -32.233256 ], [ -71.525037, -32.233688 ], [ -71.525313, -32.233704 ], [ -71.52545, -32.234103 ], [ -71.525955, -32.234026 ], [ -71.525879, -32.234273 ], [ -71.526364, -32.234236 ], [ -71.52629, -32.234566 ], [ -71.526705, -32.234386 ], [ -71.527252, -32.234644 ], [ -71.526849, -32.234891 ], [ -71.527281, -32.235105 ], [ -71.527175, -32.235518 ], [ -71.526443, -32.236309 ], [ -71.526115, -32.236448 ], [ -71.525636, -32.236205 ], [ -71.525674, -32.236542 ], [ -71.525181, -32.236681 ], [ -71.52546, -32.23681 ], [ -71.525217, -32.236892 ], [ -71.525086, -32.236791 ], [ -71.52487, -32.23756 ], [ -71.524723, -32.237252 ], [ -71.524289, -32.237669 ], [ -71.52415, -32.237494 ], [ -71.523562, -32.237805 ], [ -71.523791, -32.238511 ], [ -71.52306, -32.238925 ], [ -71.522413, -32.238879 ], [ -71.522862, -32.238999 ], [ -71.522546, -32.239045 ], [ -71.522578, -32.239232 ], [ -71.523089, -32.239262 ], [ -71.522773, -32.239447 ], [ -71.522121, -32.239323 ], [ -71.522743, -32.23982 ], [ -71.523295, -32.23983 ], [ -71.523496, -32.24006 ], [ -71.523331, -32.240315 ], [ -71.523863, -32.240518 ], [ -71.523833, -32.240775 ], [ -71.524791, -32.240098 ], [ -71.524975, -32.240224 ], [ -71.524754, -32.240537 ], [ -71.525309, -32.240578 ], [ -71.524842, -32.240963 ], [ -71.525784, -32.240899 ], [ -71.524823, -32.241258 ], [ -71.524987, -32.241383 ], [ -71.524734, -32.24151 ], [ -71.524532, -32.241323 ], [ -71.5247, -32.241026 ], [ -71.524155, -32.240722 ], [ -71.524108, -32.241159 ], [ -71.523732, -32.241377 ], [ -71.523531, -32.241152 ], [ -71.52347, -32.241509 ], [ -71.523338, -32.2408 ], [ -71.522966, -32.241116 ], [ -71.522707, -32.240906 ], [ -71.523219, -32.240359 ], [ -71.52256, -32.240621 ], [ -71.5223, -32.24044 ], [ -71.522469, -32.240094 ], [ -71.522289, -32.240214 ], [ -71.521943, -32.23991 ], [ -71.52126, -32.240692 ], [ -71.521057, -32.240579 ], [ -71.520701, -32.241311 ], [ -71.520385, -32.241408 ], [ -71.52011, -32.241053 ], [ -71.519077, -32.241061 ], [ -71.51865, -32.241971 ], [ -71.51857, -32.241736 ], [ -71.517582, -32.241609 ], [ -71.517158, -32.242579 ], [ -71.516728, -32.242719 ], [ -71.517042, -32.243115 ], [ -71.516466, -32.242895 ], [ -71.516476, -32.243467 ], [ -71.515596, -32.243259 ], [ -71.515391, -32.243451 ], [ -71.515163, -32.243195 ], [ -71.514736, -32.243263 ], [ -71.514735, -32.242891 ], [ -71.514405, -32.242824 ], [ -71.51422, -32.242423 ], [ -71.513559, -32.242731 ], [ -71.513221, -32.242501 ], [ -71.51347, -32.242346 ], [ -71.512908, -32.242267 ], [ -71.513148, -32.242051 ], [ -71.512847, -32.241995 ], [ -71.512677, -32.241571 ], [ -71.512143, -32.241523 ], [ -71.512286, -32.241304 ], [ -71.510987, -32.239986 ], [ -71.51216, -32.239053 ], [ -71.511142, -32.238003 ], [ -71.51001, -32.237408 ], [ -71.506035, -32.237016 ], [ -71.500938, -32.238194 ], [ -71.49842, -32.239426 ], [ -71.498417, -32.239968 ], [ -71.498668, -32.239927 ], [ -71.498602, -32.240361 ], [ -71.498944, -32.24068 ], [ -71.498889, -32.24086 ], [ -71.498665, -32.240707 ], [ -71.498794, -32.241019 ], [ -71.498448, -32.241305 ], [ -71.49863, -32.241398 ], [ -71.498616, -32.242215 ], [ -71.49848, -32.242032 ], [ -71.498521, -32.241502 ], [ -71.49821, -32.241889 ], [ -71.498123, -32.241438 ], [ -71.497278, -32.241929 ], [ -71.49726, -32.241608 ], [ -71.496895, -32.241564 ], [ -71.496957, -32.242136 ], [ -71.496603, -32.242416 ], [ -71.496762, -32.242187 ], [ -71.496325, -32.242196 ], [ -71.496253, -32.241851 ], [ -71.495932, -32.241793 ], [ -71.495603, -32.242216 ], [ -71.495531, -32.241811 ], [ -71.495142, -32.241689 ], [ -71.4945, -32.24343 ], [ -71.494248, -32.24323 ], [ -71.494434, -32.242942 ], [ -71.494215, -32.243142 ], [ -71.494146, -32.242827 ], [ -71.493864, -32.242945 ], [ -71.494087, -32.243213 ], [ -71.493941, -32.244005 ], [ -71.493871, -32.243594 ], [ -71.493749, -32.24392 ], [ -71.493505, -32.243624 ], [ -71.493371, -32.244055 ], [ -71.4933, -32.244039 ], [ -71.493349, -32.24385 ], [ -71.492845, -32.244226 ], [ -71.492905, -32.244851 ], [ -71.491869, -32.245264 ], [ -71.491767, -32.245882 ], [ -71.491635, -32.245431 ], [ -71.491378, -32.245684 ], [ -71.491028, -32.245582 ], [ -71.490741, -32.245879 ], [ -71.490834, -32.246715 ], [ -71.490694, -32.246362 ], [ -71.490574, -32.246885 ], [ -71.490367, -32.246415 ], [ -71.490259, -32.246931 ], [ -71.489825, -32.246923 ], [ -71.490094, -32.247824 ], [ -71.489787, -32.248242 ], [ -71.489754, -32.247782 ], [ -71.489398, -32.247823 ], [ -71.489293, -32.248122 ], [ -71.489171, -32.2477 ], [ -71.489073, -32.248054 ], [ -71.488815, -32.247749 ], [ -71.488409, -32.248142 ], [ -71.48869, -32.24898 ], [ -71.48833, -32.249089 ], [ -71.488801, -32.249405 ], [ -71.488874, -32.250144 ], [ -71.488646, -32.250071 ], [ -71.488461, -32.250336 ], [ -71.488142, -32.250078 ], [ -71.487189, -32.250472 ], [ -71.48679, -32.251117 ], [ -71.487112, -32.251673 ], [ -71.486884, -32.251539 ], [ -71.486879, -32.252361 ], [ -71.486162, -32.251909 ], [ -71.486049, -32.252258 ], [ -71.485804, -32.25215 ], [ -71.485825, -32.252438 ], [ -71.485547, -32.252277 ], [ -71.485504, -32.252547 ], [ -71.485111, -32.252533 ], [ -71.485242, -32.253698 ], [ -71.48477, -32.253971 ], [ -71.484828, -32.254474 ], [ -71.484047, -32.254514 ], [ -71.483979, -32.254999 ], [ -71.483757, -32.254922 ], [ -71.479315, -32.259066 ], [ -71.478427, -32.261211 ], [ -71.476403, -32.26397 ], [ -71.475635, -32.266052 ], [ -71.475075, -32.266485 ], [ -71.473349, -32.2701 ], [ -71.471024, -32.273968 ], [ -71.471166, -32.275343 ], [ -71.472264, -32.276658 ], [ -71.472175, -32.277428 ], [ -71.472937, -32.277688 ], [ -71.473081, -32.278198 ], [ -71.473338, -32.278242 ], [ -71.473153, -32.278404 ], [ -71.473445, -32.278618 ], [ -71.473434, -32.279268 ], [ -71.474003, -32.279531 ], [ -71.474087, -32.279921 ], [ -71.473656, -32.280716 ], [ -71.47416, -32.280807 ], [ -71.473667, -32.281026 ], [ -71.47386, -32.281113 ], [ -71.47363, -32.28143 ], [ -71.473921, -32.281601 ], [ -71.473606, -32.281661 ], [ -71.473848, -32.28185 ], [ -71.473665, -32.281809 ], [ -71.473761, -32.282055 ], [ -71.473497, -32.281823 ], [ -71.473379, -32.282089 ], [ -71.473732, -32.282203 ], [ -71.473748, -32.282565 ], [ -71.47356, -32.282622 ], [ -71.473466, -32.282413 ], [ -71.473085, -32.282746 ], [ -71.473252, -32.283017 ], [ -71.473824, -32.283122 ], [ -71.473223, -32.283218 ], [ -71.472964, -32.282954 ], [ -71.472961, -32.283025 ], [ -71.473178, -32.283356 ], [ -71.472807, -32.283154 ], [ -71.472824, -32.283508 ], [ -71.47218, -32.283854 ], [ -71.47274, -32.284823 ], [ -71.473327, -32.285137 ], [ -71.472311, -32.285929 ], [ -71.472267, -32.286648 ], [ -71.472736, -32.287495 ], [ -71.472986, -32.287596 ], [ -71.473526, -32.287304 ], [ -71.473653, -32.28762 ], [ -71.474753, -32.287943 ], [ -71.475606, -32.288431 ], [ -71.475767, -32.288616 ], [ -71.475493, -32.288706 ], [ -71.475745, -32.288727 ], [ -71.475787, -32.289099 ], [ -71.476195, -32.289393 ], [ -71.476357, -32.289269 ], [ -71.476668, -32.289674 ], [ -71.476053, -32.289618 ], [ -71.475932, -32.290055 ], [ -71.475042, -32.290583 ], [ -71.475212, -32.291087 ], [ -71.474853, -32.291052 ], [ -71.474621, -32.291534 ], [ -71.47487, -32.291876 ], [ -71.474273, -32.292286 ], [ -71.474441, -32.292666 ], [ -71.473782, -32.29317 ], [ -71.47432, -32.293898 ], [ -71.474096, -32.29396 ], [ -71.474257, -32.294171 ], [ -71.473861, -32.294249 ], [ -71.474448, -32.295699 ], [ -71.474037, -32.295643 ], [ -71.474249, -32.295961 ], [ -71.474013, -32.296201 ], [ -71.47425, -32.296591 ], [ -71.474792, -32.296611 ], [ -71.474574, -32.296789 ], [ -71.475006, -32.297353 ], [ -71.474894, -32.297704 ], [ -71.474372, -32.297622 ], [ -71.474607, -32.298256 ], [ -71.474103, -32.298806 ], [ -71.473763, -32.29883 ], [ -71.473943, -32.298995 ], [ -71.473443, -32.299521 ], [ -71.474009, -32.300298 ], [ -71.474288, -32.301492 ], [ -71.47456, -32.301486 ], [ -71.474772, -32.302737 ], [ -71.475405, -32.303322 ], [ -71.47437, -32.303451 ], [ -71.474954, -32.303827 ], [ -71.474627, -32.304189 ], [ -71.474899, -32.304695 ], [ -71.474651, -32.304957 ], [ -71.474794, -32.305469 ], [ -71.475179, -32.305594 ], [ -71.474601, -32.306093 ], [ -71.475209, -32.30625 ], [ -71.474705, -32.306421 ], [ -71.474263, -32.306254 ], [ -71.473941, -32.306465 ], [ -71.474186, -32.307097 ], [ -71.473971, -32.307302 ], [ -71.473997, -32.308266 ], [ -71.473684, -32.308152 ], [ -71.473666, -32.308522 ], [ -71.473012, -32.308646 ], [ -71.473027, -32.309466 ], [ -71.472644, -32.309332 ], [ -71.472317, -32.309948 ], [ -71.472908, -32.310273 ], [ -71.472898, -32.310507 ], [ -71.473177, -32.310422 ], [ -71.473261, -32.310804 ], [ -71.473951, -32.310825 ], [ -71.473725, -32.311271 ], [ -71.474133, -32.311489 ], [ -71.473892, -32.311668 ], [ -71.473995, -32.311735 ], [ -71.474155, -32.311588 ], [ -71.474328, -32.311661 ], [ -71.474201, -32.311923 ], [ -71.474722, -32.312309 ], [ -71.474446, -32.312294 ], [ -71.474436, -32.312503 ], [ -71.474864, -32.312595 ], [ -71.474713, -32.312738 ], [ -71.475037, -32.312903 ], [ -71.47482, -32.313239 ], [ -71.475047, -32.313281 ], [ -71.474386, -32.31343 ], [ -71.473883, -32.313903 ], [ -71.473487, -32.313793 ], [ -71.473473, -32.314561 ], [ -71.47302, -32.31467 ], [ -71.473292, -32.315293 ], [ -71.47301, -32.315582 ], [ -71.473483, -32.315924 ], [ -71.473105, -32.316466 ], [ -71.473323, -32.316862 ], [ -71.473139, -32.317117 ], [ -71.473328, -32.317624 ], [ -71.473784, -32.317916 ], [ -71.473606, -32.318208 ], [ -71.473915, -32.318341 ], [ -71.473278, -32.318674 ], [ -71.473478, -32.319101 ], [ -71.474649, -32.319624 ], [ -71.47374, -32.319946 ], [ -71.473959, -32.320241 ], [ -71.473269, -32.320548 ], [ -71.473178, -32.321029 ], [ -71.472994, -32.321048 ], [ -71.472733, -32.320908 ], [ -71.472455, -32.321264 ], [ -71.472796, -32.321854 ], [ -71.47245, -32.321905 ], [ -71.472643, -32.322224 ], [ -71.472535, -32.322448 ], [ -71.472155, -32.322424 ], [ -71.472164, -32.322723 ], [ -71.472937, -32.323723 ], [ -71.472439, -32.323831 ], [ -71.473158, -32.324178 ], [ -71.47245, -32.324594 ], [ -71.472299, -32.325177 ], [ -71.472488, -32.325366 ], [ -71.471783, -32.326237 ], [ -71.472169, -32.326291 ], [ -71.47196, -32.326575 ], [ -71.472475, -32.326393 ], [ -71.472344, -32.326752 ], [ -71.473099, -32.327084 ], [ -71.472773, -32.327486 ], [ -71.473295, -32.328051 ], [ -71.473135, -32.328307 ], [ -71.473447, -32.328496 ], [ -71.473177, -32.328628 ], [ -71.473446, -32.328529 ], [ -71.474052, -32.329181 ], [ -71.474492, -32.329275 ], [ -71.474365, -32.32954 ], [ -71.474109, -32.32939 ], [ -71.474117, -32.329712 ], [ -71.473797, -32.329569 ], [ -71.473621, -32.329829 ], [ -71.47334, -32.329773 ], [ -71.47352, -32.330251 ], [ -71.473179, -32.330357 ], [ -71.473283, -32.330994 ], [ -71.474137, -32.331411 ], [ -71.473416, -32.331903 ], [ -71.473946, -32.33286 ], [ -71.474465, -32.332916 ], [ -71.474507, -32.333844 ], [ -71.47482, -32.33427 ], [ -71.474379, -32.33424 ], [ -71.474636, -32.334497 ], [ -71.474486, -32.334903 ], [ -71.475263, -32.335251 ], [ -71.474565, -32.335301 ], [ -71.474308, -32.336136 ], [ -71.474502, -32.336332 ], [ -71.474183, -32.33671 ], [ -71.473941, -32.336504 ], [ -71.473629, -32.336669 ], [ -71.473689, -32.337287 ], [ -71.473201, -32.338126 ], [ -71.473522, -32.338802 ], [ -71.47279, -32.339163 ], [ -71.473226, -32.339332 ], [ -71.473012, -32.339698 ], [ -71.473162, -32.340038 ], [ -71.472615, -32.340439 ], [ -71.471352, -32.340602 ], [ -71.470911, -32.340918 ], [ -71.470868, -32.341292 ], [ -71.470334, -32.341359 ], [ -71.470701, -32.341639 ], [ -71.470143, -32.342282 ], [ -71.47034, -32.343472 ], [ -71.470591, -32.343631 ], [ -71.470378, -32.344105 ], [ -71.470675, -32.344463 ], [ -71.470393, -32.344576 ], [ -71.470483, -32.344665 ], [ -71.470877, -32.344599 ], [ -71.470838, -32.345063 ], [ -71.470412, -32.345412 ], [ -71.470319, -32.345131 ], [ -71.470119, -32.345669 ], [ -71.469612, -32.345859 ], [ -71.469794, -32.346219 ], [ -71.468901, -32.346336 ], [ -71.468882, -32.345827 ], [ -71.468448, -32.345794 ], [ -71.468748, -32.345382 ], [ -71.468302, -32.345476 ], [ -71.467703, -32.344909 ], [ -71.467187, -32.345186 ], [ -71.466913, -32.344647 ], [ -71.467166, -32.344474 ], [ -71.466637, -32.344204 ], [ -71.466121, -32.344445 ], [ -71.465271, -32.344292 ], [ -71.465397, -32.34462 ], [ -71.465064, -32.344885 ], [ -71.464872, -32.344603 ], [ -71.463967, -32.344339 ], [ -71.462372, -32.344953 ], [ -71.462322, -32.34524 ], [ -71.462745, -32.345681 ], [ -71.461565, -32.345629 ], [ -71.461494, -32.346509 ], [ -71.461806, -32.346526 ], [ -71.461517, -32.346717 ], [ -71.459979, -32.345711 ], [ -71.459539, -32.346033 ], [ -71.459288, -32.345898 ], [ -71.459932, -32.34557 ], [ -71.459722, -32.34487 ], [ -71.460306, -32.344573 ], [ -71.460192, -32.344195 ], [ -71.459744, -32.343732 ], [ -71.457977, -32.342946 ], [ -71.455954, -32.342738 ], [ -71.452851, -32.3434 ], [ -71.450144, -32.344805 ], [ -71.447058, -32.34812 ], [ -71.445812, -32.348913 ], [ -71.442267, -32.352626 ], [ -71.44159, -32.35417 ], [ -71.441895, -32.355139 ], [ -71.441597, -32.355272 ], [ -71.442013, -32.355317 ], [ -71.44127, -32.355777 ], [ -71.441648, -32.356542 ], [ -71.441245, -32.356755 ], [ -71.440503, -32.356261 ], [ -71.440498, -32.356649 ], [ -71.440258, -32.356681 ], [ -71.440508, -32.357095 ], [ -71.439838, -32.356669 ], [ -71.439529, -32.356742 ], [ -71.439801, -32.357076 ], [ -71.439323, -32.35735 ], [ -71.439784, -32.357307 ], [ -71.439296, -32.35745 ], [ -71.439862, -32.357683 ], [ -71.439035, -32.358186 ], [ -71.43906, -32.357633 ], [ -71.438095, -32.358576 ], [ -71.438204, -32.359012 ], [ -71.437745, -32.359283 ], [ -71.43787, -32.359609 ], [ -71.438279, -32.359696 ], [ -71.438226, -32.359942 ], [ -71.438415, -32.359867 ], [ -71.438375, -32.360282 ], [ -71.43759, -32.360236 ], [ -71.437009, -32.360852 ], [ -71.43696, -32.361903 ], [ -71.437345, -32.361933 ], [ -71.437322, -32.362478 ], [ -71.437658, -32.362677 ], [ -71.437943, -32.362542 ], [ -71.437645, -32.362858 ], [ -71.437304, -32.362746 ], [ -71.437193, -32.363538 ], [ -71.436824, -32.363363 ], [ -71.43671, -32.36369 ], [ -71.435948, -32.363798 ], [ -71.436096, -32.363638 ], [ -71.435262, -32.363079 ], [ -71.434769, -32.363297 ], [ -71.434661, -32.364051 ], [ -71.434404, -32.36359 ], [ -71.43374, -32.36333 ], [ -71.433997, -32.363886 ], [ -71.433765, -32.364024 ], [ -71.433277, -32.363529 ], [ -71.433413, -32.362859 ], [ -71.43318, -32.362304 ], [ -71.432115, -32.362138 ], [ -71.428514, -32.363134 ], [ -71.427505, -32.363927 ], [ -71.422257, -32.370101 ], [ -71.421428, -32.371476 ], [ -71.413878, -32.380995 ], [ -71.410088, -32.387084 ], [ -71.407566, -32.392898 ], [ -71.406881, -32.395986 ], [ -71.406938, -32.402061 ], [ -71.407559, -32.404152 ], [ -71.408764, -32.407638 ], [ -71.410304, -32.410387 ], [ -71.412026, -32.41085 ], [ -71.413094, -32.41209 ], [ -71.413727, -32.412192 ], [ -71.414263, -32.412043 ], [ -71.4147, -32.411123 ], [ -71.415474, -32.41069 ], [ -71.416044, -32.411499 ], [ -71.416175, -32.410965 ], [ -71.416579, -32.411107 ], [ -71.416721, -32.410896 ], [ -71.417519, -32.411816 ], [ -71.418807, -32.411615 ], [ -71.418856, -32.411287 ], [ -71.41954, -32.411074 ], [ -71.419764, -32.410724 ], [ -71.420028, -32.410749 ], [ -71.419928, -32.411187 ], [ -71.420253, -32.411359 ], [ -71.42072, -32.410441 ], [ -71.421671, -32.410555 ], [ -71.422055, -32.409863 ], [ -71.423155, -32.409509 ], [ -71.42367, -32.409785 ], [ -71.424098, -32.410548 ], [ -71.42391, -32.411036 ], [ -71.424743, -32.410734 ], [ -71.424917, -32.411231 ], [ -71.424426, -32.411292 ], [ -71.424772, -32.411691 ], [ -71.42471, -32.411355 ], [ -71.425056, -32.411633 ], [ -71.424828, -32.411865 ], [ -71.424943, -32.412331 ], [ -71.425831, -32.411675 ], [ -71.425855, -32.412141 ], [ -71.426117, -32.412071 ], [ -71.425993, -32.412553 ], [ -71.425437, -32.412664 ], [ -71.425642, -32.413857 ], [ -71.426704, -32.413329 ], [ -71.42693, -32.413785 ], [ -71.426493, -32.414757 ], [ -71.426782, -32.414896 ], [ -71.427097, -32.414368 ], [ -71.427281, -32.414438 ], [ -71.426993, -32.415052 ], [ -71.427171, -32.414964 ], [ -71.427355, -32.415254 ], [ -71.427147, -32.415763 ], [ -71.427554, -32.415531 ], [ -71.427187, -32.416666 ], [ -71.42756, -32.417042 ], [ -71.427826, -32.418299 ], [ -71.427167, -32.419616 ], [ -71.427648, -32.419452 ], [ -71.427659, -32.419774 ], [ -71.426836, -32.420939 ], [ -71.425338, -32.422076 ], [ -71.425889, -32.422014 ], [ -71.426, -32.422337 ], [ -71.425137, -32.422803 ], [ -71.425748, -32.423097 ], [ -71.426287, -32.42411 ], [ -71.426767, -32.423644 ], [ -71.427008, -32.424189 ], [ -71.427241, -32.423457 ], [ -71.427202, -32.423637 ], [ -71.427653, -32.423426 ], [ -71.427731, -32.423858 ], [ -71.428447, -32.423657 ], [ -71.42833, -32.423943 ], [ -71.428678, -32.424204 ], [ -71.428823, -32.425144 ], [ -71.428008, -32.425984 ], [ -71.428391, -32.42588 ], [ -71.428494, -32.426326 ], [ -71.429154, -32.426325 ], [ -71.428845, -32.426464 ], [ -71.428861, -32.427369 ], [ -71.42908, -32.426963 ], [ -71.42915, -32.427115 ], [ -71.429539, -32.426932 ], [ -71.429633, -32.428171 ], [ -71.429102, -32.428489 ], [ -71.42943, -32.429243 ], [ -71.428982, -32.430233 ], [ -71.429477, -32.429976 ], [ -71.429675, -32.430235 ], [ -71.428796, -32.430703 ], [ -71.428948, -32.430356 ], [ -71.428336, -32.430933 ], [ -71.428567, -32.430845 ], [ -71.428413, -32.431036 ], [ -71.429025, -32.431184 ], [ -71.428314, -32.431581 ], [ -71.428647, -32.431795 ], [ -71.428383, -32.431786 ], [ -71.428246, -32.431603 ], [ -71.42822, -32.431985 ], [ -71.427735, -32.432046 ], [ -71.428385, -32.432178 ], [ -71.428537, -32.432563 ], [ -71.428523, -32.43273 ], [ -71.427854, -32.43287 ], [ -71.428335, -32.433254 ], [ -71.427951, -32.433719 ], [ -71.428533, -32.433465 ], [ -71.428932, -32.433618 ], [ -71.428632, -32.434006 ], [ -71.428234, -32.433966 ], [ -71.428453, -32.434148 ], [ -71.427957, -32.434191 ], [ -71.428433, -32.434322 ], [ -71.428637, -32.435771 ], [ -71.428811, -32.435602 ], [ -71.428903, -32.435822 ], [ -71.428693, -32.436428 ], [ -71.428344, -32.436577 ], [ -71.428086, -32.436366 ], [ -71.427839, -32.43673 ], [ -71.427513, -32.436592 ], [ -71.427604, -32.437022 ], [ -71.427107, -32.437161 ], [ -71.427366, -32.437502 ], [ -71.427221, -32.437801 ], [ -71.427982, -32.437766 ], [ -71.428074, -32.438018 ], [ -71.427407, -32.438435 ], [ -71.427941, -32.438401 ], [ -71.427445, -32.438685 ], [ -71.42787, -32.438924 ], [ -71.427509, -32.439021 ], [ -71.427727, -32.439077 ], [ -71.427685, -32.439472 ], [ -71.426829, -32.439618 ], [ -71.427003, -32.440226 ], [ -71.427104, -32.440013 ], [ -71.427523, -32.440386 ], [ -71.427312, -32.440261 ], [ -71.427297, -32.440547 ], [ -71.427071, -32.440368 ], [ -71.427258, -32.44071 ], [ -71.426949, -32.440599 ], [ -71.42694, -32.441369 ], [ -71.427085, -32.44113 ], [ -71.427315, -32.441675 ], [ -71.426951, -32.442143 ], [ -71.426586, -32.442161 ], [ -71.426409, -32.442755 ], [ -71.426611, -32.442765 ], [ -71.426372, -32.442903 ], [ -71.42667, -32.442922 ], [ -71.426688, -32.443178 ], [ -71.426165, -32.443652 ], [ -71.426412, -32.444169 ], [ -71.42607, -32.444534 ], [ -71.426952, -32.445199 ], [ -71.426747, -32.445339 ], [ -71.427541, -32.446838 ], [ -71.429571, -32.447904 ], [ -71.430621, -32.447945 ], [ -71.430854, -32.447537 ], [ -71.430909, -32.447734 ], [ -71.430933, -32.447492 ], [ -71.431302, -32.447385 ], [ -71.431741, -32.447718 ], [ -71.432237, -32.447152 ], [ -71.433202, -32.447341 ], [ -71.43314, -32.446952 ], [ -71.43379, -32.447563 ], [ -71.433893, -32.447413 ], [ -71.434102, -32.447608 ], [ -71.43363, -32.447744 ], [ -71.434169, -32.448417 ], [ -71.433745, -32.448688 ], [ -71.435135, -32.44902 ], [ -71.434678, -32.449608 ], [ -71.435063, -32.449476 ], [ -71.435147, -32.449768 ], [ -71.435563, -32.449699 ], [ -71.43571, -32.450113 ], [ -71.435438, -32.450337 ], [ -71.435837, -32.450743 ], [ -71.435114, -32.451678 ], [ -71.434652, -32.451296 ], [ -71.434626, -32.45237 ], [ -71.434814, -32.452157 ], [ -71.434942, -32.452647 ], [ -71.434653, -32.452761 ], [ -71.435111, -32.452972 ], [ -71.43464, -32.45313 ], [ -71.434883, -32.4538 ], [ -71.434449, -32.45348 ], [ -71.434754, -32.453913 ], [ -71.434602, -32.454278 ], [ -71.434334, -32.454314 ], [ -71.434072, -32.453927 ], [ -71.434094, -32.454368 ], [ -71.433836, -32.454419 ], [ -71.433796, -32.45418 ], [ -71.433565, -32.454308 ], [ -71.43317, -32.455139 ], [ -71.43324, -32.455694 ], [ -71.434249, -32.455659 ], [ -71.433664, -32.456514 ], [ -71.433329, -32.456571 ], [ -71.433575, -32.456885 ], [ -71.433416, -32.457583 ], [ -71.432577, -32.457601 ], [ -71.433736, -32.457844 ], [ -71.433174, -32.458412 ], [ -71.432981, -32.458075 ], [ -71.432388, -32.457952 ], [ -71.431643, -32.458637 ], [ -71.431109, -32.461599 ], [ -71.431336, -32.461528 ], [ -71.431363, -32.461722 ], [ -71.431133, -32.461701 ], [ -71.431364, -32.462173 ], [ -71.431648, -32.462052 ], [ -71.431484, -32.462286 ], [ -71.431694, -32.46273 ], [ -71.431125, -32.462842 ], [ -71.431605, -32.463101 ], [ -71.431368, -32.463192 ], [ -71.431404, -32.463964 ], [ -71.430884, -32.46445 ], [ -71.431131, -32.465147 ], [ -71.431764, -32.465294 ], [ -71.431969, -32.465651 ], [ -71.431396, -32.46615 ], [ -71.431852, -32.466017 ], [ -71.431574, -32.466667 ], [ -71.430606, -32.466979 ], [ -71.431549, -32.467169 ], [ -71.430932, -32.467568 ], [ -71.431281, -32.468124 ], [ -71.430621, -32.468852 ], [ -71.430962, -32.469277 ], [ -71.431742, -32.469202 ], [ -71.432322, -32.469666 ], [ -71.432289, -32.47009 ], [ -71.432587, -32.469999 ], [ -71.43303, -32.470416 ], [ -71.433074, -32.471129 ], [ -71.432751, -32.471305 ], [ -71.433041, -32.471763 ], [ -71.432503, -32.472191 ], [ -71.432853, -32.472337 ], [ -71.432863, -32.47283 ], [ -71.43341, -32.473043 ], [ -71.432968, -32.473525 ], [ -71.432412, -32.473564 ], [ -71.432599, -32.473911 ], [ -71.432311, -32.474561 ], [ -71.432, -32.474548 ], [ -71.431783, -32.474894 ], [ -71.431967, -32.474999 ], [ -71.431575, -32.474962 ], [ -71.431432, -32.475306 ], [ -71.431782, -32.475531 ], [ -71.432059, -32.47536 ], [ -71.4321, -32.475629 ], [ -71.431267, -32.475677 ], [ -71.431089, -32.476088 ], [ -71.431316, -32.476419 ], [ -71.431031, -32.476379 ], [ -71.430639, -32.476867 ], [ -71.430709, -32.477295 ], [ -71.430392, -32.477692 ], [ -71.430642, -32.477984 ], [ -71.431238, -32.477917 ], [ -71.431819, -32.47832 ], [ -71.432455, -32.478276 ], [ -71.432533, -32.478513 ], [ -71.432218, -32.478542 ], [ -71.432316, -32.478962 ], [ -71.432726, -32.479019 ], [ -71.432174, -32.479193 ], [ -71.432759, -32.479237 ], [ -71.43215, -32.479423 ], [ -71.432741, -32.479514 ], [ -71.432647, -32.479826 ], [ -71.433145, -32.479714 ], [ -71.432373, -32.480072 ], [ -71.43287, -32.48012 ], [ -71.431751, -32.48018 ], [ -71.432119, -32.480524 ], [ -71.432432, -32.480358 ], [ -71.43253, -32.480588 ], [ -71.431701, -32.480958 ], [ -71.43181, -32.481166 ], [ -71.431327, -32.481158 ], [ -71.431323, -32.481682 ], [ -71.431041, -32.481692 ], [ -71.431314, -32.481863 ], [ -71.430872, -32.48241 ], [ -71.431099, -32.482662 ], [ -71.430975, -32.483066 ], [ -71.431379, -32.483223 ], [ -71.43114, -32.483295 ], [ -71.431305, -32.48385 ], [ -71.430618, -32.483961 ], [ -71.430779, -32.484588 ], [ -71.430365, -32.484677 ], [ -71.430198, -32.48531 ], [ -71.430643, -32.485496 ], [ -71.430325, -32.485761 ], [ -71.431103, -32.486442 ], [ -71.430839, -32.486767 ], [ -71.43108, -32.487271 ], [ -71.431816, -32.487603 ], [ -71.432224, -32.487465 ], [ -71.432431, -32.487766 ], [ -71.43263, -32.487516 ], [ -71.433049, -32.487969 ], [ -71.43402, -32.487819 ], [ -71.434182, -32.487988 ], [ -71.433874, -32.488687 ], [ -71.434108, -32.488993 ], [ -71.433501, -32.48947 ], [ -71.433494, -32.489968 ], [ -71.433414, -32.4898 ], [ -71.433064, -32.489979 ], [ -71.432749, -32.490743 ], [ -71.432894, -32.491787 ], [ -71.434186, -32.492358 ], [ -71.43388, -32.492612 ], [ -71.434363, -32.492612 ], [ -71.434655, -32.49308 ], [ -71.434224, -32.492832 ], [ -71.433778, -32.49326 ], [ -71.434053, -32.494762 ], [ -71.436564, -32.498253 ], [ -71.438492, -32.500192 ], [ -71.445037, -32.504855 ], [ -71.445804, -32.504675 ], [ -71.446464, -32.505102 ], [ -71.44863, -32.505604 ], [ -71.450466, -32.505361 ], [ -71.450945, -32.504945 ], [ -71.450671, -32.50426 ], [ -71.45077, -32.503553 ], [ -71.451857, -32.50323 ], [ -71.452704, -32.502211 ], [ -71.454593, -32.502121 ], [ -71.456868, -32.500434 ], [ -71.457595, -32.500568 ], [ -71.457728, -32.501148 ], [ -71.458707, -32.501275 ], [ -71.459846, -32.499412 ], [ -71.460186, -32.499503 ], [ -71.460413, -32.499051 ], [ -71.461168, -32.499404 ], [ -71.461131, -32.499782 ], [ -71.462496, -32.500137 ], [ -71.462854, -32.500644 ], [ -71.462909, -32.500349 ], [ -71.463239, -32.500242 ], [ -71.463688, -32.500502 ], [ -71.464229, -32.500248 ], [ -71.464262, -32.499027 ], [ -71.464877, -32.49791 ], [ -71.465136, -32.498042 ], [ -71.465305, -32.498931 ], [ -71.46585, -32.499363 ], [ -71.465763, -32.499801 ], [ -71.466012, -32.499936 ], [ -71.465625, -32.500275 ], [ -71.466027, -32.500854 ], [ -71.465879, -32.501212 ], [ -71.466355, -32.50101 ], [ -71.46647, -32.501224 ], [ -71.466061, -32.502129 ], [ -71.466675, -32.502123 ], [ -71.467286, -32.50284 ], [ -71.467624, -32.502392 ], [ -71.467846, -32.50276 ], [ -71.46826, -32.502115 ], [ -71.468822, -32.502247 ], [ -71.467986, -32.503527 ], [ -71.468614, -32.502972 ], [ -71.46904, -32.50367 ], [ -71.47054, -32.504 ], [ -71.470709, -32.504451 ], [ -71.471232, -32.504659 ], [ -71.470956, -32.504955 ], [ -71.470065, -32.504725 ], [ -71.471213, -32.505412 ], [ -71.471022, -32.505865 ], [ -71.470522, -32.506124 ], [ -71.471215, -32.506144 ], [ -71.471047, -32.506449 ], [ -71.470498, -32.506285 ], [ -71.470841, -32.506616 ], [ -71.47071, -32.506885 ], [ -71.471964, -32.507228 ], [ -71.472956, -32.508653 ], [ -71.472575, -32.508688 ], [ -71.472601, -32.508447 ], [ -71.47205, -32.508328 ], [ -71.472433, -32.509277 ], [ -71.472109, -32.509953 ], [ -71.47276, -32.510118 ], [ -71.472935, -32.510806 ], [ -71.47336, -32.510938 ], [ -71.473469, -32.510753 ], [ -71.473754, -32.511104 ], [ -71.473977, -32.512485 ], [ -71.473744, -32.512888 ], [ -71.474715, -32.512721 ], [ -71.474636, -32.512917 ], [ -71.474953, -32.513066 ], [ -71.474828, -32.513553 ], [ -71.475055, -32.513937 ], [ -71.474625, -32.514579 ], [ -71.474873, -32.514732 ], [ -71.47462, -32.514852 ], [ -71.474946, -32.516296 ], [ -71.47508, -32.516188 ], [ -71.475229, -32.516561 ], [ -71.474251, -32.517764 ], [ -71.475009, -32.517195 ], [ -71.475467, -32.517212 ], [ -71.475364, -32.517636 ], [ -71.475031, -32.517625 ], [ -71.4753, -32.517922 ], [ -71.475661, -32.517699 ], [ -71.475562, -32.518981 ], [ -71.475219, -32.51886 ], [ -71.475182, -32.519674 ], [ -71.47465, -32.520132 ], [ -71.475132, -32.520306 ], [ -71.475516, -32.521014 ], [ -71.475881, -32.520872 ], [ -71.476189, -32.521777 ], [ -71.475496, -32.522408 ], [ -71.476432, -32.522071 ], [ -71.476471, -32.523099 ], [ -71.476074, -32.524127 ], [ -71.475331, -32.524341 ], [ -71.475244, -32.524574 ], [ -71.474975, -32.524033 ], [ -71.475117, -32.523219 ], [ -71.474431, -32.524693 ], [ -71.474208, -32.524814 ], [ -71.473796, -32.524268 ], [ -71.473372, -32.525444 ], [ -71.472738, -32.525847 ], [ -71.472785, -32.526152 ], [ -71.472502, -32.526238 ], [ -71.472178, -32.525912 ], [ -71.471927, -32.526525 ], [ -71.471502, -32.526584 ], [ -71.471887, -32.527202 ], [ -71.471488, -32.527793 ], [ -71.471178, -32.527762 ], [ -71.471195, -32.528367 ], [ -71.470921, -32.528654 ], [ -71.470666, -32.528516 ], [ -71.470471, -32.528713 ], [ -71.470657, -32.528116 ], [ -71.470269, -32.528162 ], [ -71.470163, -32.528527 ], [ -71.470128, -32.528135 ], [ -71.469773, -32.528263 ], [ -71.469608, -32.529037 ], [ -71.469546, -32.528455 ], [ -71.469161, -32.528658 ], [ -71.468594, -32.529918 ], [ -71.467828, -32.530062 ], [ -71.468206, -32.532337 ], [ -71.468729, -32.532429 ], [ -71.468516, -32.532762 ], [ -71.468157, -32.532787 ], [ -71.46818, -32.53331 ], [ -71.468666, -32.533551 ], [ -71.468614, -32.53377 ], [ -71.468929, -32.533754 ], [ -71.468815, -32.53427 ], [ -71.469281, -32.534495 ], [ -71.469592, -32.534113 ], [ -71.469922, -32.534232 ], [ -71.469842, -32.534631 ], [ -71.470122, -32.534713 ], [ -71.469857, -32.534721 ], [ -71.46974, -32.535357 ], [ -71.469097, -32.535686 ], [ -71.469388, -32.535836 ], [ -71.469349, -32.536199 ], [ -71.469557, -32.536112 ], [ -71.469592, -32.536435 ], [ -71.469264, -32.53659 ], [ -71.469636, -32.537027 ], [ -71.468799, -32.537567 ], [ -71.468912, -32.537904 ], [ -71.468594, -32.538385 ], [ -71.468234, -32.538624 ], [ -71.467979, -32.538512 ], [ -71.467535, -32.538976 ], [ -71.467311, -32.538733 ], [ -71.467214, -32.539516 ], [ -71.466619, -32.539952 ], [ -71.466863, -32.540316 ], [ -71.466727, -32.540648 ], [ -71.46638, -32.540718 ], [ -71.466256, -32.540399 ], [ -71.465898, -32.54095 ], [ -71.465882, -32.542302 ], [ -71.465719, -32.542034 ], [ -71.465707, -32.542938 ], [ -71.465422, -32.543388 ], [ -71.4659, -32.543347 ], [ -71.465808, -32.543814 ], [ -71.466127, -32.544394 ], [ -71.466108, -32.543815 ], [ -71.46643, -32.543614 ], [ -71.466291, -32.544446 ], [ -71.466707, -32.544812 ], [ -71.466925, -32.5446 ], [ -71.467211, -32.544693 ], [ -71.467267, -32.545227 ], [ -71.466949, -32.545537 ], [ -71.466563, -32.545533 ], [ -71.466242, -32.544846 ], [ -71.465786, -32.544745 ], [ -71.465397, -32.545306 ], [ -71.465016, -32.545008 ], [ -71.464737, -32.545328 ], [ -71.464426, -32.545183 ], [ -71.464358, -32.546401 ], [ -71.463489, -32.546681 ], [ -71.46365, -32.546879 ], [ -71.463161, -32.54724 ], [ -71.462936, -32.547853 ], [ -71.462442, -32.548012 ], [ -71.462468, -32.54852 ], [ -71.46065, -32.54904 ], [ -71.460415, -32.550458 ], [ -71.461829, -32.552413 ], [ -71.463542, -32.552758 ], [ -71.464382, -32.55339 ], [ -71.465595, -32.552941 ], [ -71.465571, -32.552284 ], [ -71.466083, -32.552471 ], [ -71.46648, -32.552044 ], [ -71.466832, -32.552069 ], [ -71.466949, -32.552769 ], [ -71.467077, -32.552527 ], [ -71.467463, -32.552545 ], [ -71.467888, -32.551677 ], [ -71.469685, -32.550932 ], [ -71.470364, -32.551202 ], [ -71.470451, -32.551573 ], [ -71.471421, -32.551035 ], [ -71.471841, -32.551784 ], [ -71.471582, -32.552473 ], [ -71.471032, -32.552708 ], [ -71.470884, -32.552487 ], [ -71.47081, -32.552917 ], [ -71.470123, -32.553644 ], [ -71.469796, -32.553234 ], [ -71.469061, -32.553623 ], [ -71.467919, -32.553338 ], [ -71.467831, -32.553752 ], [ -71.46864, -32.554192 ], [ -71.468276, -32.554459 ], [ -71.468474, -32.554833 ], [ -71.468135, -32.555481 ], [ -71.468359, -32.555707 ], [ -71.467995, -32.555721 ], [ -71.468031, -32.555937 ], [ -71.467795, -32.555608 ], [ -71.467915, -32.556206 ], [ -71.467732, -32.556649 ], [ -71.467458, -32.556547 ], [ -71.467796, -32.55718 ], [ -71.467632, -32.55698 ], [ -71.467277, -32.558116 ], [ -71.467468, -32.559106 ], [ -71.466872, -32.559559 ], [ -71.466313, -32.561606 ], [ -71.466057, -32.561258 ], [ -71.466116, -32.561883 ], [ -71.465698, -32.561787 ], [ -71.46582, -32.562337 ], [ -71.46555, -32.562551 ], [ -71.465375, -32.562043 ], [ -71.465058, -32.562918 ], [ -71.464643, -32.563074 ], [ -71.464352, -32.562252 ], [ -71.463999, -32.562383 ], [ -71.463912, -32.56288 ], [ -71.463648, -32.562756 ], [ -71.463511, -32.563112 ], [ -71.463486, -32.562862 ], [ -71.461895, -32.565054 ], [ -71.461443, -32.565263 ], [ -71.461323, -32.565009 ], [ -71.460893, -32.565492 ], [ -71.460734, -32.565303 ], [ -71.460777, -32.565571 ], [ -71.460003, -32.56556 ], [ -71.45961, -32.565949 ], [ -71.459779, -32.566091 ], [ -71.459363, -32.566013 ], [ -71.459597, -32.566171 ], [ -71.45932, -32.566473 ], [ -71.459439, -32.566819 ], [ -71.458644, -32.566838 ], [ -71.459262, -32.567161 ], [ -71.459217, -32.567383 ], [ -71.458421, -32.56755 ], [ -71.458036, -32.567382 ], [ -71.457687, -32.56765 ], [ -71.458088, -32.568334 ], [ -71.458335, -32.568123 ], [ -71.458467, -32.569046 ], [ -71.458867, -32.569262 ], [ -71.458293, -32.569892 ], [ -71.45832, -32.570498 ], [ -71.457905, -32.570427 ], [ -71.457712, -32.570714 ], [ -71.458127, -32.571358 ], [ -71.458246, -32.571199 ], [ -71.458697, -32.571498 ], [ -71.458566, -32.572072 ], [ -71.459016, -32.573006 ], [ -71.458851, -32.573211 ], [ -71.459608, -32.574673 ], [ -71.459143, -32.574999 ], [ -71.459649, -32.575301 ], [ -71.45986, -32.576502 ], [ -71.459478, -32.576685 ], [ -71.459598, -32.576131 ], [ -71.459129, -32.576117 ], [ -71.459166, -32.576597 ], [ -71.458332, -32.576496 ], [ -71.459078, -32.577132 ], [ -71.458822, -32.577387 ], [ -71.458883, -32.577169 ], [ -71.458594, -32.57734 ], [ -71.458196, -32.577037 ], [ -71.458433, -32.577409 ], [ -71.457979, -32.577749 ], [ -71.458529, -32.57767 ], [ -71.458815, -32.578262 ], [ -71.458434, -32.578269 ], [ -71.458892, -32.578381 ], [ -71.458874, -32.578723 ], [ -71.456928, -32.578695 ], [ -71.455778, -32.578072 ], [ -71.455297, -32.57811 ], [ -71.45504, -32.57856 ], [ -71.456732, -32.579942 ], [ -71.456174, -32.580338 ], [ -71.456406, -32.580554 ], [ -71.456871, -32.580464 ], [ -71.456734, -32.580685 ], [ -71.456399, -32.580587 ], [ -71.456241, -32.581187 ], [ -71.456868, -32.58185 ], [ -71.457534, -32.58156 ], [ -71.457677, -32.581972 ], [ -71.457162, -32.581999 ], [ -71.457598, -32.582402 ], [ -71.457366, -32.582466 ], [ -71.457606, -32.582913 ], [ -71.457305, -32.582809 ], [ -71.457108, -32.583297 ], [ -71.456743, -32.583134 ], [ -71.456386, -32.583624 ], [ -71.455824, -32.583663 ], [ -71.456148, -32.584123 ], [ -71.455812, -32.584337 ], [ -71.454651, -32.583948 ], [ -71.451679, -32.583878 ], [ -71.448421, -32.585293 ], [ -71.44491, -32.587869 ], [ -71.443907, -32.5891 ], [ -71.442757, -32.590002 ], [ -71.439403, -32.594411 ], [ -71.438172, -32.597537 ], [ -71.436654, -32.600153 ], [ -71.43452, -32.60605 ], [ -71.435552, -32.607096 ], [ -71.435371, -32.607708 ], [ -71.435285, -32.607481 ], [ -71.434862, -32.607812 ], [ -71.434822, -32.608185 ], [ -71.434941, -32.60867 ], [ -71.435714, -32.608768 ], [ -71.435783, -32.609018 ], [ -71.435518, -32.609118 ], [ -71.435856, -32.60914 ], [ -71.435962, -32.609717 ], [ -71.435508, -32.610067 ], [ -71.435899, -32.610092 ], [ -71.435793, -32.610443 ], [ -71.435177, -32.610835 ], [ -71.435509, -32.61099 ], [ -71.435318, -32.611751 ], [ -71.433683, -32.612634 ], [ -71.433624, -32.613928 ], [ -71.433123, -32.614701 ], [ -71.433121, -32.615875 ], [ -71.433363, -32.616087 ], [ -71.433154, -32.61674 ], [ -71.433661, -32.617395 ], [ -71.433599, -32.618021 ], [ -71.432884, -32.618749 ], [ -71.432472, -32.618772 ], [ -71.432114, -32.620269 ], [ -71.432288, -32.620664 ], [ -71.432019, -32.62071 ], [ -71.431771, -32.621626 ], [ -71.431388, -32.621707 ], [ -71.431311, -32.622822 ], [ -71.431639, -32.623402 ], [ -71.43093, -32.625368 ], [ -71.430148, -32.632273 ], [ -71.430328, -32.637822 ], [ -71.43118, -32.64147 ], [ -71.432075, -32.642999 ], [ -71.433243, -32.644049 ], [ -71.435188, -32.644765 ], [ -71.435823, -32.644206 ], [ -71.436177, -32.644498 ], [ -71.436377, -32.644081 ], [ -71.436586, -32.644205 ], [ -71.436509, -32.643959 ], [ -71.436187, -32.643842 ], [ -71.436398, -32.643069 ], [ -71.436751, -32.643694 ], [ -71.436888, -32.645559 ], [ -71.437808, -32.644959 ], [ -71.437463, -32.645209 ], [ -71.437696, -32.645625 ], [ -71.437505, -32.645762 ], [ -71.437744, -32.645817 ], [ -71.437648, -32.646258 ], [ -71.437948, -32.645936 ], [ -71.437929, -32.646445 ], [ -71.43816, -32.646367 ], [ -71.438464, -32.646805 ], [ -71.438074, -32.647197 ], [ -71.438577, -32.647389 ], [ -71.438198, -32.647718 ], [ -71.438339, -32.648178 ], [ -71.439103, -32.648775 ], [ -71.440112, -32.648832 ], [ -71.440342, -32.648573 ], [ -71.441462, -32.649029 ], [ -71.441934, -32.648989 ], [ -71.442012, -32.649308 ], [ -71.441655, -32.649469 ], [ -71.441638, -32.649814 ], [ -71.442387, -32.650067 ], [ -71.442628, -32.649841 ], [ -71.44278, -32.6502 ], [ -71.443257, -32.650331 ], [ -71.442982, -32.650464 ], [ -71.443285, -32.650632 ], [ -71.443161, -32.651041 ], [ -71.443369, -32.651025 ], [ -71.443167, -32.651369 ], [ -71.443481, -32.651393 ], [ -71.443158, -32.65161 ], [ -71.443274, -32.651901 ], [ -71.442451, -32.652138 ], [ -71.442673, -32.652767 ], [ -71.443084, -32.652613 ], [ -71.443294, -32.652809 ], [ -71.443141, -32.653464 ], [ -71.442798, -32.653142 ], [ -71.442805, -32.653493 ], [ -71.443203, -32.65362 ], [ -71.443178, -32.653889 ], [ -71.443926, -32.653921 ], [ -71.443402, -32.654627 ], [ -71.443509, -32.655534 ], [ -71.44313, -32.656323 ], [ -71.443124, -32.656734 ], [ -71.443629, -32.656886 ], [ -71.443412, -32.657778 ], [ -71.44282, -32.658963 ], [ -71.443044, -32.659064 ], [ -71.442632, -32.659379 ], [ -71.442731, -32.659747 ], [ -71.442509, -32.659668 ], [ -71.442201, -32.660203 ], [ -71.442689, -32.660516 ], [ -71.442602, -32.660786 ], [ -71.442142, -32.660781 ], [ -71.441948, -32.661031 ], [ -71.441918, -32.667027 ], [ -71.442806, -32.673949 ], [ -71.443431, -32.674984 ], [ -71.443219, -32.675578 ], [ -71.444535, -32.679167 ], [ -71.445546, -32.681207 ], [ -71.445866, -32.681202 ], [ -71.445685, -32.681425 ], [ -71.445934, -32.682088 ], [ -71.446306, -32.682319 ], [ -71.446384, -32.682065 ], [ -71.446395, -32.682716 ], [ -71.446695, -32.682602 ], [ -71.446726, -32.683375 ], [ -71.44817, -32.685314 ], [ -71.448506, -32.68509 ], [ -71.448874, -32.685378 ], [ -71.448934, -32.685895 ], [ -71.449271, -32.68608 ], [ -71.44907, -32.686717 ], [ -71.449514, -32.68686 ], [ -71.449406, -32.68703 ], [ -71.450985, -32.688729 ], [ -71.451797, -32.688763 ], [ -71.451957, -32.688517 ], [ -71.45259, -32.689601 ], [ -71.452033, -32.690135 ], [ -71.452127, -32.690427 ], [ -71.452486, -32.690481 ], [ -71.453102, -32.690039 ], [ -71.453486, -32.690801 ], [ -71.45418, -32.69096 ], [ -71.454568, -32.690572 ], [ -71.454522, -32.691837 ], [ -71.454236, -32.692181 ], [ -71.453818, -32.692207 ], [ -71.454111, -32.692881 ], [ -71.454853, -32.693048 ], [ -71.454866, -32.693475 ], [ -71.455714, -32.693593 ], [ -71.455517, -32.694071 ], [ -71.45638, -32.695015 ], [ -71.457542, -32.695227 ], [ -71.457682, -32.695615 ], [ -71.45747, -32.69588 ], [ -71.458734, -32.698325 ], [ -71.458687, -32.698806 ], [ -71.459563, -32.699263 ], [ -71.460129, -32.699105 ], [ -71.460417, -32.699842 ], [ -71.460728, -32.699922 ], [ -71.460849, -32.700849 ], [ -71.469279, -32.710375 ], [ -71.471658, -32.71239 ], [ -71.474089, -32.713851 ], [ -71.477104, -32.71511 ], [ -71.480098, -32.715678 ], [ -71.485128, -32.714316 ], [ -71.4866, -32.713465 ], [ -71.487657, -32.710616 ], [ -71.488767, -32.709106 ], [ -71.489612, -32.708577 ], [ -71.489953, -32.708598 ], [ -71.490709, -32.709321 ], [ -71.491923, -32.70945 ], [ -71.493385, -32.708327 ], [ -71.494162, -32.708381 ], [ -71.495143, -32.70983 ], [ -71.4968, -32.711015 ], [ -71.4977, -32.711296 ], [ -71.499223, -32.71076 ], [ -71.499432, -32.710418 ], [ -71.499915, -32.710706 ], [ -71.500192, -32.710464 ], [ -71.500209, -32.710794 ], [ -71.500906, -32.710633 ], [ -71.501144, -32.710974 ], [ -71.501616, -32.711052 ], [ -71.503602, -32.710166 ], [ -71.504359, -32.710076 ], [ -71.505733, -32.710389 ], [ -71.506391, -32.710227 ], [ -71.506425, -32.70989 ], [ -71.506662, -32.70986 ], [ -71.50667, -32.710154 ], [ -71.507184, -32.710277 ], [ -71.506955, -32.710395 ], [ -71.508207, -32.710454 ], [ -71.508381, -32.710721 ], [ -71.508459, -32.710336 ], [ -71.508621, -32.710604 ], [ -71.508154, -32.711075 ], [ -71.509031, -32.71087 ], [ -71.509505, -32.711471 ], [ -71.50939, -32.711768 ], [ -71.508564, -32.711749 ], [ -71.508353, -32.712249 ], [ -71.508582, -32.712342 ], [ -71.508289, -32.712622 ], [ -71.508825, -32.713987 ], [ -71.508482, -32.714256 ], [ -71.509218, -32.715115 ], [ -71.508938, -32.716217 ], [ -71.509322, -32.716194 ], [ -71.509591, -32.716759 ], [ -71.509598, -32.717143 ], [ -71.509212, -32.717243 ], [ -71.509464, -32.717406 ], [ -71.509209, -32.717748 ], [ -71.509384, -32.717926 ], [ -71.508635, -32.717831 ], [ -71.507686, -32.718708 ], [ -71.507732, -32.719383 ], [ -71.507575, -32.719264 ], [ -71.50668, -32.719807 ], [ -71.506597, -32.720549 ], [ -71.506011, -32.720987 ], [ -71.50616, -32.721419 ], [ -71.505448, -32.721497 ], [ -71.506155, -32.721606 ], [ -71.506259, -32.722003 ], [ -71.505028, -32.72233 ], [ -71.502446, -32.723973 ], [ -71.502296, -32.724966 ], [ -71.503233, -32.726344 ], [ -71.503781, -32.726451 ], [ -71.504163, -32.726089 ], [ -71.504853, -32.726655 ], [ -71.504636, -32.726861 ], [ -71.504355, -32.726624 ], [ -71.503975, -32.726938 ], [ -71.502982, -32.726429 ], [ -71.501767, -32.727162 ], [ -71.502016, -32.727713 ], [ -71.501798, -32.727792 ], [ -71.501806, -32.728319 ], [ -71.502251, -32.728507 ], [ -71.502059, -32.729543 ], [ -71.50235, -32.729387 ], [ -71.502238, -32.72972 ], [ -71.502574, -32.729387 ], [ -71.502319, -32.729872 ], [ -71.502695, -32.729966 ], [ -71.502349, -32.730081 ], [ -71.502054, -32.730851 ], [ -71.502334, -32.730787 ], [ -71.501854, -32.731086 ], [ -71.502308, -32.730934 ], [ -71.501769, -32.731586 ], [ -71.501937, -32.73179 ], [ -71.500806, -32.731814 ], [ -71.500795, -32.732279 ], [ -71.50002, -32.732982 ], [ -71.500333, -32.733548 ], [ -71.500738, -32.733301 ], [ -71.500797, -32.733534 ], [ -71.501241, -32.733365 ], [ -71.502317, -32.733558 ], [ -71.50238, -32.734067 ], [ -71.502029, -32.734117 ], [ -71.502234, -32.734662 ], [ -71.5037, -32.734685 ], [ -71.503833, -32.734877 ], [ -71.503389, -32.735402 ], [ -71.5028, -32.735133 ], [ -71.502473, -32.735706 ], [ -71.500819, -32.735328 ], [ -71.500195, -32.735541 ], [ -71.500088, -32.736044 ], [ -71.500347, -32.736174 ], [ -71.499854, -32.73619 ], [ -71.499741, -32.736569 ], [ -71.500331, -32.737225 ], [ -71.500151, -32.7375 ], [ -71.500589, -32.737629 ], [ -71.500898, -32.738216 ], [ -71.499891, -32.739231 ], [ -71.498993, -32.73894 ], [ -71.498413, -32.739284 ], [ -71.498828, -32.739537 ], [ -71.498636, -32.739877 ], [ -71.498993, -32.740183 ], [ -71.498624, -32.740553 ], [ -71.499011, -32.740649 ], [ -71.498563, -32.740941 ], [ -71.498881, -32.740917 ], [ -71.498871, -32.741135 ], [ -71.498433, -32.741217 ], [ -71.498716, -32.741727 ], [ -71.498032, -32.742377 ], [ -71.498356, -32.742681 ], [ -71.497201, -32.743127 ], [ -71.497023, -32.743672 ], [ -71.49662, -32.743758 ], [ -71.496037, -32.743448 ], [ -71.495076, -32.743639 ], [ -71.494353, -32.743421 ], [ -71.494056, -32.743035 ], [ -71.493639, -32.743113 ], [ -71.492938, -32.742207 ], [ -71.492353, -32.742022 ], [ -71.491929, -32.741313 ], [ -71.490407, -32.741125 ], [ -71.489585, -32.741411 ], [ -71.487334, -32.743141 ], [ -71.485315, -32.745749 ], [ -71.484676, -32.749793 ], [ -71.484644, -32.752492 ], [ -71.494937, -32.752619 ], [ -71.494905, -32.752835 ], [ -71.484636, -32.752759 ], [ -71.485032, -32.756776 ], [ -71.485922, -32.761038 ], [ -71.486778, -32.764051 ], [ -71.488081, -32.766474 ], [ -71.493656, -32.762919 ], [ -71.495407, -32.762173 ], [ -71.495488, -32.762333 ], [ -71.493596, -32.763028 ], [ -71.488136, -32.766554 ], [ -71.490499, -32.770143 ], [ -71.496609, -32.776285 ], [ -71.500907, -32.779617 ], [ -71.503458, -32.781276 ], [ -71.50692, -32.782093 ], [ -71.508183, -32.782102 ], [ -71.50984, -32.783367 ], [ -71.514235, -32.784363 ], [ -71.517459, -32.78449 ], [ -71.521438, -32.784035 ], [ -71.52415, -32.783278 ], [ -71.524595, -32.78264 ], [ -71.524256, -32.781861 ], [ -71.524434, -32.781789 ], [ -71.524864, -32.782585 ], [ -71.525784, -32.782277 ], [ -71.525572, -32.782124 ], [ -71.525929, -32.781772 ], [ -71.525185, -32.781376 ], [ -71.52533, -32.781232 ], [ -71.52599, -32.781711 ], [ -71.52627, -32.781504 ], [ -71.526403, -32.781636 ], [ -71.526846, -32.781117 ], [ -71.526503, -32.780502 ], [ -71.526637, -32.780154 ], [ -71.526344, -32.78016 ], [ -71.526476, -32.779402 ], [ -71.525254, -32.778122 ], [ -71.525188, -32.77738 ], [ -71.525729, -32.77619 ], [ -71.525079, -32.775241 ], [ -71.526197, -32.776283 ], [ -71.526618, -32.776156 ], [ -71.527008, -32.775538 ], [ -71.527213, -32.774683 ], [ -71.526611, -32.77355 ], [ -71.52641, -32.772286 ], [ -71.526623, -32.771808 ], [ -71.526401, -32.77163 ], [ -71.526742, -32.771289 ], [ -71.527398, -32.771267 ], [ -71.527873, -32.770952 ], [ -71.527664, -32.770499 ], [ -71.527981, -32.7697 ], [ -71.528334, -32.769548 ], [ -71.528023, -32.76926 ], [ -71.528316, -32.769374 ], [ -71.528672, -32.769171 ], [ -71.528379, -32.769431 ], [ -71.528498, -32.769631 ], [ -71.529283, -32.769348 ], [ -71.529438, -32.769662 ], [ -71.529835, -32.769613 ], [ -71.529884, -32.769094 ], [ -71.530268, -32.769231 ], [ -71.530694, -32.769007 ], [ -71.530867, -32.768615 ], [ -71.53062, -32.768301 ], [ -71.531103, -32.767766 ], [ -71.530831, -32.767742 ], [ -71.530984, -32.767183 ], [ -71.531274, -32.767191 ], [ -71.531448, -32.767589 ], [ -71.531636, -32.766746 ], [ -71.532013, -32.766806 ], [ -71.531829, -32.767109 ], [ -71.532251, -32.767299 ], [ -71.533391, -32.767021 ], [ -71.534067, -32.765792 ], [ -71.533893, -32.765614 ], [ -71.534268, -32.765403 ], [ -71.53446, -32.765614 ], [ -71.534305, -32.765386 ], [ -71.534616, -32.765019 ], [ -71.534937, -32.765189 ], [ -71.535331, -32.765032 ], [ -71.534964, -32.765589 ], [ -71.53534, -32.766021 ], [ -71.53602, -32.766043 ], [ -71.53668, -32.766511 ], [ -71.536818, -32.765998 ], [ -71.537295, -32.766109 ], [ -71.537276, -32.766612 ], [ -71.536734, -32.76682 ], [ -71.536842, -32.767029 ], [ -71.537017, -32.766901 ], [ -71.53703, -32.767203 ], [ -71.537164, -32.76684 ], [ -71.537689, -32.766666 ], [ -71.538165, -32.766915 ], [ -71.538157, -32.767415 ], [ -71.537699, -32.7677 ], [ -71.537865, -32.767862 ], [ -71.537452, -32.76828 ], [ -71.537789, -32.768351 ], [ -71.537673, -32.768521 ], [ -71.538112, -32.768296 ], [ -71.537939, -32.768751 ], [ -71.538382, -32.76876 ], [ -71.538592, -32.769574 ], [ -71.53902, -32.769589 ], [ -71.539126, -32.770422 ], [ -71.539585, -32.770964 ], [ -71.539317, -32.771337 ], [ -71.539618, -32.77129 ], [ -71.539672, -32.772051 ], [ -71.539335, -32.772314 ], [ -71.539269, -32.773253 ], [ -71.538758, -32.774196 ], [ -71.53901, -32.774886 ], [ -71.538638, -32.77479 ], [ -71.538244, -32.775419 ], [ -71.537498, -32.775539 ], [ -71.536635, -32.776349 ], [ -71.53672, -32.776667 ], [ -71.536192, -32.777384 ], [ -71.535217, -32.777256 ], [ -71.53445, -32.777987 ], [ -71.534409, -32.778412 ], [ -71.534704, -32.778633 ], [ -71.533484, -32.780342 ], [ -71.533299, -32.782516 ], [ -71.534003, -32.78343 ], [ -71.534693, -32.783298 ], [ -71.53517, -32.783557 ], [ -71.53627, -32.783508 ], [ -71.536309, -32.784068 ], [ -71.537225, -32.784092 ], [ -71.537197, -32.78446 ], [ -71.537734, -32.784783 ], [ -71.538196, -32.784748 ], [ -71.538716, -32.783976 ], [ -71.539062, -32.783834 ], [ -71.539317, -32.784024 ], [ -71.539895, -32.783468 ], [ -71.540833, -32.784012 ], [ -71.541878, -32.783372 ], [ -71.542586, -32.783786 ], [ -71.542127, -32.784168 ], [ -71.542373, -32.784452 ], [ -71.542241, -32.78484 ], [ -71.543079, -32.784596 ], [ -71.543328, -32.784779 ], [ -71.543506, -32.784542 ], [ -71.543627, -32.784997 ], [ -71.542921, -32.785893 ], [ -71.543042, -32.786157 ], [ -71.5424, -32.78662 ], [ -71.542679, -32.786529 ], [ -71.542484, -32.786688 ], [ -71.542952, -32.786814 ], [ -71.542789, -32.787501 ], [ -71.543133, -32.787498 ], [ -71.543262, -32.788448 ], [ -71.543738, -32.788596 ], [ -71.543675, -32.789414 ], [ -71.543381, -32.789682 ], [ -71.543821, -32.791505 ], [ -71.544466, -32.79212 ], [ -71.544363, -32.792518 ], [ -71.545146, -32.792538 ], [ -71.544886, -32.792829 ], [ -71.545205, -32.792857 ], [ -71.545659, -32.79395 ], [ -71.545518, -32.794489 ], [ -71.546002, -32.794501 ], [ -71.546085, -32.79488 ], [ -71.545362, -32.795986 ], [ -71.545582, -32.796271 ], [ -71.545193, -32.796585 ], [ -71.545553, -32.796883 ], [ -71.545368, -32.797433 ], [ -71.545582, -32.797604 ], [ -71.545332, -32.797887 ], [ -71.545642, -32.797909 ], [ -71.545635, -32.798353 ], [ -71.545212, -32.798802 ], [ -71.545295, -32.799243 ], [ -71.544664, -32.799898 ], [ -71.544966, -32.799796 ], [ -71.544374, -32.800247 ], [ -71.544242, -32.800869 ], [ -71.545125, -32.800817 ], [ -71.545543, -32.801032 ], [ -71.545331, -32.801626 ], [ -71.545854, -32.801483 ], [ -71.546123, -32.801698 ], [ -71.546307, -32.802781 ], [ -71.54599, -32.802766 ], [ -71.545843, -32.803176 ], [ -71.545808, -32.804355 ], [ -71.546711, -32.804801 ], [ -71.546591, -32.80578 ], [ -71.546132, -32.806654 ], [ -71.54654, -32.806579 ], [ -71.546137, -32.807304 ], [ -71.546175, -32.807953 ], [ -71.545575, -32.808402 ], [ -71.546632, -32.808419 ], [ -71.5472, -32.808792 ], [ -71.54766, -32.80862 ], [ -71.547716, -32.809002 ], [ -71.547013, -32.809568 ], [ -71.546303, -32.809724 ], [ -71.546998, -32.809741 ], [ -71.546275, -32.810959 ], [ -71.546518, -32.811138 ], [ -71.546323, -32.811628 ], [ -71.546086, -32.811554 ], [ -71.546282, -32.8111 ], [ -71.544988, -32.812297 ], [ -71.545051, -32.813158 ], [ -71.544605, -32.81357 ], [ -71.544119, -32.815444 ], [ -71.543059, -32.816044 ], [ -71.543192, -32.816404 ], [ -71.542914, -32.816457 ], [ -71.542276, -32.817917 ], [ -71.541868, -32.818247 ], [ -71.542015, -32.818893 ], [ -71.541675, -32.819403 ], [ -71.541711, -32.81992 ], [ -71.541261, -32.82022 ], [ -71.541217, -32.820587 ], [ -71.540893, -32.82056 ], [ -71.540699, -32.82173 ], [ -71.540125, -32.822126 ], [ -71.540264, -32.822681 ], [ -71.540552, -32.822351 ], [ -71.540859, -32.822536 ], [ -71.539781, -32.824864 ], [ -71.538407, -32.825401 ], [ -71.538155, -32.82572 ], [ -71.538351, -32.825991 ], [ -71.537657, -32.826602 ], [ -71.537326, -32.82654 ], [ -71.537067, -32.82604 ], [ -71.535787, -32.825989 ], [ -71.535836, -32.826979 ], [ -71.535594, -32.827244 ], [ -71.535987, -32.827948 ], [ -71.535198, -32.828252 ], [ -71.53493, -32.827891 ], [ -71.534287, -32.828223 ], [ -71.533708, -32.828053 ], [ -71.533015, -32.82821 ], [ -71.531874, -32.829797 ], [ -71.531281, -32.8295 ], [ -71.531106, -32.828769 ], [ -71.529976, -32.830042 ], [ -71.52974, -32.82986 ], [ -71.529419, -32.829974 ], [ -71.529415, -32.829522 ], [ -71.52893, -32.829733 ], [ -71.528867, -32.828605 ], [ -71.529366, -32.82827 ], [ -71.528963, -32.828147 ], [ -71.529038, -32.827838 ], [ -71.528794, -32.827692 ], [ -71.526722, -32.827734 ], [ -71.525092, -32.828412 ], [ -71.522802, -32.830197 ], [ -71.520342, -32.83498 ], [ -71.515517, -32.849724 ], [ -71.514515, -32.855191 ], [ -71.51418, -32.861663 ], [ -71.513523, -32.866364 ], [ -71.510885, -32.873288 ], [ -71.510031, -32.876268 ], [ -71.509958, -32.878883 ], [ -71.51066, -32.882219 ], [ -71.510606, -32.883583 ], [ -71.511212, -32.884195 ], [ -71.512873, -32.889 ], [ -71.512023, -32.889996 ], [ -71.510234, -32.891143 ], [ -71.508873, -32.892496 ], [ -71.507428, -32.895552 ], [ -71.506856, -32.898433 ], [ -71.506232, -32.904355 ], [ -71.507164, -32.910141 ], [ -71.507132, -32.911689 ], [ -71.50788, -32.913919 ], [ -71.50984, -32.917176 ], [ -71.510609, -32.91802 ], [ -71.514375, -32.920291 ], [ -71.515087, -32.920227 ], [ -71.516326, -32.919486 ], [ -71.51758, -32.919205 ], [ -71.518453, -32.918216 ], [ -71.519049, -32.917961 ], [ -71.520522, -32.918155 ], [ -71.521498, -32.917968 ], [ -71.523497, -32.918445 ], [ -71.523715, -32.918864 ], [ -71.523489, -32.919583 ], [ -71.524151, -32.920778 ], [ -71.524204, -32.922436 ], [ -71.525263, -32.924192 ], [ -71.526, -32.924415 ], [ -71.526725, -32.924238 ], [ -71.527041, -32.924883 ], [ -71.526839, -32.925949 ], [ -71.527499, -32.926247 ], [ -71.528298, -32.92716 ], [ -71.52931, -32.927431 ], [ -71.529921, -32.927959 ], [ -71.530499, -32.927996 ], [ -71.53041, -32.928231 ], [ -71.53138, -32.929312 ], [ -71.533733, -32.930667 ], [ -71.535771, -32.930912 ], [ -71.536188, -32.930661 ], [ -71.536531, -32.930848 ], [ -71.537354, -32.930773 ], [ -71.53832, -32.93022 ], [ -71.538435, -32.930441 ], [ -71.538693, -32.929912 ], [ -71.537888, -32.929431 ], [ -71.538971, -32.929715 ], [ -71.540222, -32.929364 ], [ -71.54012, -32.929091 ], [ -71.540396, -32.928832 ], [ -71.540511, -32.92928 ], [ -71.541366, -32.928947 ], [ -71.541429, -32.928296 ], [ -71.540433, -32.928592 ], [ -71.540173, -32.928469 ], [ -71.541054, -32.928245 ], [ -71.541925, -32.927676 ], [ -71.541866, -32.927243 ], [ -71.539683, -32.928076 ], [ -71.539573, -32.92793 ], [ -71.541939, -32.926991 ], [ -71.544105, -32.926972 ], [ -71.544377, -32.927276 ], [ -71.544888, -32.926983 ], [ -71.545849, -32.928214 ], [ -71.546526, -32.927981 ], [ -71.547533, -32.928299 ], [ -71.548804, -32.927717 ], [ -71.550921, -32.928226 ], [ -71.551747, -32.928847 ], [ -71.551669, -32.929241 ], [ -71.552001, -32.929707 ], [ -71.551659, -32.930173 ], [ -71.550971, -32.930378 ], [ -71.550936, -32.930786 ], [ -71.550519, -32.931053 ], [ -71.550707, -32.931418 ], [ -71.550525, -32.931723 ], [ -71.551134, -32.931803 ], [ -71.55082, -32.932464 ], [ -71.551178, -32.93265 ], [ -71.55042, -32.933733 ], [ -71.550706, -32.933818 ], [ -71.550427, -32.934267 ], [ -71.550865, -32.934484 ], [ -71.550683, -32.934645 ], [ -71.550233, -32.934438 ], [ -71.550533, -32.934717 ], [ -71.5497, -32.935476 ], [ -71.550118, -32.935793 ], [ -71.551027, -32.935643 ], [ -71.550946, -32.936914 ], [ -71.552113, -32.937221 ], [ -71.552284, -32.937596 ], [ -71.552686, -32.937621 ], [ -71.552388, -32.937885 ], [ -71.552889, -32.937774 ], [ -71.552408, -32.938371 ], [ -71.553565, -32.938276 ], [ -71.552814, -32.93872 ], [ -71.553343, -32.938796 ], [ -71.553089, -32.939035 ], [ -71.553405, -32.939014 ], [ -71.553112, -32.939826 ], [ -71.553664, -32.939729 ], [ -71.553113, -32.94006 ], [ -71.55284, -32.940605 ], [ -71.553145, -32.940966 ], [ -71.553624, -32.940727 ], [ -71.553688, -32.940959 ], [ -71.554339, -32.940588 ], [ -71.554111, -32.940932 ], [ -71.554694, -32.940894 ], [ -71.554193, -32.941207 ], [ -71.554573, -32.941256 ], [ -71.554314, -32.941491 ], [ -71.554816, -32.941523 ], [ -71.554588, -32.942143 ], [ -71.554041, -32.941955 ], [ -71.554131, -32.941618 ], [ -71.553062, -32.941745 ], [ -71.553202, -32.942109 ], [ -71.552779, -32.942592 ], [ -71.553144, -32.942717 ], [ -71.552681, -32.94271 ], [ -71.5524, -32.9432 ], [ -71.552223, -32.943063 ], [ -71.552032, -32.943883 ], [ -71.551857, -32.943698 ], [ -71.55122, -32.944082 ], [ -71.551525, -32.944282 ], [ -71.551079, -32.944728 ], [ -71.551619, -32.944798 ], [ -71.551571, -32.945209 ], [ -71.550752, -32.945306 ], [ -71.550492, -32.945691 ], [ -71.550516, -32.945694 ], [ -71.549183, -32.947062 ], [ -71.549493, -32.947469 ], [ -71.549119, -32.947549 ], [ -71.549461, -32.947923 ], [ -71.549136, -32.94809 ], [ -71.548708, -32.94796 ], [ -71.548543, -32.948411 ], [ -71.548835, -32.948648 ], [ -71.548663, -32.949473 ], [ -71.548988, -32.950107 ], [ -71.548684, -32.950152 ], [ -71.548319, -32.950837 ], [ -71.547815, -32.950989 ], [ -71.54792, -32.951353 ], [ -71.547599, -32.951416 ], [ -71.547305, -32.952262 ], [ -71.547602, -32.952726 ], [ -71.547248, -32.952722 ], [ -71.547448, -32.952917 ], [ -71.547039, -32.953075 ], [ -71.546962, -32.954267 ], [ -71.547235, -32.954942 ], [ -71.547699, -32.954988 ], [ -71.547367, -32.955073 ], [ -71.547284, -32.955507 ], [ -71.548509, -32.956094 ], [ -71.548994, -32.955894 ], [ -71.549494, -32.956146 ], [ -71.549497, -32.95592 ], [ -71.549656, -32.956685 ], [ -71.549972, -32.956846 ], [ -71.549937, -32.955754 ], [ -71.550323, -32.955404 ], [ -71.550529, -32.955671 ], [ -71.550284, -32.955905 ], [ -71.550656, -32.956384 ], [ -71.550407, -32.95655 ], [ -71.551168, -32.957257 ], [ -71.551814, -32.95735 ], [ -71.551786, -32.957579 ], [ -71.55122, -32.957876 ], [ -71.550187, -32.957466 ], [ -71.549883, -32.958 ], [ -71.550141, -32.958027 ], [ -71.55035, -32.958536 ], [ -71.549977, -32.958486 ], [ -71.549986, -32.958814 ], [ -71.549516, -32.95854 ], [ -71.549258, -32.958696 ], [ -71.548821, -32.959509 ], [ -71.548976, -32.959883 ], [ -71.548717, -32.95971 ], [ -71.548752, -32.960045 ], [ -71.547896, -32.960421 ], [ -71.547605, -32.960983 ], [ -71.547447, -32.961921 ], [ -71.547941, -32.962439 ], [ -71.547209, -32.962565 ], [ -71.546513, -32.96534 ], [ -71.545386, -32.970866 ], [ -71.545411, -32.973642 ], [ -71.546263, -32.974676 ], [ -71.546114, -32.974878 ], [ -71.546464, -32.975054 ], [ -71.546065, -32.975064 ], [ -71.546452, -32.975361 ], [ -71.546155, -32.975518 ], [ -71.546219, -32.977134 ], [ -71.545836, -32.977315 ], [ -71.54582, -32.978572 ], [ -71.546166, -32.978924 ], [ -71.546512, -32.978895 ], [ -71.547088, -32.979798 ], [ -71.546967, -32.980191 ], [ -71.548115, -32.981444 ], [ -71.548362, -32.981308 ], [ -71.548834, -32.982298 ], [ -71.548604, -32.982455 ], [ -71.548333, -32.982271 ], [ -71.548191, -32.982504 ], [ -71.548532, -32.982799 ], [ -71.548383, -32.982939 ], [ -71.548624, -32.982851 ], [ -71.548501, -32.983013 ], [ -71.54895, -32.983251 ], [ -71.548412, -32.98387 ], [ -71.547897, -32.983944 ], [ -71.547586, -32.98472 ], [ -71.547612, -32.985062 ], [ -71.547898, -32.984994 ], [ -71.54778, -32.985242 ], [ -71.548174, -32.985317 ], [ -71.547381, -32.985586 ], [ -71.54665, -32.987151 ], [ -71.546652, -32.988034 ], [ -71.546911, -32.988182 ], [ -71.546683, -32.988423 ], [ -71.546939, -32.9884 ], [ -71.546707, -32.988831 ], [ -71.547542, -32.990111 ], [ -71.548201, -32.990381 ], [ -71.549304, -32.990359 ], [ -71.549188, -32.990606 ], [ -71.549562, -32.990739 ], [ -71.549424, -32.991103 ], [ -71.548634, -32.991217 ], [ -71.548287, -32.991759 ], [ -71.548896, -32.996666 ], [ -71.549777, -33.000745 ], [ -71.552083, -33.007734 ], [ -71.554204, -33.011483 ], [ -71.555415, -33.01094 ], [ -71.55428, -33.011593 ], [ -71.556358, -33.014179 ], [ -71.563015, -33.019498 ], [ -71.564283, -33.01917 ], [ -71.564621, -33.019277 ], [ -71.564825, -33.018883 ], [ -71.56545, -33.020329 ], [ -71.566278, -33.020906 ], [ -71.567476, -33.020977 ], [ -71.568338, -33.020766 ], [ -71.568512, -33.021284 ], [ -71.568321, -33.021593 ], [ -71.568897, -33.022454 ], [ -71.571302, -33.024691 ], [ -71.573392, -33.025381 ], [ -71.575951, -33.027151 ], [ -71.576895, -33.027547 ], [ -71.579928, -33.026748 ], [ -71.580364, -33.026813 ], [ -71.581548, -33.026126 ], [ -71.581165, -33.02587 ], [ -71.580223, -33.026487 ], [ -71.581384, -33.025514 ], [ -71.583254, -33.025221 ], [ -71.585119, -33.025623 ], [ -71.585786, -33.025409 ], [ -71.58604, -33.025663 ], [ -71.585817, -33.025766 ], [ -71.586112, -33.02671 ], [ -71.586564, -33.027055 ], [ -71.587095, -33.028436 ], [ -71.587733, -33.029597 ], [ -71.589932, -33.030891 ], [ -71.590858, -33.029783 ], [ -71.590003, -33.030926 ], [ -71.590688, -33.031236 ], [ -71.591502, -33.030158 ], [ -71.590731, -33.03126 ], [ -71.594746, -33.033401 ], [ -71.59717, -33.034006 ], [ -71.601953, -33.036947 ], [ -71.602862, -33.037105 ], [ -71.604464, -33.03828 ], [ -71.606122, -33.040574 ], [ -71.607074, -33.041324 ], [ -71.607918, -33.041587 ], [ -71.608431, -33.039793 ], [ -71.608739, -33.039845 ], [ -71.608197, -33.041713 ], [ -71.608554, -33.041936 ], [ -71.61337, -33.042965 ], [ -71.619974, -33.042789 ], [ -71.622213, -33.041943 ], [ -71.625428, -33.039323 ], [ -71.625715, -33.03867 ], [ -71.625262, -33.036532 ], [ -71.626118, -33.035663 ], [ -71.62676, -33.037889 ], [ -71.62817, -33.036274 ], [ -71.627083, -33.034059 ], [ -71.626301, -33.03427 ], [ -71.627922, -33.027687 ], [ -71.62592, -33.027344 ], [ -71.621324, -33.031566 ], [ -71.620731, -33.031986 ], [ -71.620646, -33.031852 ], [ -71.621452, -33.031359 ], [ -71.625808, -33.027176 ], [ -71.627984, -33.027516 ], [ -71.631211, -33.026717 ], [ -71.631705, -33.024429 ], [ -71.632476, -33.023496 ], [ -71.6323, -33.023065 ], [ -71.632695, -33.022904 ], [ -71.632178, -33.021891 ], [ -71.632503, -33.022146 ], [ -71.633345, -33.021639 ], [ -71.633276, -33.020607 ], [ -71.633597, -33.02023 ], [ -71.634163, -33.020101 ], [ -71.634252, -33.01977 ], [ -71.634728, -33.019532 ], [ -71.634918, -33.019788 ], [ -71.635616, -33.019604 ], [ -71.635967, -33.019806 ], [ -71.636019, -33.019597 ], [ -71.636348, -33.020028 ], [ -71.636829, -33.020001 ], [ -71.636959, -33.019242 ], [ -71.63821, -33.018959 ], [ -71.638599, -33.018194 ], [ -71.640278, -33.018408 ], [ -71.640898, -33.018892 ], [ -71.642497, -33.019167 ], [ -71.643249, -33.019905 ], [ -71.643415, -33.02083 ], [ -71.643949, -33.021201 ], [ -71.644083, -33.021823 ], [ -71.644622, -33.022124 ], [ -71.645634, -33.021746 ], [ -71.645748, -33.020915 ], [ -71.645822, -33.021276 ], [ -71.646211, -33.020611 ], [ -71.646443, -33.020677 ], [ -71.646806, -33.020246 ], [ -71.647316, -33.020957 ], [ -71.64722, -33.021745 ], [ -71.647973, -33.021906 ], [ -71.647947, -33.021567 ], [ -71.648476, -33.021183 ], [ -71.648441, -33.021546 ], [ -71.648837, -33.021447 ], [ -71.648794, -33.021681 ], [ -71.64908, -33.021719 ], [ -71.648673, -33.021986 ], [ -71.648697, -33.022201 ], [ -71.649068, -33.022156 ], [ -71.648263, -33.023056 ], [ -71.648415, -33.023171 ], [ -71.647794, -33.023317 ], [ -71.648052, -33.023409 ], [ -71.64786, -33.023788 ], [ -71.648826, -33.024265 ], [ -71.648424, -33.024641 ], [ -71.648621, -33.02468 ], [ -71.648436, -33.025067 ], [ -71.648673, -33.024948 ], [ -71.64903, -33.025616 ], [ -71.64941, -33.02561 ], [ -71.649134, -33.02639 ], [ -71.649333, -33.026726 ], [ -71.650917, -33.02652 ], [ -71.651715, -33.026715 ], [ -71.651891, -33.02697 ], [ -71.652114, -33.026708 ], [ -71.65274, -33.027066 ], [ -71.653755, -33.027234 ], [ -71.653637, -33.027049 ], [ -71.653917, -33.02716 ], [ -71.653969, -33.026904 ], [ -71.654272, -33.027327 ], [ -71.654674, -33.027179 ], [ -71.654599, -33.027465 ], [ -71.654207, -33.027477 ], [ -71.654501, -33.027629 ], [ -71.654356, -33.027894 ], [ -71.654141, -33.027661 ], [ -71.654382, -33.028495 ], [ -71.654124, -33.028513 ], [ -71.654326, -33.028698 ], [ -71.654097, -33.029109 ], [ -71.654384, -33.028915 ], [ -71.65439, -33.029207 ], [ -71.654685, -33.028921 ], [ -71.654575, -33.029128 ], [ -71.654905, -33.029369 ], [ -71.654949, -33.029086 ], [ -71.655241, -33.029092 ], [ -71.655105, -33.029437 ], [ -71.655681, -33.02944 ], [ -71.656314, -33.028595 ], [ -71.656637, -33.028679 ], [ -71.656583, -33.029036 ], [ -71.656358, -33.028976 ], [ -71.655741, -33.02951 ], [ -71.656114, -33.02958 ], [ -71.656239, -33.029909 ], [ -71.656029, -33.030593 ], [ -71.65689, -33.030747 ], [ -71.656739, -33.031009 ], [ -71.656479, -33.03089 ], [ -71.65593, -33.031209 ], [ -71.656962, -33.031334 ], [ -71.657488, -33.03167 ], [ -71.657441, -33.032015 ], [ -71.657, -33.032263 ], [ -71.657399, -33.032341 ], [ -71.657127, -33.032465 ], [ -71.65738, -33.032793 ], [ -71.658113, -33.032928 ], [ -71.657783, -33.033237 ], [ -71.657257, -33.032943 ], [ -71.657339, -33.033517 ], [ -71.656974, -33.033618 ], [ -71.657175, -33.034073 ], [ -71.656375, -33.034235 ], [ -71.656441, -33.034766 ], [ -71.656994, -33.034632 ], [ -71.657402, -33.034796 ], [ -71.657161, -33.035086 ], [ -71.656418, -33.034884 ], [ -71.656149, -33.03522 ], [ -71.656737, -33.03591 ], [ -71.6567, -33.036451 ], [ -71.657142, -33.036523 ], [ -71.657366, -33.037165 ], [ -71.656577, -33.037358 ], [ -71.656285, -33.037713 ], [ -71.657377, -33.038428 ], [ -71.65734, -33.038144 ], [ -71.658301, -33.038589 ], [ -71.659369, -33.039857 ], [ -71.659642, -33.039829 ], [ -71.659719, -33.040116 ], [ -71.659413, -33.039984 ], [ -71.659658, -33.040363 ], [ -71.658921, -33.040371 ], [ -71.65917, -33.040764 ], [ -71.65971, -33.040919 ], [ -71.659914, -33.042024 ], [ -71.658721, -33.042381 ], [ -71.658514, -33.04265 ], [ -71.658907, -33.04269 ], [ -71.658519, -33.042832 ], [ -71.658546, -33.044098 ], [ -71.659211, -33.044265 ], [ -71.658979, -33.044513 ], [ -71.65939, -33.044959 ], [ -71.658535, -33.045592 ], [ -71.659344, -33.04582 ], [ -71.659264, -33.04596 ], [ -71.658925, -33.045921 ], [ -71.659128, -33.046215 ], [ -71.660418, -33.046453 ], [ -71.661068, -33.047258 ], [ -71.661048, -33.047862 ], [ -71.661532, -33.047792 ], [ -71.661827, -33.048447 ], [ -71.662009, -33.048282 ], [ -71.662102, -33.048433 ], [ -71.662052, -33.048649 ], [ -71.661798, -33.048522 ], [ -71.661733, -33.048888 ], [ -71.660573, -33.04881 ], [ -71.660415, -33.049324 ], [ -71.660804, -33.05049 ], [ -71.661323, -33.050529 ], [ -71.661273, -33.050762 ], [ -71.661804, -33.050605 ], [ -71.661984, -33.050922 ], [ -71.661115, -33.050999 ], [ -71.661089, -33.051456 ], [ -71.659606, -33.052371 ], [ -71.659887, -33.052816 ], [ -71.659087, -33.053162 ], [ -71.658752, -33.054013 ], [ -71.659296, -33.054466 ], [ -71.659325, -33.054203 ], [ -71.660964, -33.054179 ], [ -71.660968, -33.054361 ], [ -71.660678, -33.054421 ], [ -71.661261, -33.05464 ], [ -71.661026, -33.055062 ], [ -71.661664, -33.054988 ], [ -71.661777, -33.055351 ], [ -71.661253, -33.055347 ], [ -71.661381, -33.055587 ], [ -71.660796, -33.055788 ], [ -71.660648, -33.056292 ], [ -71.661074, -33.056871 ], [ -71.660615, -33.057298 ], [ -71.660866, -33.058417 ], [ -71.660623, -33.058885 ], [ -71.660922, -33.058881 ], [ -71.660979, -33.05912 ], [ -71.660641, -33.059177 ], [ -71.661072, -33.05926 ], [ -71.661379, -33.060254 ], [ -71.660898, -33.060589 ], [ -71.661197, -33.061234 ], [ -71.660663, -33.061801 ], [ -71.660207, -33.061913 ], [ -71.660123, -33.062806 ], [ -71.660961, -33.063022 ], [ -71.661738, -33.062916 ], [ -71.662059, -33.063409 ], [ -71.662415, -33.063306 ], [ -71.662754, -33.064013 ], [ -71.662266, -33.064145 ], [ -71.66232, -33.064632 ], [ -71.662096, -33.064761 ], [ -71.66232, -33.065066 ], [ -71.661753, -33.065197 ], [ -71.66226, -33.065749 ], [ -71.662031, -33.066516 ], [ -71.662297, -33.066286 ], [ -71.662577, -33.066706 ], [ -71.662178, -33.067206 ], [ -71.662842, -33.067859 ], [ -71.663138, -33.069515 ], [ -71.663053, -33.071008 ], [ -71.662965, -33.071613 ], [ -71.662407, -33.072248 ], [ -71.662662, -33.07264 ], [ -71.66196, -33.073758 ], [ -71.661771, -33.075079 ], [ -71.662407, -33.076022 ], [ -71.663459, -33.076532 ], [ -71.663474, -33.076775 ], [ -71.665128, -33.077167 ], [ -71.66555, -33.077074 ], [ -71.666917, -33.077765 ], [ -71.667474, -33.078173 ], [ -71.667325, -33.078339 ], [ -71.667976, -33.079435 ], [ -71.668605, -33.079494 ], [ -71.668742, -33.080028 ], [ -71.669155, -33.080193 ], [ -71.668703, -33.080749 ], [ -71.668674, -33.081545 ], [ -71.66822, -33.081953 ], [ -71.668562, -33.082516 ], [ -71.668204, -33.083399 ], [ -71.667117, -33.084512 ], [ -71.665353, -33.085736 ], [ -71.663441, -33.08828 ], [ -71.662729, -33.09113 ], [ -71.662771, -33.091732 ], [ -71.663201, -33.092222 ], [ -71.66291, -33.093711 ], [ -71.66467, -33.096054 ], [ -71.666473, -33.097761 ], [ -71.668624, -33.099385 ], [ -71.670816, -33.100594 ], [ -71.670617, -33.100801 ], [ -71.671189, -33.100884 ], [ -71.674683, -33.102721 ], [ -71.675853, -33.102998 ], [ -71.677965, -33.102469 ], [ -71.678018, -33.103012 ], [ -71.678371, -33.103135 ], [ -71.678653, -33.102905 ], [ -71.678683, -33.103438 ], [ -71.679278, -33.103704 ], [ -71.679911, -33.103349 ], [ -71.679762, -33.103752 ], [ -71.680125, -33.103223 ], [ -71.680218, -33.103743 ], [ -71.680823, -33.103357 ], [ -71.68123, -33.103578 ], [ -71.681886, -33.103387 ], [ -71.682209, -33.103673 ], [ -71.682442, -33.10342 ], [ -71.682887, -33.103612 ], [ -71.683132, -33.103295 ], [ -71.683826, -33.103731 ], [ -71.683994, -33.103545 ], [ -71.684387, -33.103762 ], [ -71.684895, -33.103231 ], [ -71.685312, -33.103434 ], [ -71.685621, -33.103222 ], [ -71.686205, -33.10224 ], [ -71.686583, -33.102318 ], [ -71.686556, -33.102744 ], [ -71.686886, -33.102542 ], [ -71.686942, -33.103494 ], [ -71.687463, -33.103595 ], [ -71.687836, -33.104076 ], [ -71.688396, -33.104078 ], [ -71.689042, -33.103735 ], [ -71.689039, -33.103258 ], [ -71.689373, -33.10321 ], [ -71.689354, -33.10282 ], [ -71.689618, -33.102866 ], [ -71.689477, -33.102588 ], [ -71.689777, -33.102719 ], [ -71.689597, -33.102404 ], [ -71.690399, -33.102628 ], [ -71.690882, -33.103205 ], [ -71.691479, -33.102852 ], [ -71.691947, -33.103139 ], [ -71.692177, -33.102869 ], [ -71.693164, -33.103079 ], [ -71.693102, -33.102802 ], [ -71.694056, -33.102751 ], [ -71.694309, -33.102372 ], [ -71.694601, -33.102991 ], [ -71.694979, -33.102868 ], [ -71.694843, -33.102684 ], [ -71.695229, -33.102952 ], [ -71.695063, -33.102488 ], [ -71.69536, -33.102554 ], [ -71.695414, -33.102524 ], [ -71.695186, -33.10237 ], [ -71.695372, -33.102356 ], [ -71.695776, -33.102683 ], [ -71.695623, -33.102251 ], [ -71.695993, -33.102362 ], [ -71.695655, -33.102078 ], [ -71.695988, -33.102093 ], [ -71.695668, -33.101821 ], [ -71.69608, -33.101569 ], [ -71.696551, -33.101759 ], [ -71.696421, -33.102227 ], [ -71.696862, -33.102393 ], [ -71.697072, -33.102074 ], [ -71.69746, -33.102645 ], [ -71.697664, -33.102503 ], [ -71.698106, -33.102897 ], [ -71.699135, -33.102448 ], [ -71.699262, -33.101976 ], [ -71.699658, -33.102542 ], [ -71.700539, -33.10227 ], [ -71.700885, -33.102396 ], [ -71.701337, -33.101581 ], [ -71.701703, -33.101827 ], [ -71.702081, -33.101139 ], [ -71.702421, -33.101227 ], [ -71.702426, -33.100874 ], [ -71.702906, -33.100712 ], [ -71.703138, -33.10089 ], [ -71.703433, -33.100486 ], [ -71.703894, -33.100699 ], [ -71.704419, -33.100581 ], [ -71.70424, -33.10003 ], [ -71.704487, -33.099909 ], [ -71.703945, -33.099677 ], [ -71.704295, -33.099482 ], [ -71.70404, -33.099456 ], [ -71.704104, -33.099156 ], [ -71.704758, -33.099077 ], [ -71.705284, -33.09951 ], [ -71.705257, -33.099291 ], [ -71.70564, -33.099414 ], [ -71.70536, -33.099161 ], [ -71.705519, -33.099062 ], [ -71.706774, -33.099691 ], [ -71.707044, -33.099514 ], [ -71.708133, -33.099786 ], [ -71.708462, -33.099265 ], [ -71.708658, -33.099361 ], [ -71.708467, -33.098868 ], [ -71.708741, -33.099051 ], [ -71.708956, -33.098939 ], [ -71.708772, -33.098741 ], [ -71.70932, -33.098861 ], [ -71.708775, -33.098298 ], [ -71.709618, -33.098239 ], [ -71.709115, -33.098124 ], [ -71.709827, -33.098202 ], [ -71.709812, -33.098489 ], [ -71.710623, -33.098098 ], [ -71.711014, -33.098395 ], [ -71.711651, -33.09811 ], [ -71.711558, -33.097844 ], [ -71.711897, -33.09798 ], [ -71.712352, -33.097691 ], [ -71.712851, -33.097923 ], [ -71.713253, -33.097372 ], [ -71.714308, -33.097578 ], [ -71.714304, -33.097325 ], [ -71.714788, -33.097326 ], [ -71.71478, -33.097097 ], [ -71.715272, -33.096969 ], [ -71.715415, -33.096537 ], [ -71.715842, -33.09651 ], [ -71.715675, -33.09628 ], [ -71.716403, -33.096375 ], [ -71.71688, -33.096753 ], [ -71.717128, -33.096545 ], [ -71.717231, -33.09683 ], [ -71.717454, -33.096823 ], [ -71.717517, -33.096351 ], [ -71.717931, -33.096731 ], [ -71.718287, -33.096726 ], [ -71.718969, -33.096145 ], [ -71.718518, -33.095476 ], [ -71.718578, -33.09507 ], [ -71.719227, -33.094389 ], [ -71.719702, -33.094514 ], [ -71.719858, -33.093488 ], [ -71.720565, -33.093447 ], [ -71.72072, -33.094171 ], [ -71.72099, -33.093463 ], [ -71.721425, -33.093496 ], [ -71.721825, -33.09391 ], [ -71.722312, -33.093629 ], [ -71.722045, -33.092696 ], [ -71.722416, -33.092237 ], [ -71.722401, -33.091616 ], [ -71.723084, -33.090923 ], [ -71.723341, -33.09108 ], [ -71.723289, -33.090758 ], [ -71.723817, -33.090909 ], [ -71.723968, -33.090446 ], [ -71.724726, -33.090217 ], [ -71.725006, -33.09045 ], [ -71.725501, -33.090365 ], [ -71.726785, -33.089447 ], [ -71.726997, -33.089518 ], [ -71.727063, -33.08917 ], [ -71.72725, -33.089572 ], [ -71.727641, -33.089252 ], [ -71.727628, -33.089716 ], [ -71.727921, -33.089154 ], [ -71.727995, -33.089169 ], [ -71.727894, -33.089476 ], [ -71.728242, -33.089591 ], [ -71.728605, -33.089049 ], [ -71.728773, -33.089258 ], [ -71.729771, -33.089105 ], [ -71.729807, -33.089402 ], [ -71.73015, -33.088998 ], [ -71.730897, -33.089619 ], [ -71.731189, -33.089505 ], [ -71.73134, -33.090003 ], [ -71.732662, -33.09004 ], [ -71.733175, -33.090884 ], [ -71.733719, -33.090417 ], [ -71.733517, -33.091047 ], [ -71.733783, -33.090828 ], [ -71.733752, -33.091074 ], [ -71.733183, -33.091557 ], [ -71.732833, -33.091384 ], [ -71.732647, -33.091961 ], [ -71.733545, -33.092406 ], [ -71.734094, -33.092298 ], [ -71.734038, -33.092623 ], [ -71.734305, -33.092446 ], [ -71.734709, -33.092604 ], [ -71.734858, -33.092848 ], [ -71.734515, -33.093286 ], [ -71.734942, -33.093083 ], [ -71.735263, -33.093227 ], [ -71.7353, -33.094658 ], [ -71.735518, -33.09451 ], [ -71.735848, -33.095407 ], [ -71.73569, -33.095941 ], [ -71.736421, -33.095462 ], [ -71.736073, -33.09625 ], [ -71.736507, -33.096033 ], [ -71.73677, -33.096271 ], [ -71.737166, -33.095958 ], [ -71.737673, -33.096065 ], [ -71.737914, -33.096784 ], [ -71.738222, -33.096449 ], [ -71.738265, -33.09677 ], [ -71.738802, -33.096484 ], [ -71.738512, -33.097153 ], [ -71.739037, -33.096894 ], [ -71.73861, -33.0979 ], [ -71.738887, -33.098239 ], [ -71.739574, -33.098497 ], [ -71.740294, -33.097918 ], [ -71.740659, -33.098444 ], [ -71.74158, -33.097686 ], [ -71.741973, -33.097995 ], [ -71.742273, -33.097597 ], [ -71.742108, -33.098474 ], [ -71.742018, -33.098295 ], [ -71.74187, -33.098494 ], [ -71.742331, -33.099336 ], [ -71.743156, -33.099363 ], [ -71.743623, -33.098825 ], [ -71.743726, -33.099268 ], [ -71.743445, -33.099432 ], [ -71.743638, -33.099601 ], [ -71.744356, -33.099276 ], [ -71.745249, -33.099745 ], [ -71.745257, -33.100011 ], [ -71.745672, -33.099609 ], [ -71.745388, -33.100852 ], [ -71.745144, -33.100496 ], [ -71.743821, -33.101151 ], [ -71.743497, -33.101097 ], [ -71.74334, -33.100664 ], [ -71.742983, -33.100702 ], [ -71.742731, -33.09981 ], [ -71.741669, -33.099064 ], [ -71.741276, -33.099037 ], [ -71.741158, -33.099413 ], [ -71.740747, -33.099134 ], [ -71.740177, -33.100958 ], [ -71.739298, -33.101161 ], [ -71.73875, -33.100805 ], [ -71.738439, -33.101138 ], [ -71.738118, -33.101032 ], [ -71.738173, -33.100805 ], [ -71.736969, -33.101324 ], [ -71.736595, -33.101052 ], [ -71.736608, -33.101636 ], [ -71.736184, -33.101696 ], [ -71.73651, -33.101853 ], [ -71.736286, -33.102178 ], [ -71.734131, -33.101637 ], [ -71.73391, -33.101872 ], [ -71.733943, -33.102136 ], [ -71.735523, -33.103013 ], [ -71.735688, -33.103544 ], [ -71.735188, -33.1038 ], [ -71.735257, -33.104343 ], [ -71.736686, -33.104528 ], [ -71.73707, -33.10489 ], [ -71.736751, -33.104976 ], [ -71.737103, -33.105073 ], [ -71.736702, -33.105101 ], [ -71.736731, -33.105391 ], [ -71.737237, -33.105456 ], [ -71.737182, -33.105742 ], [ -71.737709, -33.105595 ], [ -71.738563, -33.10604 ], [ -71.738871, -33.106667 ], [ -71.738718, -33.106931 ], [ -71.738322, -33.106684 ], [ -71.738187, -33.106926 ], [ -71.738685, -33.107358 ], [ -71.738361, -33.10814 ], [ -71.737571, -33.107804 ], [ -71.737687, -33.108045 ], [ -71.73743, -33.107968 ], [ -71.737491, -33.108361 ], [ -71.737309, -33.108592 ], [ -71.737223, -33.108395 ], [ -71.737102, -33.108946 ], [ -71.736969, -33.108821 ], [ -71.736651, -33.109297 ], [ -71.73688, -33.109645 ], [ -71.736235, -33.10967 ], [ -71.736593, -33.110034 ], [ -71.736356, -33.110013 ], [ -71.736514, -33.110396 ], [ -71.736259, -33.110298 ], [ -71.736264, -33.110736 ], [ -71.736015, -33.110924 ], [ -71.735884, -33.11077 ], [ -71.735641, -33.111351 ], [ -71.734779, -33.110753 ], [ -71.734415, -33.110906 ], [ -71.734761, -33.111321 ], [ -71.734547, -33.111468 ], [ -71.735252, -33.111614 ], [ -71.735134, -33.1119 ], [ -71.735948, -33.112318 ], [ -71.73579, -33.112492 ], [ -71.736036, -33.112407 ], [ -71.735665, -33.112758 ], [ -71.735504, -33.112629 ], [ -71.735624, -33.113197 ], [ -71.735452, -33.113051 ], [ -71.73449, -33.11324 ], [ -71.73507, -33.113645 ], [ -71.734761, -33.113709 ], [ -71.734879, -33.114163 ], [ -71.735357, -33.114023 ], [ -71.735444, -33.114314 ], [ -71.736064, -33.114201 ], [ -71.73661, -33.114419 ], [ -71.736496, -33.114915 ], [ -71.735636, -33.115175 ], [ -71.735849, -33.11557 ], [ -71.73624, -33.11552 ], [ -71.736277, -33.115872 ], [ -71.735797, -33.116163 ], [ -71.735745, -33.116547 ], [ -71.735872, -33.116887 ], [ -71.736131, -33.116784 ], [ -71.736114, -33.116857 ], [ -71.736429, -33.116888 ], [ -71.736658, -33.117061 ], [ -71.73662, -33.11728 ], [ -71.736428, -33.116935 ], [ -71.736415, -33.117272 ], [ -71.73611, -33.117345 ], [ -71.736602, -33.117772 ], [ -71.736273, -33.118004 ], [ -71.736539, -33.118124 ], [ -71.734351, -33.118437 ], [ -71.734295, -33.119031 ], [ -71.734029, -33.118716 ], [ -71.732458, -33.118994 ], [ -71.731506, -33.119446 ], [ -71.731648, -33.119838 ], [ -71.731254, -33.120105 ], [ -71.731304, -33.12053 ], [ -71.730883, -33.12036 ], [ -71.729649, -33.121108 ], [ -71.73005, -33.121687 ], [ -71.72965, -33.121508 ], [ -71.728426, -33.1216 ], [ -71.726217, -33.122702 ], [ -71.72563, -33.123594 ], [ -71.725974, -33.124138 ], [ -71.725579, -33.12436 ], [ -71.725687, -33.124749 ], [ -71.726353, -33.125231 ], [ -71.726377, -33.12557 ], [ -71.726071, -33.125459 ], [ -71.726022, -33.125001 ], [ -71.725874, -33.125129 ], [ -71.725512, -33.124805 ], [ -71.72455, -33.12551 ], [ -71.724332, -33.125352 ], [ -71.723746, -33.125628 ], [ -71.722937, -33.12677 ], [ -71.723393, -33.127332 ], [ -71.722551, -33.127075 ], [ -71.72226, -33.127557 ], [ -71.722465, -33.127761 ], [ -71.721943, -33.127818 ], [ -71.721835, -33.128275 ], [ -71.720142, -33.12838 ], [ -71.719514, -33.128781 ], [ -71.71922, -33.129802 ], [ -71.719346, -33.130027 ], [ -71.719953, -33.130102 ], [ -71.720113, -33.130551 ], [ -71.71847, -33.131562 ], [ -71.717546, -33.131826 ], [ -71.716895, -33.132615 ], [ -71.716498, -33.132401 ], [ -71.716164, -33.132777 ], [ -71.715589, -33.132498 ], [ -71.71537, -33.13279 ], [ -71.714799, -33.132583 ], [ -71.714264, -33.133298 ], [ -71.714748, -33.133631 ], [ -71.714313, -33.134062 ], [ -71.713381, -33.134076 ], [ -71.713522, -33.134398 ], [ -71.712614, -33.134917 ], [ -71.712757, -33.135251 ], [ -71.712193, -33.135577 ], [ -71.71074, -33.135708 ], [ -71.71068, -33.13597 ], [ -71.710057, -33.136187 ], [ -71.708199, -33.136116 ], [ -71.70794, -33.136489 ], [ -71.707328, -33.136341 ], [ -71.707348, -33.13658 ], [ -71.706745, -33.136586 ], [ -71.70567, -33.137357 ], [ -71.705696, -33.138668 ], [ -71.706635, -33.139988 ], [ -71.708599, -33.139973 ], [ -71.710043, -33.140446 ], [ -71.71068, -33.140305 ], [ -71.711239, -33.140614 ], [ -71.710888, -33.140845 ], [ -71.712154, -33.14124 ], [ -71.711363, -33.141189 ], [ -71.711305, -33.141608 ], [ -71.711878, -33.142173 ], [ -71.711556, -33.142516 ], [ -71.712112, -33.142738 ], [ -71.712043, -33.142953 ], [ -71.710916, -33.14274 ], [ -71.710491, -33.143294 ], [ -71.710793, -33.143842 ], [ -71.710332, -33.143918 ], [ -71.710473, -33.144267 ], [ -71.711013, -33.144456 ], [ -71.71075, -33.144779 ], [ -71.710913, -33.14509 ], [ -71.711313, -33.145021 ], [ -71.711335, -33.145425 ], [ -71.710988, -33.145568 ], [ -71.711151, -33.145851 ], [ -71.710593, -33.146446 ], [ -71.710298, -33.146163 ], [ -71.709053, -33.146147 ], [ -71.709304, -33.146748 ], [ -71.709915, -33.146837 ], [ -71.709568, -33.147111 ], [ -71.709956, -33.147088 ], [ -71.709886, -33.147668 ], [ -71.708797, -33.147225 ], [ -71.708597, -33.147512 ], [ -71.708012, -33.147447 ], [ -71.707351, -33.147948 ], [ -71.707513, -33.149215 ], [ -71.706859, -33.148731 ], [ -71.706326, -33.149286 ], [ -71.706502, -33.150368 ], [ -71.706072, -33.150566 ], [ -71.706574, -33.15118 ], [ -71.706219, -33.151544 ], [ -71.705175, -33.151682 ], [ -71.705069, -33.152087 ], [ -71.705265, -33.152391 ], [ -71.706695, -33.152118 ], [ -71.706343, -33.152834 ], [ -71.706095, -33.152861 ], [ -71.706131, -33.153254 ], [ -71.705461, -33.153491 ], [ -71.705292, -33.15317 ], [ -71.703918, -33.152869 ], [ -71.703928, -33.152602 ], [ -71.703432, -33.152414 ], [ -71.702453, -33.152501 ], [ -71.701814, -33.153153 ], [ -71.701188, -33.152825 ], [ -71.700588, -33.152993 ], [ -71.700464, -33.153288 ], [ -71.699893, -33.153102 ], [ -71.699144, -33.153535 ], [ -71.69899, -33.153976 ], [ -71.699379, -33.154874 ], [ -71.699812, -33.154938 ], [ -71.699553, -33.155058 ], [ -71.699837, -33.155055 ], [ -71.699767, -33.155458 ], [ -71.699732, -33.155454 ], [ -71.699785, -33.155463 ], [ -71.699637, -33.156004 ], [ -71.699372, -33.156088 ], [ -71.699387, -33.155819 ], [ -71.698262, -33.15684 ], [ -71.697275, -33.158574 ], [ -71.697251, -33.159281 ], [ -71.696884, -33.159523 ], [ -71.697056, -33.159737 ], [ -71.696566, -33.159734 ], [ -71.695894, -33.160992 ], [ -71.695313, -33.161213 ], [ -71.695196, -33.161659 ], [ -71.69463, -33.161953 ], [ -71.694999, -33.162138 ], [ -71.694613, -33.162201 ], [ -71.69482, -33.162427 ], [ -71.694194, -33.162565 ], [ -71.694341, -33.162786 ], [ -71.693793, -33.162821 ], [ -71.693557, -33.164651 ], [ -71.693163, -33.165276 ], [ -71.692618, -33.165485 ], [ -71.692945, -33.165714 ], [ -71.692613, -33.165871 ], [ -71.692522, -33.166471 ], [ -71.692805, -33.16686 ], [ -71.691843, -33.167198 ], [ -71.691021, -33.166871 ], [ -71.689233, -33.168048 ], [ -71.689079, -33.168535 ], [ -71.688729, -33.168645 ], [ -71.688901, -33.168892 ], [ -71.688303, -33.168797 ], [ -71.687393, -33.170109 ], [ -71.687203, -33.171226 ], [ -71.686422, -33.17174 ], [ -71.686623, -33.172178 ], [ -71.686015, -33.172446 ], [ -71.686732, -33.172339 ], [ -71.686692, -33.172518 ], [ -71.686034, -33.172789 ], [ -71.685608, -33.17261 ], [ -71.684649, -33.172999 ], [ -71.68411, -33.176107 ], [ -71.684291, -33.180064 ], [ -71.684491, -33.181176 ], [ -71.685304, -33.182922 ], [ -71.687231, -33.183284 ], [ -71.687464, -33.183141 ], [ -71.687481, -33.183323 ], [ -71.688626, -33.183499 ], [ -71.688227, -33.184359 ], [ -71.688801, -33.185276 ], [ -71.689425, -33.185688 ], [ -71.689766, -33.186444 ], [ -71.689577, -33.186377 ], [ -71.689063, -33.187717 ], [ -71.689364, -33.188126 ], [ -71.690073, -33.188491 ], [ -71.691341, -33.188508 ], [ -71.691951, -33.189432 ], [ -71.69297, -33.189257 ], [ -71.693822, -33.189627 ], [ -71.694442, -33.18931 ], [ -71.694231, -33.18963 ], [ -71.694899, -33.18975 ], [ -71.696317, -33.189498 ], [ -71.696434, -33.188983 ], [ -71.696829, -33.188744 ], [ -71.696442, -33.189753 ], [ -71.696585, -33.190219 ], [ -71.696904, -33.190176 ], [ -71.696641, -33.190512 ], [ -71.696833, -33.190566 ], [ -71.697051, -33.190292 ], [ -71.697203, -33.190685 ], [ -71.697522, -33.190443 ], [ -71.697289, -33.190854 ], [ -71.698122, -33.190782 ], [ -71.698145, -33.191489 ], [ -71.69912, -33.191784 ], [ -71.698817, -33.192167 ], [ -71.699189, -33.192271 ], [ -71.699294, -33.193732 ], [ -71.700237, -33.193715 ], [ -71.701047, -33.193041 ], [ -71.701749, -33.192848 ], [ -71.701881, -33.192285 ], [ -71.702678, -33.192207 ], [ -71.702881, -33.19177 ], [ -71.703424, -33.192077 ], [ -71.702649, -33.193603 ], [ -71.703313, -33.194107 ], [ -71.702987, -33.194286 ], [ -71.703169, -33.194603 ], [ -71.704292, -33.194928 ], [ -71.704233, -33.195282 ], [ -71.70479, -33.195558 ], [ -71.704858, -33.19633 ], [ -71.706217, -33.196426 ], [ -71.706788, -33.196679 ], [ -71.706683, -33.196965 ], [ -71.707156, -33.197039 ], [ -71.706825, -33.197427 ], [ -71.707126, -33.197634 ], [ -71.706963, -33.198007 ], [ -71.707205, -33.198194 ], [ -71.706919, -33.19805 ], [ -71.706723, -33.198339 ], [ -71.707656, -33.198937 ], [ -71.707867, -33.199546 ], [ -71.707558, -33.199736 ], [ -71.707425, -33.199553 ], [ -71.707394, -33.199965 ], [ -71.707285, -33.1997 ], [ -71.706918, -33.200986 ], [ -71.706503, -33.200677 ], [ -71.706583, -33.201381 ], [ -71.706018, -33.200795 ], [ -71.7058, -33.200881 ], [ -71.705921, -33.201618 ], [ -71.705416, -33.201402 ], [ -71.705218, -33.201594 ], [ -71.703454, -33.201354 ], [ -71.702518, -33.201632 ], [ -71.702345, -33.202029 ], [ -71.702066, -33.201905 ], [ -71.702156, -33.202421 ], [ -71.70164, -33.202302 ], [ -71.70208, -33.202939 ], [ -71.701907, -33.202817 ], [ -71.701555, -33.20338 ], [ -71.701881, -33.203555 ], [ -71.702141, -33.203388 ], [ -71.70373, -33.205005 ], [ -71.704166, -33.204728 ], [ -71.704063, -33.205187 ], [ -71.704502, -33.205317 ], [ -71.704469, -33.205501 ], [ -71.702994, -33.205007 ], [ -71.702578, -33.204611 ], [ -71.701964, -33.204649 ], [ -71.70135, -33.204048 ], [ -71.699411, -33.204605 ], [ -71.698658, -33.205529 ], [ -71.698918, -33.206405 ], [ -71.699404, -33.206942 ], [ -71.700059, -33.20683 ], [ -71.700375, -33.207019 ], [ -71.700271, -33.207271 ], [ -71.70059, -33.207047 ], [ -71.700814, -33.207189 ], [ -71.700223, -33.2079 ], [ -71.700331, -33.208086 ], [ -71.700853, -33.207858 ], [ -71.700456, -33.208247 ], [ -71.70095, -33.208687 ], [ -71.700671, -33.208996 ], [ -71.700734, -33.208675 ], [ -71.70038, -33.208988 ], [ -71.7001, -33.208816 ], [ -71.700167, -33.208306 ], [ -71.699392, -33.20762 ], [ -71.698443, -33.207798 ], [ -71.69826, -33.20798 ], [ -71.698686, -33.208676 ], [ -71.698466, -33.20859 ], [ -71.698206, -33.209109 ], [ -71.697963, -33.208971 ], [ -71.698257, -33.209351 ], [ -71.697863, -33.209207 ], [ -71.697633, -33.209399 ], [ -71.697823, -33.20968 ], [ -71.696824, -33.209871 ], [ -71.69684, -33.210281 ], [ -71.696661, -33.20997 ], [ -71.696313, -33.209976 ], [ -71.69632, -33.211136 ], [ -71.695758, -33.21113 ], [ -71.696149, -33.211361 ], [ -71.694849, -33.211094 ], [ -71.695026, -33.211738 ], [ -71.694695, -33.211952 ], [ -71.694408, -33.211551 ], [ -71.694384, -33.212164 ], [ -71.693078, -33.213175 ], [ -71.693367, -33.213495 ], [ -71.693634, -33.213323 ], [ -71.693413, -33.213636 ], [ -71.693958, -33.213704 ], [ -71.693838, -33.213994 ], [ -71.693352, -33.214136 ], [ -71.693064, -33.213543 ], [ -71.692554, -33.213385 ], [ -71.691755, -33.213565 ], [ -71.692036, -33.214128 ], [ -71.691573, -33.213916 ], [ -71.691704, -33.214249 ], [ -71.69137, -33.214165 ], [ -71.691528, -33.214504 ], [ -71.691007, -33.214751 ], [ -71.690613, -33.214422 ], [ -71.689695, -33.214571 ], [ -71.688469, -33.214023 ], [ -71.687666, -33.213996 ], [ -71.687004, -33.214268 ], [ -71.685837, -33.216039 ], [ -71.686106, -33.216976 ], [ -71.685925, -33.217525 ], [ -71.684293, -33.218782 ], [ -71.683537, -33.218933 ], [ -71.682953, -33.219701 ], [ -71.683102, -33.22011 ], [ -71.682222, -33.220591 ], [ -71.681484, -33.221465 ], [ -71.681458, -33.222429 ], [ -71.681807, -33.222602 ], [ -71.681546, -33.222734 ], [ -71.682014, -33.223007 ], [ -71.681563, -33.223051 ], [ -71.681508, -33.223495 ], [ -71.681917, -33.225218 ], [ -71.682181, -33.22534 ], [ -71.681562, -33.225717 ], [ -71.681771, -33.225885 ], [ -71.681226, -33.226424 ], [ -71.681467, -33.226751 ], [ -71.680937, -33.22682 ], [ -71.680309, -33.227919 ], [ -71.680552, -33.22915 ], [ -71.679867, -33.229092 ], [ -71.679571, -33.229738 ], [ -71.679848, -33.230625 ], [ -71.680287, -33.230638 ], [ -71.679925, -33.231043 ], [ -71.68035, -33.231556 ], [ -71.679955, -33.23173 ], [ -71.679492, -33.232583 ], [ -71.679835, -33.233921 ], [ -71.680539, -33.234451 ], [ -71.68185, -33.2347 ], [ -71.683108, -33.234595 ], [ -71.683215, -33.234873 ], [ -71.684011, -33.235174 ], [ -71.684906, -33.234836 ], [ -71.68455, -33.235139 ], [ -71.685052, -33.235198 ], [ -71.684624, -33.235597 ], [ -71.685013, -33.235657 ], [ -71.685408, -33.23629 ], [ -71.685899, -33.236311 ], [ -71.686293, -33.237349 ], [ -71.686132, -33.237826 ], [ -71.687026, -33.23786 ], [ -71.687328, -33.238208 ], [ -71.68631, -33.23877 ], [ -71.686369, -33.239076 ], [ -71.685832, -33.239746 ], [ -71.686433, -33.241135 ], [ -71.687291, -33.241475 ], [ -71.687921, -33.241426 ], [ -71.689544, -33.242179 ], [ -71.689871, -33.241786 ], [ -71.690129, -33.241862 ], [ -71.689835, -33.242668 ], [ -71.690785, -33.242515 ], [ -71.690527, -33.242982 ], [ -71.690802, -33.243125 ], [ -71.689837, -33.243425 ], [ -71.689919, -33.243965 ], [ -71.690455, -33.244424 ], [ -71.691002, -33.244265 ], [ -71.691105, -33.243998 ], [ -71.691855, -33.244205 ], [ -71.691384, -33.244551 ], [ -71.691677, -33.245221 ], [ -71.692799, -33.24541 ], [ -71.694387, -33.245282 ], [ -71.695275, -33.246543 ], [ -71.69474, -33.246586 ], [ -71.695272, -33.247346 ], [ -71.694855, -33.24744 ], [ -71.693887, -33.248398 ], [ -71.694743, -33.248532 ], [ -71.69526, -33.249205 ], [ -71.694631, -33.249144 ], [ -71.694759, -33.249539 ], [ -71.694471, -33.249858 ], [ -71.693809, -33.249385 ], [ -71.692249, -33.249787 ], [ -71.692111, -33.250016 ], [ -71.692472, -33.250133 ], [ -71.692588, -33.250477 ], [ -71.690844, -33.250677 ], [ -71.691009, -33.25109 ], [ -71.690361, -33.250767 ], [ -71.690885, -33.251155 ], [ -71.690413, -33.251447 ], [ -71.690941, -33.251694 ], [ -71.690777, -33.252009 ], [ -71.690463, -33.251727 ], [ -71.690398, -33.252014 ], [ -71.689928, -33.251478 ], [ -71.689675, -33.251783 ], [ -71.688827, -33.25142 ], [ -71.688266, -33.251652 ], [ -71.688502, -33.251875 ], [ -71.687716, -33.251738 ], [ -71.687692, -33.252308 ], [ -71.68724, -33.25206 ], [ -71.687394, -33.252453 ], [ -71.686606, -33.25231 ], [ -71.686337, -33.252642 ], [ -71.68565, -33.25265 ], [ -71.685652, -33.252951 ], [ -71.685288, -33.252885 ], [ -71.68527, -33.253258 ], [ -71.684642, -33.253447 ], [ -71.683871, -33.254474 ], [ -71.683259, -33.254262 ], [ -71.682989, -33.254748 ], [ -71.682583, -33.254665 ], [ -71.682259, -33.255453 ], [ -71.682684, -33.255699 ], [ -71.682421, -33.25643 ], [ -71.68274, -33.256667 ], [ -71.681828, -33.257094 ], [ -71.681732, -33.257545 ], [ -71.682045, -33.258093 ], [ -71.681493, -33.258283 ], [ -71.681411, -33.258575 ], [ -71.681206, -33.258349 ], [ -71.680933, -33.258574 ], [ -71.680841, -33.258848 ], [ -71.68112, -33.258821 ], [ -71.680829, -33.259083 ], [ -71.681035, -33.259157 ], [ -71.680654, -33.259216 ], [ -71.681025, -33.259638 ], [ -71.680592, -33.259643 ], [ -71.680799, -33.259827 ], [ -71.679729, -33.259892 ], [ -71.680099, -33.26057 ], [ -71.680759, -33.260843 ], [ -71.680697, -33.261249 ], [ -71.680466, -33.261353 ], [ -71.68056, -33.261123 ], [ -71.679985, -33.260791 ], [ -71.67997, -33.261202 ], [ -71.679491, -33.261736 ], [ -71.678991, -33.261598 ], [ -71.678469, -33.261922 ], [ -71.678782, -33.26252 ], [ -71.678528, -33.262452 ], [ -71.678518, -33.262752 ], [ -71.678241, -33.262625 ], [ -71.678432, -33.263049 ], [ -71.678057, -33.263132 ], [ -71.677831, -33.262879 ], [ -71.677377, -33.263272 ], [ -71.677603, -33.263584 ], [ -71.677082, -33.263464 ], [ -71.677116, -33.263887 ], [ -71.675624, -33.264115 ], [ -71.675286, -33.264514 ], [ -71.675274, -33.265129 ], [ -71.674654, -33.265132 ], [ -71.673808, -33.26573 ], [ -71.674115, -33.266205 ], [ -71.673866, -33.266259 ], [ -71.673817, -33.266722 ], [ -71.674297, -33.267567 ], [ -71.67405, -33.267827 ], [ -71.674255, -33.268035 ], [ -71.674446, -33.26789 ], [ -71.674255, -33.268228 ], [ -71.67457, -33.268238 ], [ -71.674702, -33.268715 ], [ -71.674488, -33.26903 ], [ -71.675427, -33.269646 ], [ -71.675091, -33.269949 ], [ -71.674831, -33.270978 ], [ -71.673508, -33.272139 ], [ -71.673028, -33.27357 ], [ -71.674287, -33.274214 ], [ -71.674513, -33.274047 ], [ -71.674647, -33.274791 ], [ -71.674088, -33.275006 ], [ -71.673946, -33.275367 ], [ -71.673731, -33.275209 ], [ -71.673293, -33.275405 ], [ -71.67316, -33.275852 ], [ -71.673634, -33.276075 ], [ -71.672637, -33.276474 ], [ -71.672274, -33.27703 ], [ -71.671805, -33.277027 ], [ -71.671319, -33.277621 ], [ -71.671417, -33.278085 ], [ -71.66988, -33.278455 ], [ -71.669441, -33.279069 ], [ -71.668137, -33.279727 ], [ -71.667732, -33.279871 ], [ -71.667166, -33.279475 ], [ -71.666104, -33.279484 ], [ -71.665275, -33.278884 ], [ -71.66444, -33.278991 ], [ -71.663975, -33.279341 ], [ -71.661818, -33.281207 ], [ -71.660349, -33.28308 ], [ -71.657822, -33.2875 ], [ -71.656172, -33.289515 ], [ -71.655103, -33.291988 ], [ -71.654887, -33.293195 ], [ -71.653927, -33.295035 ], [ -71.65407, -33.295399 ], [ -71.654613, -33.29538 ], [ -71.654913, -33.295615 ], [ -71.654414, -33.296399 ], [ -71.654913, -33.296809 ], [ -71.654799, -33.29728 ], [ -71.655187, -33.297182 ], [ -71.654792, -33.297509 ], [ -71.655549, -33.298554 ], [ -71.655195, -33.298586 ], [ -71.655116, -33.298076 ], [ -71.654788, -33.298435 ], [ -71.654884, -33.298754 ], [ -71.654339, -33.298403 ], [ -71.654626, -33.298934 ], [ -71.654212, -33.299605 ], [ -71.654303, -33.299968 ], [ -71.653948, -33.300208 ], [ -71.654122, -33.300385 ], [ -71.653778, -33.300969 ], [ -71.65323, -33.300988 ], [ -71.652566, -33.301826 ], [ -71.652246, -33.302964 ], [ -71.652503, -33.303552 ], [ -71.652901, -33.303684 ], [ -71.652589, -33.303726 ], [ -71.652988, -33.303798 ], [ -71.652804, -33.303927 ], [ -71.653047, -33.304028 ], [ -71.652895, -33.304358 ], [ -71.653265, -33.304511 ], [ -71.653136, -33.304782 ], [ -71.653952, -33.30544 ], [ -71.653978, -33.306935 ], [ -71.654499, -33.307281 ], [ -71.654269, -33.307294 ], [ -71.654083, -33.308003 ], [ -71.654896, -33.310289 ], [ -71.654171, -33.31082 ], [ -71.653646, -33.311743 ], [ -71.65329, -33.311703 ], [ -71.653012, -33.312375 ], [ -71.652003, -33.313073 ], [ -71.651942, -33.314004 ], [ -71.652208, -33.313942 ], [ -71.652426, -33.314541 ], [ -71.652302, -33.314849 ], [ -71.651783, -33.31503 ], [ -71.651699, -33.316063 ], [ -71.652331, -33.319435 ], [ -71.652755, -33.319724 ], [ -71.651594, -33.321264 ], [ -71.651797, -33.321564 ], [ -71.651487, -33.322106 ], [ -71.651859, -33.322059 ], [ -71.651551, -33.322301 ], [ -71.651755, -33.322468 ], [ -71.6522, -33.322309 ], [ -71.652172, -33.323363 ], [ -71.651512, -33.323439 ], [ -71.651734, -33.323744 ], [ -71.651028, -33.325773 ], [ -71.650628, -33.328782 ], [ -71.650872, -33.334414 ], [ -71.651883, -33.342144 ], [ -71.653582, -33.348636 ], [ -71.655447, -33.353131 ], [ -71.656176, -33.354149 ], [ -71.658715, -33.356183 ], [ -71.660914, -33.357095 ], [ -71.662168, -33.357892 ], [ -71.663646, -33.35828 ], [ -71.665686, -33.360538 ], [ -71.667762, -33.36085 ], [ -71.66974, -33.360189 ], [ -71.670854, -33.360037 ], [ -71.671294, -33.360214 ], [ -71.671955, -33.360694 ], [ -71.671983, -33.361969 ], [ -71.672387, -33.362774 ], [ -71.673231, -33.363536 ], [ -71.675511, -33.364539 ], [ -71.67794, -33.364752 ], [ -71.678895, -33.364558 ], [ -71.680436, -33.365242 ], [ -71.680893, -33.36523 ], [ -71.683386, -33.363032 ], [ -71.683816, -33.362307 ], [ -71.684611, -33.362065 ], [ -71.68475, -33.36155 ], [ -71.686314, -33.361921 ], [ -71.687046, -33.361321 ], [ -71.687278, -33.360726 ], [ -71.686395, -33.36039 ], [ -71.684544, -33.361145 ], [ -71.684654, -33.360802 ], [ -71.686395, -33.360174 ], [ -71.687078, -33.359234 ], [ -71.688639, -33.359456 ], [ -71.688887, -33.359964 ], [ -71.688676, -33.360452 ], [ -71.687429, -33.360626 ], [ -71.687242, -33.361418 ], [ -71.686231, -33.362366 ], [ -71.686405, -33.362962 ], [ -71.687359, -33.363624 ], [ -71.687849, -33.364937 ], [ -71.687076, -33.365927 ], [ -71.687153, -33.366308 ], [ -71.688383, -33.36733 ], [ -71.690012, -33.367722 ], [ -71.69092, -33.367297 ], [ -71.691091, -33.366694 ], [ -71.691611, -33.366828 ], [ -71.691985, -33.365855 ], [ -71.692229, -33.365946 ], [ -71.692209, -33.365744 ], [ -71.69335, -33.365355 ], [ -71.693612, -33.365 ], [ -71.694041, -33.365048 ], [ -71.693491, -33.365396 ], [ -71.693627, -33.365642 ], [ -71.693323, -33.365936 ], [ -71.69384, -33.36627 ], [ -71.694664, -33.366047 ], [ -71.69455, -33.366296 ], [ -71.695078, -33.366405 ], [ -71.695438, -33.367034 ], [ -71.694608, -33.367467 ], [ -71.694081, -33.368216 ], [ -71.693658, -33.368322 ], [ -71.693036, -33.369278 ], [ -71.69437, -33.370391 ], [ -71.695041, -33.370593 ], [ -71.695326, -33.370376 ], [ -71.695295, -33.370703 ], [ -71.69605, -33.370906 ], [ -71.695099, -33.371569 ], [ -71.695031, -33.372436 ], [ -71.693833, -33.372485 ], [ -71.695213, -33.372435 ], [ -71.696073, -33.373018 ], [ -71.695878, -33.373124 ], [ -71.696522, -33.373262 ], [ -71.696387, -33.37357 ], [ -71.696621, -33.373326 ], [ -71.696718, -33.374033 ], [ -71.696536, -33.374147 ], [ -71.695766, -33.373812 ], [ -71.695565, -33.374345 ], [ -71.695909, -33.374628 ], [ -71.695559, -33.374689 ], [ -71.69567, -33.375098 ], [ -71.695164, -33.375077 ], [ -71.69474, -33.375434 ], [ -71.69426, -33.375279 ], [ -71.694115, -33.375834 ], [ -71.694525, -33.375928 ], [ -71.694793, -33.376322 ], [ -71.695115, -33.37628 ], [ -71.695125, -33.376588 ], [ -71.695632, -33.376548 ], [ -71.695623, -33.377022 ], [ -71.695877, -33.376782 ], [ -71.695618, -33.377378 ], [ -71.695947, -33.378678 ], [ -71.695032, -33.379291 ], [ -71.695568, -33.379935 ], [ -71.696086, -33.380113 ], [ -71.695751, -33.380213 ], [ -71.695683, -33.380662 ], [ -71.695228, -33.381018 ], [ -71.694596, -33.381191 ], [ -71.69477, -33.381337 ], [ -71.694433, -33.381602 ], [ -71.694854, -33.381738 ], [ -71.694464, -33.381779 ], [ -71.694722, -33.382097 ], [ -71.694342, -33.382163 ], [ -71.694778, -33.382333 ], [ -71.694329, -33.382605 ], [ -71.69479, -33.3827 ], [ -71.694728, -33.383118 ], [ -71.694973, -33.383305 ], [ -71.694193, -33.383118 ], [ -71.694086, -33.38343 ], [ -71.694366, -33.383694 ], [ -71.694102, -33.383945 ], [ -71.694085, -33.385044 ], [ -71.69356, -33.385629 ], [ -71.693653, -33.386022 ], [ -71.692906, -33.386792 ], [ -71.692914, -33.38704 ], [ -71.693392, -33.387148 ], [ -71.692533, -33.387833 ], [ -71.692577, -33.388665 ], [ -71.693435, -33.390119 ], [ -71.694233, -33.390658 ], [ -71.694489, -33.392137 ], [ -71.695223, -33.3933 ], [ -71.696576, -33.394283 ], [ -71.697733, -33.394504 ], [ -71.697811, -33.393672 ], [ -71.697943, -33.394139 ], [ -71.698462, -33.394124 ], [ -71.698429, -33.393678 ], [ -71.698857, -33.394111 ], [ -71.700433, -33.392129 ], [ -71.700406, -33.392348 ], [ -71.70118, -33.391868 ], [ -71.701521, -33.391908 ], [ -71.701952, -33.391361 ], [ -71.701925, -33.391666 ], [ -71.702143, -33.391391 ], [ -71.702466, -33.391541 ], [ -71.702158, -33.392134 ], [ -71.702405, -33.392005 ], [ -71.702398, -33.392354 ], [ -71.702917, -33.392169 ], [ -71.702788, -33.392551 ], [ -71.703925, -33.392708 ], [ -71.704206, -33.393063 ], [ -71.703808, -33.393004 ], [ -71.704013, -33.393338 ], [ -71.704521, -33.393337 ], [ -71.704705, -33.393569 ], [ -71.704051, -33.393475 ], [ -71.704402, -33.394017 ], [ -71.704024, -33.393952 ], [ -71.704361, -33.39427 ], [ -71.70382, -33.39438 ], [ -71.704351, -33.394652 ], [ -71.704216, -33.395256 ], [ -71.704445, -33.395356 ], [ -71.704023, -33.395424 ], [ -71.703936, -33.395958 ], [ -71.703535, -33.395839 ], [ -71.703298, -33.396022 ], [ -71.703495, -33.396303 ], [ -71.703124, -33.396456 ], [ -71.70327, -33.396758 ], [ -71.702353, -33.397289 ], [ -71.702478, -33.398221 ], [ -71.702047, -33.398515 ], [ -71.700211, -33.398392 ], [ -71.700066, -33.3987 ], [ -71.700334, -33.399042 ], [ -71.699952, -33.399508 ], [ -71.70016, -33.399712 ], [ -71.699712, -33.400066 ], [ -71.7001, -33.400781 ], [ -71.699394, -33.400868 ], [ -71.699635, -33.401986 ], [ -71.699044, -33.401968 ], [ -71.698888, -33.402186 ], [ -71.699266, -33.4026 ], [ -71.699218, -33.403133 ], [ -71.699673, -33.403486 ], [ -71.699398, -33.403628 ], [ -71.699704, -33.403923 ], [ -71.699479, -33.404412 ], [ -71.699994, -33.40466 ], [ -71.699596, -33.405434 ], [ -71.700108, -33.405723 ], [ -71.699405, -33.406223 ], [ -71.699688, -33.406155 ], [ -71.69936, -33.406443 ], [ -71.699617, -33.406766 ], [ -71.699132, -33.407012 ], [ -71.699533, -33.407281 ], [ -71.699257, -33.407279 ], [ -71.699348, -33.407467 ], [ -71.698865, -33.407923 ], [ -71.699567, -33.40851 ], [ -71.699438, -33.40867 ], [ -71.699763, -33.40874 ], [ -71.699472, -33.409482 ], [ -71.699579, -33.410551 ], [ -71.69993, -33.410877 ], [ -71.699689, -33.411151 ], [ -71.699968, -33.411787 ], [ -71.700535, -33.412035 ], [ -71.700393, -33.412233 ], [ -71.700797, -33.412097 ], [ -71.700932, -33.41261 ], [ -71.701301, -33.412461 ], [ -71.701237, -33.412728 ], [ -71.701922, -33.412668 ], [ -71.701835, -33.413029 ], [ -71.702151, -33.412995 ], [ -71.702069, -33.413414 ], [ -71.701714, -33.413516 ], [ -71.702059, -33.413722 ], [ -71.701836, -33.413881 ], [ -71.702086, -33.413975 ], [ -71.701998, -33.414833 ], [ -71.702388, -33.414934 ], [ -71.701938, -33.41561 ], [ -71.702044, -33.416026 ], [ -71.703362, -33.416665 ], [ -71.703911, -33.416624 ], [ -71.704062, -33.416859 ], [ -71.703821, -33.417132 ], [ -71.703722, -33.416857 ], [ -71.703668, -33.417075 ], [ -71.703405, -33.416867 ], [ -71.701527, -33.417051 ], [ -71.700411, -33.418136 ], [ -71.699972, -33.419734 ], [ -71.700052, -33.421275 ], [ -71.700634, -33.422417 ], [ -71.700467, -33.423665 ], [ -71.702291, -33.42581 ], [ -71.703644, -33.426294 ], [ -71.704589, -33.426126 ], [ -71.707132, -33.423811 ], [ -71.707796, -33.423593 ], [ -71.708897, -33.424065 ], [ -71.70919, -33.42393 ], [ -71.709009, -33.424124 ], [ -71.709577, -33.424247 ], [ -71.709538, -33.42444 ], [ -71.709266, -33.424376 ], [ -71.709846, -33.425142 ], [ -71.708849, -33.425116 ], [ -71.708548, -33.425396 ], [ -71.708709, -33.425664 ], [ -71.708247, -33.42545 ], [ -71.708413, -33.425291 ], [ -71.707966, -33.425345 ], [ -71.707262, -33.426377 ], [ -71.706032, -33.426506 ], [ -71.706303, -33.426707 ], [ -71.705833, -33.426747 ], [ -71.706063, -33.42692 ], [ -71.705623, -33.427066 ], [ -71.705626, -33.427308 ], [ -71.703553, -33.427717 ], [ -71.703446, -33.428189 ], [ -71.702443, -33.428924 ], [ -71.702725, -33.429498 ], [ -71.702255, -33.429521 ], [ -71.702117, -33.429772 ], [ -71.702316, -33.430363 ], [ -71.702713, -33.430201 ], [ -71.703084, -33.430441 ], [ -71.703125, -33.431053 ], [ -71.702668, -33.430745 ], [ -71.701072, -33.430783 ], [ -71.700728, -33.431315 ], [ -71.699766, -33.431357 ], [ -71.700263, -33.431605 ], [ -71.699299, -33.432051 ], [ -71.69881, -33.431763 ], [ -71.698064, -33.431954 ], [ -71.698041, -33.43268 ], [ -71.697649, -33.432769 ], [ -71.697911, -33.432913 ], [ -71.69751, -33.433573 ], [ -71.697802, -33.433653 ], [ -71.698192, -33.434446 ], [ -71.697873, -33.43498 ], [ -71.698149, -33.4351 ], [ -71.697095, -33.435575 ], [ -71.697378, -33.435636 ], [ -71.69715, -33.435922 ], [ -71.696605, -33.435824 ], [ -71.696006, -33.436161 ], [ -71.695953, -33.436521 ], [ -71.696356, -33.436647 ], [ -71.696203, -33.437169 ], [ -71.695419, -33.437303 ], [ -71.695261, -33.437029 ], [ -71.694588, -33.437493 ], [ -71.694531, -33.437282 ], [ -71.693398, -33.43757 ], [ -71.69327, -33.437343 ], [ -71.692875, -33.437584 ], [ -71.69293, -33.437376 ], [ -71.691831, -33.437372 ], [ -71.691789, -33.437418 ], [ -71.692069, -33.437546 ], [ -71.691449, -33.437748 ], [ -71.691154, -33.438273 ], [ -71.690564, -33.438361 ], [ -71.690426, -33.438928 ], [ -71.689068, -33.439018 ], [ -71.688298, -33.439656 ], [ -71.68806, -33.440338 ], [ -71.688737, -33.4408 ], [ -71.68822, -33.44117 ], [ -71.688304, -33.4417 ], [ -71.68741, -33.441959 ], [ -71.687655, -33.442329 ], [ -71.687168, -33.443116 ], [ -71.685962, -33.443135 ], [ -71.68581, -33.443593 ], [ -71.685346, -33.443293 ], [ -71.684483, -33.443328 ], [ -71.684295, -33.443674 ], [ -71.683345, -33.444171 ], [ -71.683257, -33.44515 ], [ -71.682479, -33.445118 ], [ -71.682577, -33.445274 ], [ -71.68216, -33.445345 ], [ -71.682374, -33.445445 ], [ -71.682214, -33.445631 ], [ -71.681273, -33.446088 ], [ -71.680388, -33.445256 ], [ -71.679401, -33.445596 ], [ -71.679055, -33.446366 ], [ -71.679828, -33.446803 ], [ -71.679947, -33.447234 ], [ -71.679704, -33.447604 ], [ -71.680306, -33.447833 ], [ -71.679962, -33.447861 ], [ -71.679971, -33.448268 ], [ -71.680158, -33.44821 ], [ -71.679854, -33.448779 ], [ -71.679364, -33.448872 ], [ -71.679488, -33.449112 ], [ -71.679089, -33.449383 ], [ -71.678773, -33.449239 ], [ -71.678953, -33.449542 ], [ -71.678507, -33.449553 ], [ -71.678048, -33.450136 ], [ -71.676626, -33.4505 ], [ -71.675836, -33.451371 ], [ -71.675537, -33.452329 ], [ -71.675976, -33.453422 ], [ -71.673349, -33.454545 ], [ -71.672706, -33.45567 ], [ -71.672057, -33.45567 ], [ -71.671101, -33.4562 ], [ -71.670995, -33.456685 ], [ -71.672115, -33.457419 ], [ -71.671946, -33.457792 ], [ -71.671655, -33.457591 ], [ -71.671805, -33.457738 ], [ -71.671535, -33.457905 ], [ -71.671311, -33.457564 ], [ -71.670575, -33.457583 ], [ -71.670374, -33.457878 ], [ -71.670692, -33.458066 ], [ -71.67024, -33.458081 ], [ -71.67017, -33.457704 ], [ -71.669481, -33.45738 ], [ -71.668268, -33.457511 ], [ -71.667865, -33.457669 ], [ -71.667441, -33.458328 ], [ -71.667178, -33.458059 ], [ -71.667335, -33.458369 ], [ -71.667037, -33.458541 ], [ -71.666416, -33.45817 ], [ -71.66567, -33.458327 ], [ -71.664875, -33.45927 ], [ -71.664185, -33.459085 ], [ -71.663546, -33.459308 ], [ -71.662994, -33.459092 ], [ -71.661734, -33.460034 ], [ -71.659396, -33.460997 ], [ -71.658359, -33.461831 ], [ -71.654508, -33.467139 ], [ -71.652551, -33.469282 ], [ -71.65101, -33.471838 ], [ -71.649603, -33.473079 ], [ -71.648692, -33.475117 ], [ -71.64622, -33.478454 ], [ -71.644634, -33.483513 ], [ -71.645515, -33.484448 ], [ -71.645221, -33.484894 ], [ -71.645518, -33.485149 ], [ -71.645353, -33.48555 ], [ -71.644331, -33.485522 ], [ -71.643842, -33.486637 ], [ -71.643343, -33.486533 ], [ -71.640799, -33.488284 ], [ -71.64054, -33.4892 ], [ -71.641425, -33.49066 ], [ -71.640837, -33.491185 ], [ -71.640835, -33.491739 ], [ -71.641551, -33.492543 ], [ -71.642045, -33.492397 ], [ -71.643149, -33.492799 ], [ -71.64292, -33.493063 ], [ -71.643235, -33.493632 ], [ -71.64293, -33.49418 ], [ -71.64328, -33.49418 ], [ -71.642958, -33.49442 ], [ -71.643425, -33.495034 ], [ -71.642877, -33.495058 ], [ -71.642785, -33.494779 ], [ -71.642098, -33.494917 ], [ -71.641568, -33.494599 ], [ -71.640868, -33.494815 ], [ -71.640717, -33.494672 ], [ -71.640019, -33.495083 ], [ -71.638803, -33.494949 ], [ -71.63766, -33.495136 ], [ -71.636393, -33.495959 ], [ -71.635974, -33.496551 ], [ -71.63577, -33.497582 ], [ -71.635159, -33.497753 ], [ -71.634722, -33.4984 ], [ -71.635154, -33.499377 ], [ -71.634833, -33.499386 ], [ -71.635107, -33.499768 ], [ -71.634619, -33.49997 ], [ -71.63495, -33.500109 ], [ -71.63489, -33.500388 ], [ -71.63522, -33.500348 ], [ -71.634968, -33.500481 ], [ -71.63507, -33.500738 ], [ -71.636045, -33.501693 ], [ -71.635301, -33.502211 ], [ -71.634953, -33.502083 ], [ -71.63508, -33.50222 ], [ -71.634528, -33.502598 ], [ -71.634063, -33.502446 ], [ -71.633812, -33.502736 ], [ -71.632924, -33.502751 ], [ -71.632599, -33.502368 ], [ -71.632861, -33.502028 ], [ -71.632445, -33.501648 ], [ -71.631998, -33.501861 ], [ -71.631779, -33.501418 ], [ -71.631679, -33.501719 ], [ -71.631464, -33.501407 ], [ -71.631396, -33.50157 ], [ -71.630608, -33.501175 ], [ -71.630472, -33.50133 ], [ -71.630469, -33.501082 ], [ -71.630014, -33.501223 ], [ -71.6301, -33.500951 ], [ -71.629088, -33.500234 ], [ -71.628704, -33.500658 ], [ -71.628336, -33.500589 ], [ -71.628273, -33.500985 ], [ -71.627398, -33.50106 ], [ -71.627525, -33.500839 ], [ -71.626726, -33.501219 ], [ -71.625119, -33.500128 ], [ -71.624043, -33.500559 ], [ -71.624357, -33.50133 ], [ -71.623771, -33.501399 ], [ -71.623909, -33.501653 ], [ -71.623501, -33.501372 ], [ -71.623407, -33.501633 ], [ -71.622938, -33.501418 ], [ -71.622778, -33.501915 ], [ -71.622264, -33.502056 ], [ -71.621625, -33.501728 ], [ -71.621282, -33.50201 ], [ -71.621011, -33.501584 ], [ -71.620352, -33.501756 ], [ -71.618733, -33.503246 ], [ -71.615048, -33.508109 ], [ -71.613793, -33.510338 ], [ -71.612841, -33.511323 ], [ -71.609878, -33.516337 ], [ -71.607802, -33.521535 ], [ -71.607806, -33.521538 ], [ -71.605273, -33.525828 ], [ -71.604642, -33.527611 ], [ -71.604415, -33.529595 ], [ -71.604514, -33.534573 ], [ -71.603101, -33.543049 ], [ -71.603666, -33.544821 ], [ -71.604944, -33.54475 ], [ -71.605589, -33.545518 ], [ -71.606414, -33.54539 ], [ -71.606168, -33.545587 ], [ -71.606467, -33.545516 ], [ -71.606469, -33.545739 ], [ -71.606854, -33.545828 ], [ -71.606183, -33.545735 ], [ -71.605796, -33.546022 ], [ -71.606849, -33.546632 ], [ -71.606313, -33.547645 ], [ -71.605665, -33.547871 ], [ -71.60568, -33.548364 ], [ -71.606592, -33.549623 ], [ -71.606512, -33.550077 ], [ -71.607207, -33.550456 ], [ -71.61036, -33.550443 ], [ -71.610859, -33.550668 ], [ -71.611139, -33.550292 ], [ -71.611497, -33.550513 ], [ -71.612137, -33.550387 ], [ -71.612908, -33.549677 ], [ -71.613377, -33.549685 ], [ -71.613383, -33.549879 ], [ -71.613701, -33.549705 ], [ -71.613604, -33.550014 ], [ -71.614344, -33.550303 ], [ -71.613925, -33.550692 ], [ -71.614496, -33.551066 ], [ -71.615079, -33.550843 ], [ -71.616372, -33.550884 ], [ -71.616747, -33.550659 ], [ -71.617157, -33.550924 ], [ -71.617667, -33.55074 ], [ -71.617638, -33.551 ], [ -71.618033, -33.551115 ], [ -71.618716, -33.550707 ], [ -71.619201, -33.550719 ], [ -71.619225, -33.551036 ], [ -71.618841, -33.551295 ], [ -71.62047, -33.551309 ], [ -71.620457, -33.551631 ], [ -71.620712, -33.55169 ], [ -71.620855, -33.551379 ], [ -71.621017, -33.551622 ], [ -71.621912, -33.551368 ], [ -71.621874, -33.551055 ], [ -71.622169, -33.55087 ], [ -71.622252, -33.551058 ], [ -71.622494, -33.550636 ], [ -71.62311, -33.550959 ], [ -71.622329, -33.551207 ], [ -71.622885, -33.551428 ], [ -71.62348, -33.551284 ], [ -71.623553, -33.551549 ], [ -71.623671, -33.551333 ], [ -71.623986, -33.551512 ], [ -71.624039, -33.551222 ], [ -71.624714, -33.551253 ], [ -71.627947, -33.55175 ], [ -71.627849, -33.552094 ], [ -71.627597, -33.55214 ], [ -71.628015, -33.552551 ], [ -71.627361, -33.552578 ], [ -71.627465, -33.552931 ], [ -71.626981, -33.553027 ], [ -71.627408, -33.553312 ], [ -71.627132, -33.553262 ], [ -71.627241, -33.553493 ], [ -71.626814, -33.553778 ], [ -71.627537, -33.553605 ], [ -71.628516, -33.553914 ], [ -71.626968, -33.55404 ], [ -71.627246, -33.554347 ], [ -71.62807, -33.554664 ], [ -71.627024, -33.554978 ], [ -71.627582, -33.555161 ], [ -71.627045, -33.555535 ], [ -71.627404, -33.555589 ], [ -71.627319, -33.55578 ], [ -71.626508, -33.555848 ], [ -71.627142, -33.55645 ], [ -71.625975, -33.556717 ], [ -71.626565, -33.557053 ], [ -71.626091, -33.557294 ], [ -71.62647, -33.557438 ], [ -71.62597, -33.557589 ], [ -71.625967, -33.558059 ], [ -71.625574, -33.5583 ], [ -71.62481, -33.558329 ], [ -71.624813, -33.558871 ], [ -71.624301, -33.559074 ], [ -71.625361, -33.559214 ], [ -71.625625, -33.559416 ], [ -71.625427, -33.559603 ], [ -71.626177, -33.559929 ], [ -71.626341, -33.560377 ], [ -71.625959, -33.560475 ], [ -71.625984, -33.560952 ], [ -71.625357, -33.561122 ], [ -71.62527, -33.561621 ], [ -71.625693, -33.562162 ], [ -71.626264, -33.562277 ], [ -71.626096, -33.562661 ], [ -71.626454, -33.562918 ], [ -71.62573, -33.563076 ], [ -71.625919, -33.563381 ], [ -71.625299, -33.563522 ], [ -71.625399, -33.563785 ], [ -71.62331, -33.563749 ], [ -71.62293, -33.564623 ], [ -71.623288, -33.564973 ], [ -71.623359, -33.565946 ], [ -71.623872, -33.566182 ], [ -71.623822, -33.566608 ], [ -71.62416, -33.566833 ], [ -71.624363, -33.566696 ], [ -71.624405, -33.567408 ], [ -71.625159, -33.567726 ], [ -71.62542, -33.568166 ], [ -71.625537, -33.568005 ], [ -71.626122, -33.569082 ], [ -71.62555, -33.56953 ], [ -71.624987, -33.569551 ], [ -71.624644, -33.570242 ], [ -71.62528, -33.571732 ], [ -71.625994, -33.572177 ], [ -71.627444, -33.572094 ], [ -71.62842, -33.573089 ], [ -71.628139, -33.573227 ], [ -71.628252, -33.573906 ], [ -71.627848, -33.574588 ], [ -71.628014, -33.575165 ], [ -71.626744, -33.576817 ], [ -71.626536, -33.578847 ], [ -71.625866, -33.578836 ], [ -71.625553, -33.579304 ], [ -71.625692, -33.579564 ], [ -71.625395, -33.579587 ], [ -71.62418, -33.580965 ], [ -71.621634, -33.581791 ], [ -71.621475, -33.582172 ], [ -71.621701, -33.58266 ], [ -71.622368, -33.582649 ], [ -71.621641, -33.582774 ], [ -71.62118, -33.582173 ], [ -71.6188, -33.581693 ], [ -71.6167, -33.580857 ], [ -71.614992, -33.582009 ], [ -71.614665, -33.581967 ], [ -71.613472, -33.58301 ], [ -71.613139, -33.585487 ], [ -71.61342, -33.585568 ], [ -71.613168, -33.585667 ], [ -71.613314, -33.586955 ], [ -71.613777, -33.587418 ], [ -71.614496, -33.587237 ], [ -71.614129, -33.58636 ], [ -71.614257, -33.585466 ], [ -71.61443, -33.586043 ], [ -71.615133, -33.58574 ], [ -71.61442, -33.586282 ], [ -71.615187, -33.587822 ], [ -71.617771, -33.585243 ], [ -71.619512, -33.586044 ], [ -71.619482, -33.586204 ], [ -71.619094, -33.586067 ], [ -71.616025, -33.589284 ], [ -71.616592, -33.593601 ], [ -71.617508, -33.594491 ], [ -71.618023, -33.594616 ], [ -71.618865, -33.594465 ], [ -71.620281, -33.593637 ], [ -71.62242, -33.586958 ], [ -71.623311, -33.587047 ], [ -71.623756, -33.586025 ], [ -71.623976, -33.586074 ], [ -71.62232, -33.59172 ], [ -71.623025, -33.592368 ], [ -71.623165, -33.592854 ], [ -71.622124, -33.5963 ], [ -71.623392, -33.599138 ], [ -71.623763, -33.600948 ], [ -71.627043, -33.605732 ], [ -71.6286, -33.60914 ], [ -71.629398, -33.611417 ], [ -71.629324, -33.612416 ], [ -71.630175, -33.614985 ], [ -71.63069, -33.615386 ], [ -71.630945, -33.616337 ], [ -71.631974, -33.61856 ], [ -71.632882, -33.624262 ], [ -71.633748, -33.626831 ], [ -71.634728, -33.627249 ], [ -71.634815, -33.627588 ], [ -71.635375, -33.627659 ], [ -71.635351, -33.628434 ], [ -71.636259, -33.628987 ], [ -71.635736, -33.629106 ], [ -71.63575, -33.62976 ], [ -71.635089, -33.630286 ], [ -71.635639, -33.631204 ], [ -71.635387, -33.631405 ], [ -71.635687, -33.639262 ], [ -71.637124, -33.654863 ], [ -71.637705, -33.65731 ], [ -71.639065, -33.659868 ], [ -71.640894, -33.669549 ], [ -71.642226, -33.674268 ], [ -71.642998, -33.675893 ], [ -71.645354, -33.67901 ], [ -71.645429, -33.679817 ], [ -71.646509, -33.682187 ], [ -71.646136, -33.682472 ], [ -71.646533, -33.682494 ], [ -71.646709, -33.682783 ], [ -71.648771, -33.687719 ], [ -71.653581, -33.694444 ], [ -71.658651, -33.703856 ], [ -71.663079, -33.710443 ], [ -71.668927, -33.717338 ], [ -71.674386, -33.722444 ], [ -71.679679, -33.726906 ], [ -71.689004, -33.733421 ], [ -71.709618, -33.745282 ], [ -71.730283, -33.756063 ], [ -71.736475, -33.758808 ], [ -71.741291, -33.761291 ], [ -71.750833, -33.765116 ], [ -71.75721, -33.76635 ], [ -71.760593, -33.767634 ], [ -71.763025, -33.768209 ], [ -71.764944, -33.768207 ], [ -71.766748, -33.767905 ], [ -71.771686, -33.765731 ], [ -71.77285, -33.765673 ], [ -71.774333, -33.76632 ], [ -71.777366, -33.766337 ], [ -71.777446, -33.766125 ], [ -71.779012, -33.766777 ], [ -71.779265, -33.766754 ], [ -71.779221, -33.76637 ], [ -71.7795, -33.766244 ], [ -71.780007, -33.766959 ], [ -71.785269, -33.76915 ], [ -71.788209, -33.771033 ], [ -71.791473, -33.77184 ], [ -71.793785, -33.773087 ], [ -71.79454, -33.774732 ], [ -71.794443, -33.778964 ], [ -71.79469, -33.780102 ], [ -71.794294, -33.782908 ], [ -71.794457, -33.78475 ], [ -71.795087, -33.786027 ], [ -71.794871, -33.787927 ], [ -71.796092, -33.790713 ], [ -71.795897, -33.792797 ], [ -71.796265, -33.795166 ], [ -71.797415, -33.796993 ], [ -71.798633, -33.798018 ], [ -71.799568, -33.801499 ], [ -71.801911, -33.803443 ], [ -71.803187, -33.803782 ], [ -71.804309, -33.803508 ], [ -71.804673, -33.803661 ], [ -71.805239, -33.80548 ], [ -71.806624, -33.80624 ], [ -71.807447, -33.807415 ], [ -71.809915, -33.809056 ], [ -71.810692, -33.810024 ], [ -71.811069, -33.811404 ], [ -71.811421, -33.811758 ], [ -71.812529, -33.816562 ], [ -71.814083, -33.830868 ], [ -71.813967, -33.831903 ], [ -71.813597, -33.832267 ], [ -71.814036, -33.832558 ], [ -71.814244, -33.834505 ], [ -71.814075, -33.83529 ], [ -71.81436, -33.836299 ], [ -71.816973, -33.838824 ], [ -71.817664, -33.840395 ], [ -71.818953, -33.842243 ], [ -71.820317, -33.843163 ], [ -71.82155, -33.843428 ], [ -71.8225, -33.847478 ], [ -71.824094, -33.848973 ], [ -71.824091, -33.850445 ], [ -71.825075, -33.851835 ], [ -71.825566, -33.854798 ], [ -71.826908, -33.85667 ], [ -71.829034, -33.858339 ], [ -71.829595, -33.859488 ], [ -71.830017, -33.862103 ], [ -71.828565, -33.866883 ], [ -71.827513, -33.872109 ], [ -71.826835, -33.873895 ], [ -71.826862, -33.874902 ], [ -71.82766, -33.875434 ], [ -71.827604, -33.876284 ], [ -71.827012, -33.877229 ], [ -71.827028, -33.878588 ], [ -71.82614, -33.880628 ], [ -71.825661, -33.886027 ], [ -71.826117, -33.888394 ], [ -71.826865, -33.890233 ], [ -71.827541, -33.894577 ], [ -71.82803, -33.896097 ], [ -71.830181, -33.900295 ], [ -71.831345, -33.904005 ], [ -71.832327, -33.904532 ], [ -71.832262, -33.906068 ], [ -71.833556, -33.908709 ], [ -71.834633, -33.910115 ], [ -71.839022, -33.912763 ], [ -71.840657, -33.91435 ], [ -71.843144, -33.918338 ], [ -71.842995, -33.919947 ], [ -71.84245, -33.92067 ], [ -71.840167, -33.922821 ], [ -71.83798, -33.92395 ], [ -71.835666, -33.924177 ], [ -71.833774, -33.923442 ], [ -71.833064, -33.92285 ], [ -71.831047, -33.919546 ], [ -71.827802, -33.91715 ], [ -71.823063, -33.911954 ], [ -71.821086, -33.91064 ], [ -71.81776, -33.909768 ], [ -71.813112, -33.907883 ], [ -71.809758, -33.907328 ], [ -71.807745, -33.907785 ], [ -71.805678, -33.909475 ], [ -71.802662, -33.913463 ], [ -71.800733, -33.915308 ], [ -71.799008, -33.918223 ], [ -71.79773, -33.919706 ], [ -71.79657, -33.920175 ], [ -71.7952, -33.920017 ], [ -71.79344, -33.919519 ], [ -71.791619, -33.918296 ], [ -71.789101, -33.918385 ], [ -71.788502, -33.91862 ], [ -71.785972, -33.921269 ], [ -71.782296, -33.924228 ], [ -71.782099, -33.926318 ], [ -71.784345, -33.930092 ], [ -71.784548, -33.931098 ], [ -71.784066, -33.932595 ], [ -71.782646, -33.934396 ], [ -71.782059, -33.934979 ], [ -71.781234, -33.935282 ], [ -71.776597, -33.936082 ], [ -71.772419, -33.93646 ], [ -71.771275, -33.936464 ], [ -71.768934, -33.93597 ], [ -71.768038, -33.935232 ], [ -71.76775, -33.934543 ], [ -71.766508, -33.930146 ], [ -71.763224, -33.925321 ], [ -71.759769, -33.922807 ], [ -71.756149, -33.921055 ], [ -71.752239, -33.920321 ], [ -71.74966, -33.920284 ], [ -71.748872, -33.920523 ], [ -71.748581, -33.920909 ], [ -71.748606, -33.922868 ], [ -71.748987, -33.924092 ], [ -71.751097, -33.927236 ], [ -71.755198, -33.936847 ], [ -71.755001, -33.9378 ], [ -71.753185, -33.939105 ], [ -71.751237, -33.939843 ], [ -71.746348, -33.939921 ], [ -71.742804, -33.939368 ], [ -71.738229, -33.939186 ], [ -71.736412, -33.939289 ], [ -71.734154, -33.939813 ], [ -71.732695, -33.940446 ], [ -71.729919, -33.941962 ], [ -71.725987, -33.945905 ], [ -71.72627, -33.947637 ], [ -71.728027, -33.94981 ], [ -71.726185, -33.953896 ], [ -71.725209, -33.954803 ], [ -71.723309, -33.955888 ], [ -71.722481, -33.956064 ], [ -71.719707, -33.955904 ], [ -71.719087, -33.955507 ], [ -71.719113, -33.953926 ], [ -71.718324, -33.95095 ], [ -71.717011, -33.949614 ], [ -71.714492, -33.94834 ], [ -71.71426, -33.946212 ], [ -71.713845, -33.945744 ], [ -71.713033, -33.945428 ], [ -71.712643, -33.943958 ], [ -71.710663, -33.942904 ], [ -71.710559, -33.941427 ], [ -71.708012, -33.940529 ], [ -71.706539, -33.940991 ], [ -71.705842, -33.940673 ], [ -71.703777, -33.940527 ], [ -71.702985, -33.939018 ], [ -71.70169, -33.937901 ], [ -71.701829, -33.936849 ], [ -71.699105, -33.933951 ], [ -71.697651, -33.93322 ], [ -71.696504, -33.933149 ], [ -71.695833, -33.933641 ], [ -71.695541, -33.933457 ], [ -71.695637, -33.932882 ], [ -71.694207, -33.932913 ], [ -71.693313, -33.929975 ], [ -71.69154, -33.928201 ], [ -71.687824, -33.9274 ], [ -71.685935, -33.927393 ], [ -71.68312, -33.925213 ], [ -71.680757, -33.924692 ], [ -71.678947, -33.923538 ], [ -71.677274, -33.923098 ], [ -71.674478, -33.921537 ], [ -71.669027, -33.920152 ], [ -71.665533, -33.918224 ], [ -71.637107, -33.901018 ], [ -71.634941, -33.899442 ], [ -71.6193, -33.890306 ], [ -71.608622, -33.883425 ], [ -71.587089, -33.870258 ], [ -71.580807, -33.866881 ], [ -71.578993, -33.867795 ], [ -71.576419, -33.870047 ], [ -71.575838, -33.870815 ], [ -71.575627, -33.871826 ], [ -71.574677, -33.87235 ], [ -71.573212, -33.873841 ], [ -71.572667, -33.873802 ], [ -71.569972, -33.872549 ], [ -71.568162, -33.872587 ], [ -71.566796, -33.873371 ], [ -71.565742, -33.872436 ], [ -71.565138, -33.872448 ], [ -71.564429, -33.872967 ], [ -71.563823, -33.872879 ], [ -71.562403, -33.87185 ], [ -71.561489, -33.871567 ], [ -71.561007, -33.871628 ], [ -71.561228, -33.872933 ], [ -71.56058, -33.8735 ], [ -71.558705, -33.873388 ], [ -71.557287, -33.87241 ], [ -71.556352, -33.872278 ], [ -71.556358, -33.852849 ], [ -71.557067, -33.811798 ], [ -71.55585, -33.782861 ], [ -71.553837, -33.775068 ], [ -71.553132, -33.772993 ], [ -71.552667, -33.772423 ], [ -71.552634, -33.771295 ], [ -71.550416, -33.76866 ], [ -71.548935, -33.768079 ], [ -71.547133, -33.766188 ], [ -71.545471, -33.765188 ], [ -71.543762, -33.764518 ], [ -71.540761, -33.763968 ], [ -71.536059, -33.764115 ], [ -71.531195, -33.767596 ], [ -71.530052, -33.7687 ], [ -71.5281, -33.771268 ], [ -71.527854, -33.772893 ], [ -71.524606, -33.776396 ], [ -71.523225, -33.777406 ], [ -71.521194, -33.778331 ], [ -71.520551, -33.778442 ], [ -71.519662, -33.778215 ], [ -71.518585, -33.77755 ], [ -71.516223, -33.775193 ], [ -71.514905, -33.774336 ], [ -71.514193, -33.774105 ], [ -71.511996, -33.774371 ], [ -71.509805, -33.773826 ], [ -71.506031, -33.773412 ], [ -71.505012, -33.772745 ], [ -71.504678, -33.771378 ], [ -71.50419, -33.770749 ], [ -71.503177, -33.770279 ], [ -71.502524, -33.770047 ], [ -71.495864, -33.769445 ], [ -71.494635, -33.769617 ], [ -71.488669, -33.771677 ], [ -71.486271, -33.774131 ], [ -71.4792, -33.777611 ], [ -71.478461, -33.77851 ], [ -71.476341, -33.783486 ], [ -71.475829, -33.784086 ], [ -71.475076, -33.784444 ], [ -71.470531, -33.78523 ], [ -71.468609, -33.785338 ], [ -71.466011, -33.786177 ], [ -71.464387, -33.786096 ], [ -71.463197, -33.785798 ], [ -71.461051, -33.783946 ], [ -71.460367, -33.783673 ], [ -71.458984, -33.785061 ], [ -71.458114, -33.785471 ], [ -71.455052, -33.785857 ], [ -71.452463, -33.786547 ], [ -71.449379, -33.787069 ], [ -71.448186, -33.787094 ], [ -71.44757, -33.786853 ], [ -71.447031, -33.787056 ], [ -71.443103, -33.787185 ], [ -71.441922, -33.786669 ], [ -71.441065, -33.786645 ], [ -71.438418, -33.787531 ], [ -71.435271, -33.787979 ], [ -71.433517, -33.788617 ], [ -71.433417, -33.788858 ], [ -71.428773, -33.789118 ], [ -71.425492, -33.787395 ], [ -71.421402, -33.786739 ], [ -71.419558, -33.785373 ], [ -71.418075, -33.784894 ], [ -71.412933, -33.784154 ], [ -71.411678, -33.784283 ], [ -71.409646, -33.785182 ], [ -71.408528, -33.784993 ], [ -71.408148, -33.784177 ], [ -71.409068, -33.781776 ], [ -71.409171, -33.780214 ], [ -71.408867, -33.778362 ], [ -71.40793, -33.776268 ], [ -71.406234, -33.774667 ], [ -71.401058, -33.771392 ], [ -71.399184, -33.768315 ], [ -71.396565, -33.766715 ], [ -71.39505, -33.766475 ], [ -71.393963, -33.766825 ], [ -71.393213, -33.767507 ], [ -71.39252, -33.767294 ], [ -71.391035, -33.767633 ], [ -71.387727, -33.767852 ], [ -71.386197, -33.767403 ], [ -71.383106, -33.765394 ], [ -71.382514, -33.76525 ], [ -71.38171, -33.765291 ], [ -71.379684, -33.765951 ], [ -71.376095, -33.766129 ], [ -71.373193, -33.763678 ], [ -71.368867, -33.762868 ], [ -71.368269, -33.761618 ], [ -71.367128, -33.76102 ], [ -71.365009, -33.760477 ], [ -71.362811, -33.759048 ], [ -71.362113, -33.757534 ], [ -71.362128, -33.755858 ], [ -71.360009, -33.753249 ], [ -71.359364, -33.751962 ], [ -71.359072, -33.74675 ], [ -71.361068, -33.746645 ], [ -71.362778, -33.746857 ], [ -71.364396, -33.745844 ], [ -71.366169, -33.746203 ], [ -71.367225, -33.746134 ], [ -71.367944, -33.7445 ], [ -71.370108, -33.744115 ], [ -71.37032, -33.743276 ], [ -71.371247, -33.742816 ], [ -71.372485, -33.74294 ], [ -71.372983, -33.743961 ], [ -71.374642, -33.744469 ], [ -71.380572, -33.742146 ], [ -71.381395, -33.74213 ], [ -71.382422, -33.74103 ], [ -71.384172, -33.740555 ], [ -71.385734, -33.73969 ], [ -71.38907, -33.739183 ], [ -71.38965, -33.738927 ], [ -71.390791, -33.737677 ], [ -71.391956, -33.737311 ], [ -71.392173, -33.736669 ], [ -71.391769, -33.734811 ], [ -71.390294, -33.733539 ], [ -71.390121, -33.731529 ], [ -71.390402, -33.728971 ], [ -71.390966, -33.728125 ], [ -71.391544, -33.727771 ], [ -71.392706, -33.727306 ], [ -71.394288, -33.727128 ], [ -71.395147, -33.726326 ], [ -71.395697, -33.72499 ], [ -71.395573, -33.722636 ], [ -71.396836, -33.720525 ], [ -71.397923, -33.719473 ], [ -71.399022, -33.718862 ], [ -71.400907, -33.719022 ], [ -71.402951, -33.71859 ], [ -71.404212, -33.717485 ], [ -71.405508, -33.715496 ], [ -71.406835, -33.714636 ], [ -71.409245, -33.714687 ], [ -71.410524, -33.71422 ], [ -71.412063, -33.712521 ], [ -71.413453, -33.711806 ], [ -71.414332, -33.710685 ], [ -71.417749, -33.708949 ], [ -71.418496, -33.708345 ], [ -71.419199, -33.708282 ], [ -71.419916, -33.70871 ], [ -71.420613, -33.708451 ], [ -71.420008, -33.705713 ], [ -71.421857, -33.702535 ], [ -71.42206, -33.701402 ], [ -71.422405, -33.70115 ], [ -71.423343, -33.701082 ], [ -71.423915, -33.700531 ], [ -71.424585, -33.698235 ], [ -71.423617, -33.69305 ], [ -71.4225, -33.690912 ], [ -71.422476, -33.690078 ], [ -71.422045, -33.68935 ], [ -71.420673, -33.688591 ], [ -71.420761, -33.687559 ], [ -71.421415, -33.686785 ], [ -71.422054, -33.686527 ], [ -71.427029, -33.685938 ], [ -71.431726, -33.685895 ], [ -71.436163, -33.684973 ], [ -71.437142, -33.684316 ], [ -71.437762, -33.683371 ], [ -71.437839, -33.679884 ], [ -71.437648, -33.679347 ], [ -71.435009, -33.677387 ], [ -71.433974, -33.676081 ], [ -71.433672, -33.674737 ], [ -71.433944, -33.671885 ], [ -71.433025, -33.670528 ], [ -71.431521, -33.669232 ], [ -71.431089, -33.668504 ], [ -71.430921, -33.664629 ], [ -71.431472, -33.663845 ], [ -71.42693, -33.660486 ], [ -71.426047, -33.660405 ], [ -71.423774, -33.66099 ], [ -71.421891, -33.66083 ], [ -71.420114, -33.660276 ], [ -71.41871, -33.65834 ], [ -71.418056, -33.658058 ], [ -71.415843, -33.65869 ], [ -71.413317, -33.658642 ], [ -71.411161, -33.659224 ], [ -71.406699, -33.661323 ], [ -71.405318, -33.662332 ], [ -71.403054, -33.66326 ], [ -71.401597, -33.663632 ], [ -71.400365, -33.663656 ], [ -71.399171, -33.662943 ], [ -71.398491, -33.661729 ], [ -71.398971, -33.660001 ], [ -71.398894, -33.659315 ], [ -71.398216, -33.65815 ], [ -71.396248, -33.657059 ], [ -71.395558, -33.655452 ], [ -71.396224, -33.654065 ], [ -71.395609, -33.650935 ], [ -71.395582, -33.647842 ], [ -71.396515, -33.645517 ], [ -71.395809, -33.643322 ], [ -71.395495, -33.642591 ], [ -71.393807, -33.641004 ], [ -71.391494, -33.640116 ], [ -71.388723, -33.639679 ], [ -71.387239, -33.639069 ], [ -71.386089, -33.637815 ], [ -71.38534, -33.636209 ], [ -71.384613, -33.635389 ], [ -71.383073, -33.634878 ], [ -71.382652, -33.634494 ], [ -71.38221, -33.633373 ], [ -71.382116, -33.632098 ], [ -71.383787, -33.628826 ], [ -71.38421, -33.627149 ], [ -71.384175, -33.625873 ], [ -71.383361, -33.624023 ], [ -71.382697, -33.623349 ], [ -71.379079, -33.621945 ], [ -71.376898, -33.621595 ], [ -71.373672, -33.621657 ], [ -71.371991, -33.622425 ], [ -71.370997, -33.622543 ], [ -71.369206, -33.623559 ], [ -71.366666, -33.622969 ], [ -71.361811, -33.623553 ], [ -71.359636, -33.623398 ], [ -71.357622, -33.6227 ], [ -71.356418, -33.621594 ], [ -71.354462, -33.620895 ], [ -71.353972, -33.620119 ], [ -71.354001, -33.619038 ], [ -71.353756, -33.61865 ], [ -71.352624, -33.618033 ], [ -71.349922, -33.617937 ], [ -71.348797, -33.617566 ], [ -71.348115, -33.616204 ], [ -71.346624, -33.615349 ], [ -71.345993, -33.613692 ], [ -71.344968, -33.61268 ], [ -71.344491, -33.612395 ], [ -71.342547, -33.612137 ], [ -71.341833, -33.611758 ], [ -71.339949, -33.611499 ], [ -71.33911, -33.610876 ], [ -71.338786, -33.609753 ], [ -71.338237, -33.608978 ], [ -71.335907, -33.607402 ], [ -71.335719, -33.604804 ], [ -71.336254, -33.602879 ], [ -71.336041, -33.601508 ], [ -71.33415, -33.598844 ], [ -71.33345, -33.596795 ], [ -71.33192, -33.594467 ], [ -71.331742, -33.587843 ], [ -71.332033, -33.585579 ], [ -71.331312, -33.584955 ], [ -71.329543, -33.584595 ], [ -71.32906, -33.584064 ], [ -71.329061, -33.581953 ], [ -71.329086, -33.581911 ], [ -71.32907, -33.581933 ], [ -71.329568, -33.579899 ], [ -71.329137, -33.578248 ], [ -71.329522, -33.574535 ], [ -71.328974, -33.572463 ], [ -71.328944, -33.571021 ], [ -71.329297, -33.570193 ], [ -71.330527, -33.569048 ], [ -71.331137, -33.567544 ], [ -71.331024, -33.56701 ], [ -71.328362, -33.563349 ], [ -71.328098, -33.559924 ], [ -71.32901, -33.557706 ], [ -71.329279, -33.554554 ], [ -71.330627, -33.550643 ], [ -71.330704, -33.547869 ], [ -71.331952, -33.543409 ], [ -71.33273, -33.542678 ], [ -71.334134, -33.541934 ], [ -71.334743, -33.541256 ], [ -71.333988, -33.538596 ], [ -71.332043, -33.536199 ], [ -71.331911, -33.535534 ], [ -71.339113, -33.532156 ], [ -71.341236, -33.530588 ], [ -71.342888, -33.530606 ], [ -71.344616, -33.531286 ], [ -71.346496, -33.5313 ], [ -71.349598, -33.530141 ], [ -71.351119, -33.528566 ], [ -71.350973, -33.527766 ], [ -71.350234, -33.526667 ], [ -71.350021, -33.524926 ], [ -71.350252, -33.522839 ], [ -71.349904, -33.520916 ], [ -71.350268, -33.519069 ], [ -71.349562, -33.517194 ], [ -71.349262, -33.514134 ], [ -71.348329, -33.512551 ], [ -71.348384, -33.511238 ], [ -71.348697, -33.510587 ], [ -71.348322, -33.509319 ], [ -71.348399, -33.508618 ], [ -71.349665, -33.50625 ], [ -71.351552, -33.505529 ], [ -71.351503, -33.504989 ], [ -71.349462, -33.501344 ], [ -71.349101, -33.500021 ], [ -71.349483, -33.498373 ], [ -71.349921, -33.497864 ], [ -71.352445, -33.496252 ], [ -71.353169, -33.492559 ], [ -71.352886, -33.491753 ], [ -71.35109, -33.489867 ], [ -71.349026, -33.486926 ], [ -71.34807, -33.484888 ], [ -71.347219, -33.483949 ], [ -71.34474, -33.48235 ], [ -71.343765, -33.48075 ], [ -71.341163, -33.478234 ], [ -71.339487, -33.476002 ], [ -71.339227, -33.475282 ], [ -71.339687, -33.473821 ], [ -71.340355, -33.472794 ], [ -71.341981, -33.471185 ], [ -71.342118, -33.470407 ], [ -71.341169, -33.468198 ], [ -71.341213, -33.467152 ], [ -71.342037, -33.464909 ], [ -71.341865, -33.464028 ], [ -71.341058, -33.46339 ], [ -71.339888, -33.461523 ], [ -71.338382, -33.460172 ], [ -71.336502, -33.457845 ], [ -71.336059, -33.456005 ], [ -71.338801, -33.455652 ], [ -71.336206, -33.455889 ], [ -71.33776, -33.455179 ], [ -71.338306, -33.454583 ], [ -71.338316, -33.452387 ], [ -71.338881, -33.449739 ], [ -71.337591, -33.447983 ], [ -71.337512, -33.447173 ], [ -71.338016, -33.445995 ], [ -71.338063, -33.443524 ], [ -71.337364, -33.442333 ], [ -71.337289, -33.441632 ], [ -71.337523, -33.441027 ], [ -71.339862, -33.439874 ], [ -71.340511, -33.439285 ], [ -71.340821, -33.436849 ], [ -71.34295, -33.433247 ], [ -71.343663, -33.431174 ], [ -71.343427, -33.429334 ], [ -71.342439, -33.428081 ], [ -71.341506, -33.427454 ], [ -71.343088, -33.425048 ], [ -71.343899, -33.423063 ], [ -71.343812, -33.420179 ], [ -71.343322, -33.419467 ], [ -71.343066, -33.418358 ], [ -71.343423, -33.416936 ], [ -71.343327, -33.415684 ], [ -71.342757, -33.415109 ], [ -71.338227, -33.41336 ], [ -71.335181, -33.41339 ], [ -71.334355, -33.413031 ], [ -71.33315, -33.411769 ], [ -71.332354, -33.408475 ], [ -71.331889, -33.407934 ], [ -71.33112, -33.407615 ], [ -71.32638, -33.406996 ], [ -71.325439, -33.407823 ], [ -71.325535, -33.409477 ], [ -71.325284, -33.409786 ], [ -71.323006, -33.41009 ], [ -71.321577, -33.411032 ], [ -71.320224, -33.41097 ], [ -71.318496, -33.410436 ], [ -71.315754, -33.41088 ], [ -71.312323, -33.410769 ], [ -71.309296, -33.410259 ], [ -71.307825, -33.409633 ], [ -71.306469, -33.409441 ], [ -71.303023, -33.410725 ], [ -71.300906, -33.411243 ], [ -71.300497, -33.411469 ], [ -71.299652, -33.412922 ], [ -71.298414, -33.41325 ], [ -71.297791, -33.413261 ], [ -71.297054, -33.412927 ], [ -71.295879, -33.411685 ], [ -71.295408, -33.411563 ], [ -71.293399, -33.41221 ], [ -71.291841, -33.412239 ], [ -71.28917, -33.411417 ], [ -71.287247, -33.411365 ], [ -71.286081, -33.410515 ], [ -71.285041, -33.410447 ], [ -71.283282, -33.410741 ], [ -71.281666, -33.410509 ], [ -71.28034, -33.409488 ], [ -71.279548, -33.407019 ], [ -71.279064, -33.406375 ], [ -71.277042, -33.404538 ], [ -71.276415, -33.404333 ], [ -71.277262, -33.402323 ], [ -71.277143, -33.401109 ], [ -71.276764, -33.400324 ], [ -71.274594, -33.398376 ], [ -71.272144, -33.396897 ], [ -71.268237, -33.39384 ], [ -71.267714, -33.391843 ], [ -71.26756, -33.388325 ], [ -71.266905, -33.387602 ], [ -71.266014, -33.387063 ], [ -71.260686, -33.38524 ], [ -71.258795, -33.384927 ], [ -71.257166, -33.383861 ], [ -71.255292, -33.383165 ], [ -71.252173, -33.383068 ], [ -71.250331, -33.383395 ], [ -71.24638, -33.383214 ], [ -71.244152, -33.383656 ], [ -71.243615, -33.381979 ], [ -71.240243, -33.379231 ], [ -71.238221, -33.376581 ], [ -71.237695, -33.375431 ], [ -71.235987, -33.374069 ], [ -71.234327, -33.374469 ], [ -71.232109, -33.375397 ], [ -71.229917, -33.374778 ], [ -71.228715, -33.375016 ], [ -71.226787, -33.374929 ], [ -71.22448, -33.374132 ], [ -71.222961, -33.373153 ], [ -71.222848, -33.371979 ], [ -71.223358, -33.370617 ], [ -71.222433, -33.368276 ], [ -71.220608, -33.365842 ], [ -71.220119, -33.364796 ], [ -71.219881, -33.363646 ], [ -71.219949, -33.361133 ], [ -71.218482, -33.35895 ], [ -71.21618, -33.357089 ], [ -71.215325, -33.355959 ], [ -71.214316, -33.355549 ], [ -71.214167, -33.355204 ], [ -71.214408, -33.354384 ], [ -71.215723, -33.352458 ], [ -71.215981, -33.351258 ], [ -71.21581, -33.348565 ], [ -71.215002, -33.347299 ], [ -71.214856, -33.345954 ], [ -71.215086, -33.344408 ], [ -71.212538, -33.340675 ], [ -71.210948, -33.335663 ], [ -71.211214, -33.333327 ], [ -71.213132, -33.331697 ], [ -71.213364, -33.331084 ], [ -71.212347, -33.330845 ], [ -71.211008, -33.331424 ], [ -71.209026, -33.331675 ], [ -71.206903, -33.331402 ], [ -71.205739, -33.330782 ], [ -71.205493, -33.327915 ], [ -71.205831, -33.324856 ], [ -71.20544, -33.323466 ], [ -71.20552, -33.322572 ], [ -71.204973, -33.321008 ], [ -71.19894, -33.315276 ], [ -71.19559, -33.311106 ], [ -71.195443, -33.309753 ], [ -71.201169, -33.310273 ], [ -71.202285, -33.3101 ], [ -71.203582, -33.309517 ], [ -71.205069, -33.309324 ], [ -71.206211, -33.308528 ], [ -71.207491, -33.305534 ], [ -71.210407, -33.30266 ], [ -71.21197, -33.299742 ], [ -71.212511, -33.29769 ], [ -71.21365, -33.296029 ], [ -71.214186, -33.294081 ], [ -71.214671, -33.293306 ], [ -71.214774, -33.292826 ], [ -71.213954, -33.291835 ], [ -71.214266, -33.290328 ], [ -71.213422, -33.288026 ], [ -71.214041, -33.286049 ], [ -71.214425, -33.285713 ], [ -71.216581, -33.285192 ], [ -71.217131, -33.284831 ], [ -71.218161, -33.282833 ], [ -71.219373, -33.281387 ], [ -71.221082, -33.280779 ], [ -71.222406, -33.279578 ], [ -71.223225, -33.275813 ], [ -71.223287, -33.271537 ], [ -71.224192, -33.270534 ], [ -71.225646, -33.270124 ], [ -71.226702, -33.269438 ], [ -71.226783, -33.268508 ], [ -71.225589, -33.266676 ], [ -71.223773, -33.265969 ], [ -71.222549, -33.263899 ], [ -71.221407, -33.262797 ], [ -71.220091, -33.260963 ], [ -71.2197, -33.259505 ], [ -71.219812, -33.258817 ], [ -71.221178, -33.255687 ], [ -71.221299, -33.253831 ], [ -71.222068, -33.253128 ], [ -71.224249, -33.252025 ], [ -71.225752, -33.249518 ], [ -71.225668, -33.24653 ], [ -71.225667, -33.24653 ], [ -71.225447, -33.245949 ], [ -71.221855, -33.242393 ], [ -71.221163, -33.240483 ], [ -71.219936, -33.240025 ], [ -71.216285, -33.239849 ], [ -71.215124, -33.239149 ], [ -71.21496, -33.238311 ], [ -71.215439, -33.237461 ], [ -71.21562, -33.236136 ], [ -71.215193, -33.234337 ], [ -71.214225, -33.233829 ], [ -71.21284, -33.233633 ], [ -71.210879, -33.232406 ], [ -71.207025, -33.232655 ], [ -71.20465, -33.232036 ], [ -71.203275, -33.231339 ], [ -71.201446, -33.22969 ], [ -71.200212, -33.22893 ], [ -71.196633, -33.228753 ], [ -71.189435, -33.226778 ], [ -71.188362, -33.226736 ], [ -71.187343, -33.227508 ], [ -71.184236, -33.227188 ], [ -71.179725, -33.227885 ], [ -71.173171, -33.230457 ], [ -71.170775, -33.230864 ], [ -71.169333, -33.230159 ], [ -71.167824, -33.22977 ], [ -71.166322, -33.229828 ], [ -71.165646, -33.229596 ], [ -71.165108, -33.22911 ], [ -71.16469, -33.22748 ], [ -71.163754, -33.226117 ], [ -71.163436, -33.225829 ], [ -71.162725, -33.225742 ], [ -71.158387, -33.227495 ], [ -71.151888, -33.228636 ], [ -71.150417, -33.229725 ], [ -71.148903, -33.232389 ], [ -71.145889, -33.233875 ], [ -71.144407, -33.235239 ], [ -71.142697, -33.235801 ], [ -71.141042, -33.237453 ], [ -71.140156, -33.237756 ], [ -71.134759, -33.235852 ], [ -71.131224, -33.235178 ], [ -71.129376, -33.233897 ], [ -71.126578, -33.233318 ], [ -71.123752, -33.231766 ], [ -71.119805, -33.230932 ], [ -71.118568, -33.229961 ], [ -71.117553, -33.228341 ], [ -71.115416, -33.226146 ], [ -71.11389, -33.222533 ], [ -71.110656, -33.22083 ], [ -71.108304, -33.220306 ], [ -71.103763, -33.220717 ], [ -71.101136, -33.220495 ], [ -71.097036, -33.220605 ], [ -71.093885, -33.219684 ], [ -71.092467, -33.220749 ], [ -71.088886, -33.222428 ], [ -71.086633, -33.223954 ], [ -71.085126, -33.224592 ], [ -71.082757, -33.224997 ], [ -71.081287, -33.225703 ], [ -71.077543, -33.228241 ], [ -71.07648, -33.229593 ], [ -71.075166, -33.23049 ], [ -71.07448, -33.230609 ], [ -71.072092, -33.23028 ], [ -71.066124, -33.228634 ], [ -71.064542, -33.227709 ], [ -71.061278, -33.226338 ], [ -71.060198, -33.225256 ], [ -71.059737, -33.221841 ], [ -71.060318, -33.218423 ], [ -71.060254, -33.217211 ], [ -71.05986, -33.215833 ], [ -71.058643, -33.213622 ], [ -71.057583, -33.206182 ], [ -71.057336, -33.204982 ], [ -71.056949, -33.204479 ], [ -71.054318, -33.204626 ], [ -71.053058, -33.205224 ], [ -71.051962, -33.206013 ], [ -71.048809, -33.209356 ], [ -71.047716, -33.209758 ], [ -71.044368, -33.209844 ], [ -71.043415, -33.209211 ], [ -71.042653, -33.207731 ], [ -71.041683, -33.206849 ], [ -71.040482, -33.206869 ], [ -71.038489, -33.207587 ], [ -71.035027, -33.209443 ], [ -71.03332, -33.211148 ], [ -71.033121, -33.211927 ], [ -71.033597, -33.214322 ], [ -71.033071, -33.215431 ], [ -71.031033, -33.216483 ], [ -71.027925, -33.216678 ], [ -71.026365, -33.216172 ], [ -71.025679, -33.214911 ], [ -71.025937, -33.212481 ], [ -71.026785, -33.209113 ], [ -71.027252, -33.20796 ], [ -71.028732, -33.205884 ], [ -71.028536, -33.205099 ], [ -71.026996, -33.203284 ], [ -71.026936, -33.202266 ], [ -71.026538, -33.201763 ], [ -71.024542, -33.201061 ], [ -71.021651, -33.201049 ], [ -71.020041, -33.201481 ], [ -71.01853, -33.203057 ], [ -71.017409, -33.203395 ], [ -71.016573, -33.203012 ], [ -71.015522, -33.200314 ], [ -71.014743, -33.199853 ], [ -71.009923, -33.199792 ], [ -71.007801, -33.198834 ], [ -71.004285, -33.197876 ], [ -70.997669, -33.198605 ], [ -70.996926, -33.197566 ], [ -70.997162, -33.195461 ], [ -70.998192, -33.192252 ], [ -70.996784, -33.190485 ], [ -70.995302, -33.186252 ], [ -70.992544, -33.182599 ], [ -70.992667, -33.181172 ], [ -70.993813, -33.179477 ], [ -70.993368, -33.177545 ], [ -70.992269, -33.176715 ], [ -70.991584, -33.175793 ], [ -70.994513, -33.171976 ], [ -70.995467, -33.168958 ], [ -70.997926, -33.166429 ], [ -71.001014, -33.161916 ], [ -71.003219, -33.159441 ], [ -71.004045, -33.158909 ], [ -71.004542, -33.157508 ], [ -71.004419, -33.154624 ], [ -71.004606, -33.154364 ], [ -71.006868, -33.154165 ], [ -71.009174, -33.154322 ], [ -71.010185, -33.15395 ], [ -71.011585, -33.152845 ], [ -71.012932, -33.150541 ], [ -71.014299, -33.149004 ], [ -71.014529, -33.147734 ], [ -71.014334, -33.146803 ], [ -71.013662, -33.145642 ], [ -71.012441, -33.1449 ], [ -71.012054, -33.144369 ], [ -71.013293, -33.142176 ], [ -71.012403, -33.138286 ], [ -71.01275, -33.132215 ], [ -71.012987, -33.131269 ], [ -71.014239, -33.129292 ], [ -71.016764, -33.122596 ], [ -71.019323, -33.120052 ], [ -71.019738, -33.118255 ], [ -71.019487, -33.113768 ], [ -71.020138, -33.11062 ], [ -71.019822, -33.109371 ], [ -71.018109, -33.105814 ], [ -71.017516, -33.102983 ], [ -71.015145, -33.095487 ], [ -71.016689, -33.093677 ], [ -71.022639, -33.087849 ], [ -71.029179, -33.084028 ], [ -71.029324, -33.083931 ], [ -71.02736, -33.082001 ], [ -71.026598, -33.080467 ], [ -71.026123, -33.078252 ], [ -71.025406, -33.077619 ], [ -71.022456, -33.076449 ], [ -71.019531, -33.073548 ], [ -71.018353, -33.072741 ], [ -71.017943, -33.071919 ], [ -71.018239, -33.070548 ], [ -71.018026, -33.069834 ], [ -71.015538, -33.067647 ], [ -71.013451, -33.066702 ], [ -71.011684, -33.06504 ], [ -71.01054, -33.064909 ], [ -71.009313, -33.065213 ], [ -71.008936, -33.065057 ], [ -71.008789, -33.064554 ], [ -71.010219, -33.060225 ], [ -71.009867, -33.059063 ], [ -71.008184, -33.056737 ], [ -71.00758, -33.052661 ], [ -71.006531, -33.052326 ], [ -71.004888, -33.05288 ], [ -71.004209, -33.052823 ], [ -71.003468, -33.051794 ], [ -71.001088, -33.050732 ], [ -71.000859, -33.050149 ], [ -71.001828, -33.047595 ], [ -71.006037, -33.045634 ], [ -71.007534, -33.044379 ], [ -71.008107, -33.043048 ], [ -71.007942, -33.042 ], [ -71.008145, -33.041564 ], [ -71.009667, -33.041053 ], [ -71.01082, -33.039839 ], [ -71.012863, -33.038792 ], [ -71.013582, -33.038023 ], [ -71.014556, -33.03513 ], [ -71.014672, -33.032175 ], [ -71.01596, -33.028984 ], [ -71.017063, -33.027695 ], [ -71.016989, -33.025415 ], [ -71.017965, -33.024578 ], [ -71.018639, -33.022727 ], [ -71.019547, -33.021829 ], [ -71.019905, -33.020935 ], [ -71.019874, -33.018487 ], [ -71.018995, -33.017049 ], [ -71.019807, -33.015918 ], [ -71.019574, -33.013482 ], [ -71.020065, -33.011621 ], [ -71.023499, -33.007832 ], [ -71.026088, -33.006401 ], [ -71.026727, -33.005566 ], [ -71.027174, -33.000297 ], [ -71.028015, -32.997469 ], [ -71.027409, -32.993231 ], [ -71.026997, -32.992571 ], [ -71.027082, -32.991329 ], [ -71.027836, -32.989644 ], [ -71.027763, -32.989053 ], [ -71.030346, -32.988726 ], [ -71.027354, -32.988959 ], [ -71.026346, -32.987618 ], [ -71.022837, -32.985106 ], [ -71.021688, -32.982652 ], [ -71.020569, -32.981249 ], [ -71.019117, -32.980081 ], [ -71.017629, -32.979452 ], [ -71.016939, -32.978422 ], [ -71.014226, -32.976755 ], [ -71.011617, -32.976069 ], [ -71.00528, -32.976265 ], [ -71.001471, -32.975564 ], [ -70.99966, -32.975593 ], [ -70.997025, -32.976731 ], [ -70.993863, -32.977115 ], [ -70.989601, -32.9785 ], [ -70.988376, -32.978673 ], [ -70.987492, -32.979052 ], [ -70.98674, -32.979993 ], [ -70.986248, -32.980168 ], [ -70.98584, -32.979719 ], [ -70.985632, -32.978681 ], [ -70.982799, -32.976457 ], [ -70.981645, -32.976178 ], [ -70.978923, -32.976226 ], [ -70.975578, -32.975885 ], [ -70.971032, -32.976548 ], [ -70.962985, -32.973644 ], [ -70.960321, -32.972207 ], [ -70.957561, -32.970328 ], [ -70.954693, -32.967563 ], [ -70.95405, -32.966242 ], [ -70.953697, -32.966174 ], [ -70.95291, -32.96626 ], [ -70.951017, -32.967916 ], [ -70.947853, -32.971662 ], [ -70.946754, -32.972358 ], [ -70.941273, -32.973025 ], [ -70.939186, -32.972877 ], [ -70.936781, -32.971399 ], [ -70.929192, -32.968198 ], [ -70.926503, -32.966005 ], [ -70.925683, -32.964613 ], [ -70.925212, -32.959074 ], [ -70.92437, -32.956647 ], [ -70.922736, -32.954085 ], [ -70.920122, -32.950798 ], [ -70.916632, -32.947598 ], [ -70.915956, -32.944724 ], [ -70.912735, -32.945809 ], [ -70.910803, -32.945691 ], [ -70.909211, -32.94505 ], [ -70.908239, -32.943124 ], [ -70.907189, -32.936516 ], [ -70.906619, -32.935912 ], [ -70.905256, -32.935648 ], [ -70.901892, -32.935537 ], [ -70.899819, -32.935095 ], [ -70.897878, -32.934318 ], [ -70.897056, -32.934294 ], [ -70.894958, -32.934732 ], [ -70.893408, -32.935337 ], [ -70.887692, -32.938787 ], [ -70.885902, -32.938711 ], [ -70.882998, -32.936865 ], [ -70.880185, -32.936064 ], [ -70.878212, -32.93521 ], [ -70.876464, -32.933775 ], [ -70.872343, -32.931132 ], [ -70.870841, -32.930848 ], [ -70.868396, -32.932088 ], [ -70.865321, -32.932274 ], [ -70.86449, -32.932011 ], [ -70.861816, -32.930117 ], [ -70.856321, -32.929842 ], [ -70.853043, -32.929011 ], [ -70.848032, -32.927034 ], [ -70.84196, -32.922479 ], [ -70.841137, -32.922577 ], [ -70.84086, -32.922833 ], [ -70.840463, -32.923867 ], [ -70.839155, -32.925289 ], [ -70.837317, -32.926732 ], [ -70.836085, -32.927156 ], [ -70.8331, -32.927926 ], [ -70.828578, -32.927726 ], [ -70.823911, -32.928177 ], [ -70.821453, -32.928795 ], [ -70.816843, -32.930666 ], [ -70.814712, -32.930548 ], [ -70.812278, -32.929871 ], [ -70.808003, -32.926898 ], [ -70.803946, -32.924905 ], [ -70.801826, -32.924904 ], [ -70.798577, -32.925731 ], [ -70.796014, -32.925651 ], [ -70.794337, -32.925923 ], [ -70.793492, -32.926692 ], [ -70.793403, -32.928448 ], [ -70.792126, -32.929368 ], [ -70.790065, -32.929844 ], [ -70.785113, -32.928765 ], [ -70.781742, -32.929205 ], [ -70.78017, -32.930405 ], [ -70.77801, -32.933421 ], [ -70.774482, -32.934512 ], [ -70.773553, -32.93531 ], [ -70.771553, -32.935528 ], [ -70.7691, -32.93518 ], [ -70.766364, -32.933946 ], [ -70.764606, -32.932818 ], [ -70.762661, -32.93023 ], [ -70.761699, -32.929401 ], [ -70.75993, -32.930357 ], [ -70.756995, -32.930842 ], [ -70.754817, -32.929719 ], [ -70.752807, -32.929127 ], [ -70.751072, -32.929151 ], [ -70.749246, -32.929842 ], [ -70.748405, -32.929853 ], [ -70.744429, -32.928224 ], [ -70.741692, -32.92538 ], [ -70.73932, -32.925103 ], [ -70.736455, -32.923768 ], [ -70.730614, -32.926199 ], [ -70.729982, -32.926163 ], [ -70.729343, -32.925773 ], [ -70.728235, -32.924572 ], [ -70.727912, -32.924967 ], [ -70.726011, -32.926479 ], [ -70.723424, -32.927223 ], [ -70.722847, -32.927797 ], [ -70.722633, -32.929711 ], [ -70.723692, -32.932386 ], [ -70.72362, -32.933024 ], [ -70.722464, -32.934031 ], [ -70.722006, -32.936374 ], [ -70.722373, -32.937996 ], [ -70.721237, -32.939994 ], [ -70.720846, -32.941486 ], [ -70.721147, -32.94403 ], [ -70.720769, -32.946194 ], [ -70.721342, -32.949725 ], [ -70.719653, -32.953571 ], [ -70.718241, -32.954369 ], [ -70.716984, -32.954457 ], [ -70.714149, -32.955487 ], [ -70.712836, -32.957062 ], [ -70.712008, -32.95764 ], [ -70.71025, -32.957947 ], [ -70.70901, -32.958955 ], [ -70.708194, -32.96017 ], [ -70.707364, -32.960676 ], [ -70.706944, -32.960682 ], [ -70.706757, -32.959694 ], [ -70.706415, -32.959344 ], [ -70.703542, -32.958393 ], [ -70.701192, -32.958425 ], [ -70.698344, -32.958817 ], [ -70.697333, -32.958619 ], [ -70.696132, -32.95729 ], [ -70.694516, -32.95618 ], [ -70.691815, -32.955438 ], [ -70.690052, -32.955461 ], [ -70.688801, -32.955868 ], [ -70.686886, -32.956743 ], [ -70.684481, -32.958333 ], [ -70.68348, -32.958629 ], [ -70.676696, -32.95957 ], [ -70.674012, -32.959677 ], [ -70.671059, -32.958938 ], [ -70.669872, -32.958317 ], [ -70.668743, -32.95635 ], [ -70.668149, -32.956004 ], [ -70.664024, -32.955422 ], [ -70.661745, -32.954744 ], [ -70.659551, -32.953641 ], [ -70.659571, -32.953628 ], [ -70.658675, -32.953932 ], [ -70.653149, -32.954251 ], [ -70.651868, -32.953869 ], [ -70.650654, -32.953118 ], [ -70.648879, -32.952604 ], [ -70.647139, -32.952965 ], [ -70.645169, -32.952684 ], [ -70.644215, -32.952298 ], [ -70.64365, -32.951262 ], [ -70.641677, -32.950828 ], [ -70.637179, -32.947665 ], [ -70.634755, -32.947406 ], [ -70.633738, -32.947511 ], [ -70.630013, -32.948787 ], [ -70.626819, -32.949258 ], [ -70.624779, -32.949131 ], [ -70.623864, -32.948806 ], [ -70.622534, -32.947718 ], [ -70.621243, -32.947781 ], [ -70.619287, -32.948297 ], [ -70.615936, -32.95009 ], [ -70.615049, -32.951359 ], [ -70.614073, -32.951709 ], [ -70.613409, -32.951227 ], [ -70.612722, -32.949487 ], [ -70.611791, -32.948272 ], [ -70.611463, -32.946282 ], [ -70.610577, -32.945557 ], [ -70.609641, -32.944096 ], [ -70.608144, -32.942842 ], [ -70.607595, -32.942634 ], [ -70.606069, -32.942777 ], [ -70.605075, -32.942145 ], [ -70.60384, -32.942253 ], [ -70.602978, -32.942878 ], [ -70.60191, -32.94418 ], [ -70.599805, -32.944514 ], [ -70.598945, -32.94523 ], [ -70.59793, -32.945458 ], [ -70.596488, -32.946213 ], [ -70.594766, -32.947554 ], [ -70.594292, -32.948558 ], [ -70.59457, -32.949812 ], [ -70.595383, -32.950538 ], [ -70.595915, -32.951758 ], [ -70.597091, -32.952388 ], [ -70.59761, -32.952964 ], [ -70.597096, -32.954719 ], [ -70.591921, -32.959372 ], [ -70.591696, -32.961063 ], [ -70.592535, -32.962172 ], [ -70.592732, -32.963028 ], [ -70.591552, -32.964179 ], [ -70.591172, -32.965288 ], [ -70.591745, -32.966846 ], [ -70.593084, -32.968424 ], [ -70.592991, -32.969315 ], [ -70.592275, -32.969968 ], [ -70.589819, -32.971074 ], [ -70.588849, -32.971761 ], [ -70.58645, -32.974 ], [ -70.583629, -32.974987 ], [ -70.578777, -32.978516 ], [ -70.577462, -32.980281 ], [ -70.576931, -32.982175 ], [ -70.575325, -32.983975 ], [ -70.574372, -32.985644 ], [ -70.572439, -32.98754 ], [ -70.567315, -32.989061 ], [ -70.565297, -32.990253 ], [ -70.564911, -32.991055 ], [ -70.5648, -32.99302 ], [ -70.563216, -32.994053 ], [ -70.561715, -32.995667 ], [ -70.55903, -32.997219 ], [ -70.557635, -32.998617 ], [ -70.557439, -32.999878 ], [ -70.557971, -33.00119 ], [ -70.557867, -33.003554 ], [ -70.5574, -33.003928 ], [ -70.556183, -33.004051 ], [ -70.55568, -33.004425 ], [ -70.555261, -33.005473 ], [ -70.553974, -33.006809 ], [ -70.55104, -33.007735 ], [ -70.549773, -33.010205 ], [ -70.54966, -33.012109 ], [ -70.548021, -33.013127 ], [ -70.546948, -33.014214 ], [ -70.547001, -33.015195 ], [ -70.547863, -33.016596 ], [ -70.54755, -33.017458 ], [ -70.546869, -33.01805 ], [ -70.546898, -33.018679 ], [ -70.547465, -33.019837 ], [ -70.549346, -33.021225 ], [ -70.549689, -33.02208 ], [ -70.549957, -33.025958 ], [ -70.551353, -33.028702 ], [ -70.552468, -33.029977 ], [ -70.553034, -33.031074 ], [ -70.553466, -33.03291 ], [ -70.553136, -33.034816 ], [ -70.550988, -33.03696 ], [ -70.549862, -33.039245 ], [ -70.54689, -33.040079 ], [ -70.544707, -33.04026 ], [ -70.543701, -33.041039 ], [ -70.542896, -33.042951 ], [ -70.54145, -33.043613 ], [ -70.540031, -33.04472 ], [ -70.537492, -33.045365 ], [ -70.53663, -33.046051 ], [ -70.535598, -33.047475 ], [ -70.533786, -33.048049 ], [ -70.530801, -33.050264 ], [ -70.52881, -33.050995 ], [ -70.527213, -33.05241 ], [ -70.526915, -33.054132 ], [ -70.527635, -33.055749 ], [ -70.527095, -33.058272 ], [ -70.525553, -33.06073 ], [ -70.52528, -33.063893 ], [ -70.52414, -33.065441 ], [ -70.52341, -33.068534 ], [ -70.52063, -33.072127 ], [ -70.519461, -33.073016 ], [ -70.519295, -33.073999 ], [ -70.519688, -33.075651 ], [ -70.519571, -33.07734 ], [ -70.519155, -33.078573 ], [ -70.518421, -33.079333 ], [ -70.515568, -33.080841 ], [ -70.514726, -33.082723 ], [ -70.512843, -33.083482 ], [ -70.511419, -33.08649 ], [ -70.510102, -33.088347 ], [ -70.509132, -33.089187 ], [ -70.507895, -33.089325 ], [ -70.503413, -33.087232 ], [ -70.502133, -33.08694 ], [ -70.500203, -33.087056 ], [ -70.497604, -33.086412 ], [ -70.494937, -33.084956 ], [ -70.488877, -33.082236 ], [ -70.48499, -33.081868 ], [ -70.48228, -33.081103 ], [ -70.480514, -33.079022 ], [ -70.478379, -33.07558 ], [ -70.478182, -33.072484 ], [ -70.47755, -33.070666 ], [ -70.477704, -33.068977 ], [ -70.477397, -33.06806 ], [ -70.476693, -33.067393 ], [ -70.473504, -33.066234 ], [ -70.470723, -33.065531 ], [ -70.469266, -33.065548 ], [ -70.468715, -33.065278 ], [ -70.46723, -33.063639 ], [ -70.465888, -33.062903 ], [ -70.465291, -33.062082 ], [ -70.464678, -33.060248 ], [ -70.464566, -33.057887 ], [ -70.464145, -33.056695 ], [ -70.462586, -33.053845 ], [ -70.461026, -33.052052 ], [ -70.459722, -33.04811 ], [ -70.457982, -33.046412 ], [ -70.457357, -33.044993 ], [ -70.454262, -33.04285 ], [ -70.452499, -33.039772 ], [ -70.451143, -33.038116 ], [ -70.447878, -33.036711 ], [ -70.44665, -33.03513 ], [ -70.445754, -33.032701 ], [ -70.443192, -33.029693 ], [ -70.442748, -33.029269 ], [ -70.440106, -33.028072 ], [ -70.438622, -33.026432 ], [ -70.437587, -33.024373 ], [ -70.436695, -33.023279 ], [ -70.435066, -33.021672 ], [ -70.434258, -33.021251 ], [ -70.42799, -33.020986 ], [ -70.425227, -33.021294 ], [ -70.424667, -33.021561 ], [ -70.42343, -33.023937 ], [ -70.423203, -33.025689 ], [ -70.422429, -33.025084 ], [ -70.420934, -33.025019 ], [ -70.420923, -33.025009 ], [ -70.416578, -33.025109 ], [ -70.407396, -33.029509 ], [ -70.40527, -33.030944 ], [ -70.402123, -33.03236 ], [ -70.399494, -33.034231 ], [ -70.399029, -33.035908 ], [ -70.398924, -33.040818 ], [ -70.399264, -33.041582 ], [ -70.401197, -33.042895 ], [ -70.401277, -33.043354 ], [ -70.399365, -33.044511 ], [ -70.398188, -33.046119 ], [ -70.397567, -33.048305 ], [ -70.396564, -33.04939 ], [ -70.396566, -33.050694 ], [ -70.398011, -33.052212 ], [ -70.402031, -33.055266 ], [ -70.402333, -33.055968 ], [ -70.402208, -33.057258 ], [ -70.402508, -33.057807 ], [ -70.404828, -33.060465 ], [ -70.406697, -33.063451 ], [ -70.407042, -33.064521 ], [ -70.406859, -33.065613 ], [ -70.40614, -33.066234 ], [ -70.404325, -33.066623 ], [ -70.402927, -33.068142 ], [ -70.400902, -33.069085 ], [ -70.396609, -33.071834 ], [ -70.394865, -33.07331 ], [ -70.394717, -33.075521 ], [ -70.395356, -33.076741 ], [ -70.395523, -33.078059 ], [ -70.39472, -33.080338 ], [ -70.39389, -33.080808 ], [ -70.392153, -33.080474 ], [ -70.391061, -33.080548 ], [ -70.388538, -33.082325 ], [ -70.386902, -33.082619 ], [ -70.386038, -33.083304 ], [ -70.386201, -33.084376 ], [ -70.38862, -33.088721 ], [ -70.386576, -33.090861 ], [ -70.385369, -33.0929 ], [ -70.385269, -33.093514 ], [ -70.383923, -33.093652 ], [ -70.382258, -33.094438 ], [ -70.380482, -33.096252 ], [ -70.380138, -33.097575 ], [ -70.378297, -33.0987 ], [ -70.377656, -33.09972 ], [ -70.377187, -33.102364 ], [ -70.375075, -33.10366 ], [ -70.374553, -33.105231 ], [ -70.37412, -33.105542 ], [ -70.373176, -33.105798 ], [ -70.371498, -33.105725 ], [ -70.369107, -33.106733 ], [ -70.365396, -33.107203 ], [ -70.361346, -33.106971 ], [ -70.353534, -33.105139 ], [ -70.350945, -33.105075 ], [ -70.348303, -33.103938 ], [ -70.345398, -33.103493 ], [ -70.343296, -33.101921 ], [ -70.34336, -33.098944 ], [ -70.343232, -33.097718 ], [ -70.342856, -33.096985 ], [ -70.338765, -33.096416 ], [ -70.337346, -33.096554 ], [ -70.333904, -33.097941 ], [ -70.33008, -33.101863 ], [ -70.328699, -33.102123 ], [ -70.323486, -33.102148 ], [ -70.322578, -33.102342 ], [ -70.320698, -33.103405 ], [ -70.320605, -33.105691 ], [ -70.320018, -33.107876 ], [ -70.319413, -33.108895 ], [ -70.318221, -33.109613 ], [ -70.316293, -33.109941 ], [ -70.31487, -33.109864 ], [ -70.31304, -33.109361 ], [ -70.311497, -33.108549 ], [ -70.310494, -33.108514 ], [ -70.309623, -33.10883 ], [ -70.307426, -33.110663 ], [ -70.303743, -33.113033 ], [ -70.302214, -33.113203 ], [ -70.29993, -33.112843 ], [ -70.299658, -33.114165 ], [ -70.298331, -33.115683 ], [ -70.298255, -33.117923 ], [ -70.297939, -33.118786 ], [ -70.296895, -33.119717 ], [ -70.297018, -33.123122 ], [ -70.296124, -33.125509 ], [ -70.295411, -33.126621 ], [ -70.292968, -33.129162 ], [ -70.290837, -33.130565 ], [ -70.287957, -33.131837 ], [ -70.286901, -33.131971 ], [ -70.281713, -33.131288 ], [ -70.278688, -33.131381 ], [ -70.274142, -33.131013 ], [ -70.272903, -33.131056 ], [ -70.271926, -33.131588 ], [ -70.270706, -33.132981 ], [ -70.269859, -33.134923 ], [ -70.269623, -33.136275 ], [ -70.269915, -33.142608 ], [ -70.271463, -33.147547 ], [ -70.271092, -33.149638 ], [ -70.271343, -33.151844 ], [ -70.271135, -33.153887 ], [ -70.270893, -33.154779 ], [ -70.269348, -33.156452 ], [ -70.269006, -33.15802 ], [ -70.269286, -33.160978 ], [ -70.268407, -33.163288 ], [ -70.267874, -33.164275 ], [ -70.265675, -33.166077 ], [ -70.265175, -33.16685 ], [ -70.265094, -33.173938 ], [ -70.265456, -33.176266 ], [ -70.267046, -33.180239 ], [ -70.267005, -33.181206 ], [ -70.26629, -33.182225 ], [ -70.264191, -33.183443 ], [ -70.260596, -33.184646 ], [ -70.25823, -33.185038 ], [ -70.254217, -33.185109 ], [ -70.251804, -33.1861 ], [ -70.2498, -33.186243 ], [ -70.248677, -33.186868 ], [ -70.245506, -33.187114 ], [ -70.244819, -33.18752 ], [ -70.243904, -33.187376 ], [ -70.243323, -33.184958 ], [ -70.241556, -33.182597 ], [ -70.241242, -33.181005 ], [ -70.240717, -33.179998 ], [ -70.237703, -33.175824 ], [ -70.237875, -33.175117 ], [ -70.23918, -33.173186 ], [ -70.239979, -33.170355 ], [ -70.240165, -33.168022 ], [ -70.239259, -33.16467 ], [ -70.238039, -33.163052 ], [ -70.233969, -33.161415 ], [ -70.23259, -33.160565 ], [ -70.230683, -33.158714 ], [ -70.229752, -33.157381 ], [ -70.229327, -33.155516 ], [ -70.22698, -33.150697 ], [ -70.226903, -33.149259 ], [ -70.227351, -33.148679 ], [ -70.230794, -33.146296 ], [ -70.23219, -33.144221 ], [ -70.236101, -33.142696 ], [ -70.236537, -33.141301 ], [ -70.236239, -33.140394 ], [ -70.235434, -33.139826 ], [ -70.233524, -33.139773 ], [ -70.231919, -33.13907 ], [ -70.230002, -33.136452 ], [ -70.228388, -33.135174 ], [ -70.224059, -33.135264 ], [ -70.223198, -33.134841 ], [ -70.220593, -33.131894 ], [ -70.217753, -33.130508 ], [ -70.216482, -33.129226 ], [ -70.21437, -33.128959 ], [ -70.212708, -33.128208 ], [ -70.209336, -33.127474 ], [ -70.208813, -33.12676 ], [ -70.207783, -33.126434 ], [ -70.206688, -33.125486 ], [ -70.20462, -33.124307 ], [ -70.203749, -33.123069 ], [ -70.203097, -33.11912 ], [ -70.203068, -33.117011 ], [ -70.202773, -33.116295 ], [ -70.201212, -33.114632 ], [ -70.200569, -33.113391 ], [ -70.200029, -33.111383 ], [ -70.199625, -33.111003 ], [ -70.193913, -33.109908 ], [ -70.192262, -33.109971 ], [ -70.190233, -33.109439 ], [ -70.187989, -33.107831 ], [ -70.186259, -33.106217 ], [ -70.185732, -33.105167 ], [ -70.18542, -33.103157 ], [ -70.184841, -33.102443 ], [ -70.183752, -33.101974 ], [ -70.182841, -33.101983 ], [ -70.181195, -33.102382 ], [ -70.178816, -33.103459 ], [ -70.17832, -33.104662 ], [ -70.178221, -33.105766 ], [ -70.177208, -33.106735 ], [ -70.161148, -33.111344 ], [ -70.155873, -33.113119 ], [ -70.154979, -33.110107 ], [ -70.152943, -33.106865 ], [ -70.15551, -33.104996 ], [ -70.157414, -33.102485 ], [ -70.158754, -33.100363 ], [ -70.158738, -33.099165 ], [ -70.1569, -33.098031 ], [ -70.152258, -33.095821 ], [ -70.150161, -33.094426 ], [ -70.148909, -33.094582 ], [ -70.148006, -33.095165 ], [ -70.14721, -33.095268 ], [ -70.145257, -33.09404 ], [ -70.143657, -33.093623 ], [ -70.142119, -33.093637 ], [ -70.138769, -33.094435 ], [ -70.137118, -33.09445 ], [ -70.136374, -33.094169 ], [ -70.135215, -33.092645 ], [ -70.13188, -33.090231 ], [ -70.131694, -33.088986 ], [ -70.13224, -33.087207 ], [ -70.131537, -33.085631 ], [ -70.130437, -33.084251 ], [ -70.12982, -33.080565 ], [ -70.129122, -33.079373 ], [ -70.127051, -33.077761 ], [ -70.125952, -33.076381 ], [ -70.124286, -33.075245 ], [ -70.117995, -33.073144 ], [ -70.113342, -33.072203 ], [ -70.11294, -33.071871 ], [ -70.11382, -33.069466 ], [ -70.114381, -33.068742 ], [ -70.115791, -33.067723 ], [ -70.116124, -33.067048 ], [ -70.116042, -33.065035 ], [ -70.115291, -33.064179 ], [ -70.111755, -33.061454 ], [ -70.107682, -33.058997 ], [ -70.102253, -33.052813 ], [ -70.100939, -33.052489 ], [ -70.099408, -33.052934 ], [ -70.098497, -33.052942 ], [ -70.094472, -33.051994 ], [ -70.093784, -33.051617 ], [ -70.091744, -33.0477 ], [ -70.087632, -33.046501 ] ], [ [ -71.228318, -33.244156 ], [ -71.230091, -33.241957 ], [ -71.229845, -33.242136 ], [ -71.228318, -33.244156 ] ], [ [ -71.383408, -33.184263 ], [ -71.38342, -33.184264 ], [ -71.384099, -33.183458 ], [ -71.383408, -33.184263 ] ], [ [ -71.385793, -33.18167 ], [ -71.386394, -33.180943 ], [ -71.385984, -33.181321 ], [ -71.385793, -33.18167 ] ], [ [ -71.386824, -33.180546 ], [ -71.387233, -33.180473 ], [ -71.386932, -33.180447 ], [ -71.386824, -33.180546 ] ], [ [ -71.45542, -33.155348 ], [ -71.455945, -33.156381 ], [ -71.455547, -33.155377 ], [ -71.45542, -33.155348 ] ], [ [ -71.455945, -33.156381 ], [ -71.456459, -33.156565 ], [ -71.456649, -33.156577 ], [ -71.455945, -33.156381 ] ], [ [ -71.459395, -33.156868 ], [ -71.459894, -33.157003 ], [ -71.460031, -33.156905 ], [ -71.459395, -33.156868 ] ], [ [ -71.467904, -33.154502 ], [ -71.468149, -33.154466 ], [ -71.468498, -33.154248 ], [ -71.467904, -33.154502 ] ], [ [ -71.468998, -33.153935 ], [ -71.46924, -33.153783 ], [ -71.470528, -33.152688 ], [ -71.468998, -33.153935 ] ], [ [ -71.480236, -33.14158 ], [ -71.480412, -33.1415 ], [ -71.480405, -33.141171 ], [ -71.480236, -33.14158 ] ], [ [ -71.478386, -33.132508 ], [ -71.478227, -33.131232 ], [ -71.478259, -33.13236 ], [ -71.478386, -33.132508 ] ], [ [ -71.488563, -33.125501 ], [ -71.487446, -33.123617 ], [ -71.487075, -33.123276 ], [ -71.488563, -33.125501 ] ], [ [ -71.479858, -33.116254 ], [ -71.48342, -33.113187 ], [ -71.480054, -33.11602 ], [ -71.479858, -33.116254 ] ], [ [ -71.487105, -33.088749 ], [ -71.487084, -33.088625 ], [ -71.486926, -33.088557 ], [ -71.487105, -33.088749 ] ], [ [ -71.469749, -33.065987 ], [ -71.470256, -33.065555 ], [ -71.469726, -33.065954 ], [ -71.469749, -33.065987 ] ], [ [ -71.484084, -33.037674 ], [ -71.484326, -33.034951 ], [ -71.484293, -33.034917 ], [ -71.484084, -33.037674 ] ], [ [ -71.484255, -33.034877 ], [ -71.484036, -33.034649 ], [ -71.482446, -33.034131 ], [ -71.482847, -33.034411 ], [ -71.484255, -33.034877 ] ], [ [ -71.469394, -33.016579 ], [ -71.46936, -33.016466 ], [ -71.468182, -33.016871 ], [ -71.469394, -33.016579 ] ], [ [ -71.452438, -33.020324 ], [ -71.451595, -33.02018 ], [ -71.452053, -33.020362 ], [ -71.452438, -33.020324 ] ], [ [ -71.452153, -33.017825 ], [ -71.452258, -33.017543 ], [ -71.452116, -33.016496 ], [ -71.452153, -33.017825 ] ], [ [ -71.433869, -33.001008 ], [ -71.433914, -32.99941 ], [ -71.433459, -33.000895 ], [ -71.433725, -33.000585 ], [ -71.433869, -33.001008 ] ], [ [ -71.432803, -33.001659 ], [ -71.431173, -33.002003 ], [ -71.430817, -33.002154 ], [ -71.432803, -33.001659 ] ], [ [ -71.401957, -33.011436 ], [ -71.40058, -33.013323 ], [ -71.400717, -33.013326 ], [ -71.401957, -33.011436 ] ], [ [ -71.351788, -33.100009 ], [ -71.34984, -33.101355 ], [ -71.351176, -33.100617 ], [ -71.351788, -33.100009 ] ], [ [ -71.326192, -33.108081 ], [ -71.325731, -33.107313 ], [ -71.325586, -33.107279 ], [ -71.326192, -33.108081 ] ], [ [ -71.325349, -33.107223 ], [ -71.325206, -33.107189 ], [ -71.325104, -33.107316 ], [ -71.325349, -33.107223 ] ], [ [ -71.32229, -33.108389 ], [ -71.321663, -33.108706 ], [ -71.320384, -33.109831 ], [ -71.32229, -33.108389 ] ], [ [ -71.319675, -33.110455 ], [ -71.319402, -33.110695 ], [ -71.31863, -33.112389 ], [ -71.319675, -33.110455 ] ], [ [ -71.310252, -33.118977 ], [ -71.306993, -33.1202 ], [ -71.308549, -33.119772 ], [ -71.310252, -33.118977 ] ], [ [ -71.306274, -33.120397 ], [ -71.304044, -33.120761 ], [ -71.305126, -33.120713 ], [ -71.306274, -33.120397 ] ], [ [ -71.302674, -33.120822 ], [ -71.301766, -33.120679 ], [ -71.302181, -33.120844 ], [ -71.302674, -33.120822 ] ], [ [ -71.301175, -33.120444 ], [ -71.299187, -33.119105 ], [ -71.300622, -33.120224 ], [ -71.301175, -33.120444 ] ], [ [ -71.267019, -33.117711 ], [ -71.264972, -33.119073 ], [ -71.266215, -33.118433 ], [ -71.267019, -33.117711 ] ], [ [ -71.26051, -33.12144 ], [ -71.260285, -33.121553 ], [ -71.258609, -33.123198 ], [ -71.26051, -33.12144 ] ], [ [ -71.248864, -33.130158 ], [ -71.248698, -33.130275 ], [ -71.248644, -33.130336 ], [ -71.248864, -33.130158 ] ], [ [ -71.254041, -33.126522 ], [ -71.25144, -33.128349 ], [ -71.251686, -33.128237 ], [ -71.254041, -33.126522 ] ], [ [ -71.217504, -33.139474 ], [ -71.217293, -33.139464 ], [ -71.215625, -33.139935 ], [ -71.217504, -33.139474 ] ], [ [ -71.209211, -33.143415 ], [ -71.209009, -33.143524 ], [ -71.208826, -33.14377 ], [ -71.209211, -33.143415 ] ], [ [ -71.208676, -33.143972 ], [ -71.208645, -33.144013 ], [ -71.208245, -33.145774 ], [ -71.208676, -33.143972 ] ], [ [ -71.195625, -33.161579 ], [ -71.19315, -33.160355 ], [ -71.195337, -33.161594 ], [ -71.195625, -33.161579 ] ], [ [ -71.1908, -33.159023 ], [ -71.190423, -33.158735 ], [ -71.190521, -33.158865 ], [ -71.1908, -33.159023 ] ], [ [ -71.190222, -33.158468 ], [ -71.189107, -33.155179 ], [ -71.190123, -33.158336 ], [ -71.190222, -33.158468 ] ], [ [ -71.189107, -33.155179 ], [ -71.188798, -33.153237 ], [ -71.188715, -33.153116 ], [ -71.189107, -33.155179 ] ], [ [ -71.188145, -33.152284 ], [ -71.187639, -33.151544 ], [ -71.187442, -33.15143 ], [ -71.188145, -33.152284 ] ], [ [ -71.187194, -33.151288 ], [ -71.187016, -33.151185 ], [ -71.184366, -33.150646 ], [ -71.187194, -33.151288 ] ], [ [ -71.135839, -33.134778 ], [ -71.137843, -33.129842 ], [ -71.137847, -33.129677 ], [ -71.135839, -33.134778 ] ], [ [ -71.137061, -33.122957 ], [ -71.137, -33.122778 ], [ -71.136573, -33.122029 ], [ -71.137061, -33.122957 ] ], [ [ -71.134205, -33.121005 ], [ -71.133142, -33.120889 ], [ -71.133368, -33.12096 ], [ -71.134205, -33.121005 ] ], [ [ -71.061084, -33.10129 ], [ -71.058809, -33.099807 ], [ -71.059381, -33.100328 ], [ -71.060973, -33.101267 ], [ -71.061084, -33.10129 ] ], [ [ -71.058038, -33.099304 ], [ -71.05797, -33.09926 ], [ -71.057032, -33.099075 ], [ -71.058038, -33.099304 ] ], [ [ -71.054114, -33.098502 ], [ -71.053465, -33.098374 ], [ -71.052556, -33.098426 ], [ -71.054114, -33.098502 ] ], [ [ -71.045598, -33.098614 ], [ -71.043477, -33.097582 ], [ -71.043171, -33.097521 ], [ -71.045257, -33.098554 ], [ -71.045598, -33.098614 ] ], [ [ -71.039828, -33.096787 ], [ -71.039333, -33.096595 ], [ -71.039602, -33.09674 ], [ -71.039828, -33.096787 ] ], [ [ -71.037371, -33.09554 ], [ -71.034198, -33.093487 ], [ -71.036503, -33.095072 ], [ -71.037371, -33.09554 ] ], [ [ -71.03748, -32.990312 ], [ -71.038959, -32.990518 ], [ -71.040206, -32.990533 ], [ -71.03748, -32.990312 ] ], [ [ -71.04209, -32.990556 ], [ -71.043028, -32.990567 ], [ -71.045531, -32.990204 ], [ -71.046086, -32.989997 ], [ -71.04209, -32.990556 ] ], [ [ -71.047562, -32.989447 ], [ -71.047859, -32.989337 ], [ -71.053788, -32.986019 ], [ -71.047562, -32.989447 ] ], [ [ -71.119623, -32.954429 ], [ -71.11995, -32.953763 ], [ -71.12073, -32.949839 ], [ -71.119623, -32.954429 ] ], [ [ -71.125344, -32.94884 ], [ -71.126428, -32.9485 ], [ -71.127834, -32.94797 ], [ -71.125344, -32.94884 ] ], [ [ -71.142652, -32.940462 ], [ -71.142817, -32.940214 ], [ -71.143489, -32.936383 ], [ -71.142652, -32.940462 ] ], [ [ -71.145421, -32.867904 ], [ -71.14545, -32.86766 ], [ -71.145384, -32.867796 ], [ -71.145421, -32.867904 ] ], [ [ -71.146102, -32.863367 ], [ -71.14602, -32.862527 ], [ -71.145373, -32.860863 ], [ -71.146102, -32.863367 ] ], [ [ -71.144909, -32.859669 ], [ -71.144813, -32.859423 ], [ -71.142313, -32.855827 ], [ -71.144909, -32.859669 ] ], [ [ -71.087497, -32.753807 ], [ -71.089104, -32.753358 ], [ -71.087165, -32.753615 ], [ -71.087585, -32.753666 ], [ -71.087497, -32.753807 ] ], [ [ -71.085935, -32.753465 ], [ -71.085109, -32.753201 ], [ -71.08555, -32.753418 ], [ -71.085935, -32.753465 ] ], [ [ -71.073054, -32.741935 ], [ -71.072127, -32.74167 ], [ -71.070319, -32.741556 ], [ -71.073054, -32.741935 ] ], [ [ -71.064623, -32.738418 ], [ -71.063541, -32.737998 ], [ -71.063864, -32.738181 ], [ -71.064623, -32.738418 ] ], [ [ -71.055238, -32.736034 ], [ -71.053849, -32.736363 ], [ -71.053926, -32.736359 ], [ -71.055238, -32.736034 ] ], [ [ -71.05319, -32.737785 ], [ -71.053354, -32.740409 ], [ -71.053414, -32.740165 ], [ -71.05319, -32.737785 ] ], [ [ -71.053246, -32.740852 ], [ -71.052717, -32.741751 ], [ -71.053156, -32.741219 ], [ -71.053246, -32.740852 ] ], [ [ -71.019859, -32.840129 ], [ -71.021145, -32.839903 ], [ -71.022091, -32.839484 ], [ -71.019859, -32.840129 ] ], [ [ -71.026765, -32.839389 ], [ -71.027424, -32.839375 ], [ -71.028325, -32.839137 ], [ -71.026765, -32.839389 ] ], [ [ -71.028943, -32.838974 ], [ -71.029957, -32.838707 ], [ -71.030458, -32.838415 ], [ -71.028943, -32.838974 ] ], [ [ -71.011193, -32.965026 ], [ -71.011087, -32.965336 ], [ -71.011212, -32.965859 ], [ -71.011193, -32.965026 ] ], [ [ -71.011407, -32.966674 ], [ -71.011587, -32.967426 ], [ -71.013241, -32.9705 ], [ -71.011407, -32.966674 ] ], [ [ -70.406673, -33.001173 ], [ -70.417957, -32.992371 ], [ -70.406672, -33.001172 ], [ -70.406673, -33.001173 ] ], [ [ -70.423969, -32.985542 ], [ -70.426538, -32.983742 ], [ -70.429371, -32.98245 ], [ -70.434526, -32.979184 ], [ -70.434532, -32.979178 ], [ -70.429383, -32.982439 ], [ -70.42655, -32.983731 ], [ -70.423975, -32.985535 ], [ -70.423969, -32.985542 ] ], [ [ -70.439838, -32.972417 ], [ -70.440589, -32.971843 ], [ -70.442168, -32.971443 ], [ -70.442885, -32.970976 ], [ -70.442889, -32.970971 ], [ -70.44218, -32.971432 ], [ -70.440602, -32.971832 ], [ -70.439841, -32.972413 ], [ -70.439838, -32.972417 ] ], [ [ -70.444779, -32.96864 ], [ -70.447328, -32.967127 ], [ -70.447339, -32.967117 ], [ -70.444784, -32.968634 ], [ -70.444779, -32.96864 ] ], [ [ -70.448265, -32.966238 ], [ -70.449523, -32.965651 ], [ -70.451965, -32.965508 ], [ -70.451977, -32.965497 ], [ -70.449535, -32.96564 ], [ -70.448276, -32.966227 ], [ -70.448265, -32.966238 ] ], [ [ -70.455712, -32.961991 ], [ -70.45986, -32.96095 ], [ -70.461766, -32.959839 ], [ -70.461769, -32.959835 ], [ -70.459873, -32.960939 ], [ -70.455724, -32.96198 ], [ -70.455712, -32.961991 ] ], [ [ -70.465382, -32.935535 ], [ -70.469278, -32.933584 ], [ -70.469287, -32.933575 ], [ -70.465385, -32.935528 ], [ -70.465382, -32.935535 ] ], [ [ -70.483455, -32.909559 ], [ -70.485688, -32.909246 ], [ -70.488415, -32.909977 ], [ -70.490701, -32.911324 ], [ -70.492019, -32.91169 ], [ -70.493152, -32.911791 ], [ -70.497533, -32.911281 ], [ -70.497544, -32.91127 ], [ -70.493165, -32.91178 ], [ -70.492032, -32.911679 ], [ -70.490713, -32.911313 ], [ -70.488428, -32.909966 ], [ -70.4857, -32.909235 ], [ -70.483466, -32.909548 ], [ -70.483455, -32.909559 ] ], [ [ -70.499628, -32.909232 ], [ -70.500937, -32.909179 ], [ -70.501723, -32.908806 ], [ -70.501727, -32.9088 ], [ -70.50095, -32.909168 ], [ -70.499638, -32.909222 ], [ -70.499628, -32.909232 ] ], [ [ -70.509108, -32.880374 ], [ -70.50916, -32.880355 ], [ -70.51152, -32.880823 ], [ -70.524098, -32.880937 ], [ -70.527265, -32.88044 ], [ -70.527275, -32.880429 ], [ -70.524111, -32.880926 ], [ -70.511532, -32.880812 ], [ -70.509172, -32.880344 ], [ -70.509108, -32.880374 ] ], [ [ -70.527884, -32.879802 ], [ -70.529202, -32.880155 ], [ -70.52973, -32.879738 ], [ -70.529731, -32.879736 ], [ -70.529214, -32.880144 ], [ -70.527895, -32.879791 ], [ -70.527884, -32.879802 ] ], [ [ -70.532881, -32.873048 ], [ -70.53389, -32.872709 ], [ -70.538163, -32.872288 ], [ -70.539223, -32.871741 ], [ -70.539228, -32.871734 ], [ -70.538175, -32.872277 ], [ -70.533902, -32.872699 ], [ -70.532886, -32.873039 ], [ -70.532881, -32.873048 ] ], [ [ -70.540841, -32.869341 ], [ -70.542688, -32.869605 ], [ -70.545931, -32.868703 ], [ -70.547083, -32.867827 ], [ -70.548003, -32.867569 ], [ -70.550288, -32.867541 ], [ -70.55082, -32.867329 ], [ -70.550828, -32.86732 ], [ -70.550301, -32.86753 ], [ -70.548015, -32.867558 ], [ -70.547096, -32.867816 ], [ -70.545944, -32.868692 ], [ -70.5427, -32.869594 ], [ -70.540848, -32.86933 ], [ -70.540841, -32.869341 ] ], [ [ -70.552062, -32.865877 ], [ -70.55417, -32.865625 ], [ -70.556878, -32.864729 ], [ -70.556889, -32.864718 ], [ -70.554182, -32.865614 ], [ -70.552071, -32.865866 ], [ -70.552062, -32.865877 ] ], [ [ -70.559798, -32.861901 ], [ -70.560665, -32.861563 ], [ -70.563968, -32.861316 ], [ -70.564594, -32.86098 ], [ -70.564594, -32.860975 ], [ -70.56398, -32.861305 ], [ -70.560677, -32.861552 ], [ -70.559808, -32.861891 ], [ -70.559798, -32.861901 ] ], [ [ -70.565508, -32.857397 ], [ -70.568259, -32.85646 ], [ -70.574686, -32.852747 ], [ -70.574689, -32.852741 ], [ -70.568271, -32.856449 ], [ -70.565516, -32.857387 ], [ -70.565508, -32.857397 ] ], [ [ -70.576165, -32.848295 ], [ -70.578975, -32.847849 ], [ -70.581075, -32.848356 ], [ -70.581511, -32.848269 ], [ -70.581518, -32.848259 ], [ -70.581088, -32.848346 ], [ -70.578988, -32.847839 ], [ -70.576175, -32.848285 ], [ -70.576165, -32.848295 ] ], [ [ -70.583953, -32.844181 ], [ -70.584453, -32.844619 ], [ -70.583685, -32.846224 ], [ -70.583969, -32.848194 ], [ -70.584937, -32.849483 ], [ -70.584798, -32.849812 ], [ -70.584806, -32.84981 ], [ -70.584949, -32.849472 ], [ -70.583982, -32.848183 ], [ -70.583698, -32.846213 ], [ -70.584465, -32.844608 ], [ -70.583964, -32.844169 ], [ -70.583953, -32.844181 ] ], [ [ -70.582836, -32.850885 ], [ -70.582823, -32.850896 ], [ -70.5826, -32.852326 ], [ -70.583434, -32.854457 ], [ -70.583102, -32.854955 ], [ -70.583107, -32.854954 ], [ -70.583446, -32.854446 ], [ -70.582612, -32.852315 ], [ -70.582836, -32.850885 ] ], [ [ -70.582467, -32.855055 ], [ -70.58245, -32.855057 ], [ -70.582598, -32.855385 ], [ -70.582314, -32.855821 ], [ -70.582666, -32.855407 ], [ -70.582467, -32.855055 ] ], [ [ -70.59029, -32.853902 ], [ -70.590867, -32.85451 ], [ -70.590292, -32.853903 ], [ -70.59029, -32.853902 ] ], [ [ -70.591975, -32.85484 ], [ -70.595289, -32.857486 ], [ -70.595541, -32.857558 ], [ -70.591975, -32.85484 ] ], [ [ -70.595656, -32.857591 ], [ -70.595864, -32.857651 ], [ -70.598112, -32.85776 ], [ -70.595656, -32.857591 ] ], [ [ -70.606036, -32.852637 ], [ -70.606749, -32.851337 ], [ -70.606748, -32.851337 ], [ -70.606036, -32.852637 ] ], [ [ -70.606748, -32.851337 ], [ -70.605667, -32.850218 ], [ -70.60571, -32.850351 ], [ -70.606748, -32.851337 ] ], [ [ -70.605467, -32.849603 ], [ -70.604947, -32.847694 ], [ -70.604972, -32.848084 ], [ -70.605467, -32.849603 ] ], [ [ -70.627433, -32.837272 ], [ -70.632361, -32.836944 ], [ -70.632371, -32.836933 ], [ -70.627433, -32.837272 ] ], [ [ -70.631862, -32.83428 ], [ -70.636874, -32.833059 ], [ -70.641307, -32.830974 ], [ -70.647827, -32.828571 ], [ -70.65526, -32.826107 ], [ -70.658846, -32.825218 ], [ -70.658846, -32.82521 ], [ -70.655272, -32.826097 ], [ -70.647839, -32.82856 ], [ -70.641319, -32.830963 ], [ -70.636887, -32.833049 ], [ -70.63186, -32.834273 ], [ -70.631862, -32.83428 ] ], [ [ -70.634316, -32.800682 ], [ -70.634297, -32.800655 ], [ -70.635686, -32.80047 ], [ -70.633189, -32.800662 ], [ -70.634316, -32.800682 ] ], [ [ -70.632896, -32.800744 ], [ -70.631772, -32.80121 ], [ -70.631695, -32.801277 ], [ -70.632896, -32.800744 ] ], [ [ -70.607065, -32.813821 ], [ -70.607155, -32.813541 ], [ -70.603777, -32.816888 ], [ -70.603783, -32.816884 ], [ -70.607005, -32.813835 ], [ -70.607065, -32.813821 ] ], [ [ -70.607266, -32.813194 ], [ -70.607333, -32.812986 ], [ -70.607174, -32.8124 ], [ -70.607266, -32.813194 ] ], [ [ -70.607174, -32.8124 ], [ -70.606019, -32.811378 ], [ -70.606114, -32.811532 ], [ -70.607174, -32.8124 ] ], [ [ -70.605859, -32.811117 ], [ -70.605662, -32.810494 ], [ -70.605602, -32.810699 ], [ -70.605859, -32.811117 ] ], [ [ -70.518593, -32.608829 ], [ -70.518439, -32.60863 ], [ -70.518163, -32.608371 ], [ -70.518593, -32.608829 ] ], [ [ -70.51639, -32.606707 ], [ -70.516114, -32.606448 ], [ -70.515706, -32.606244 ], [ -70.51639, -32.606707 ] ], [ [ -70.515566, -32.606173 ], [ -70.51542, -32.6061 ], [ -70.515101, -32.606085 ], [ -70.515566, -32.606173 ] ], [ [ -70.514378, -32.605947 ], [ -70.514278, -32.605753 ], [ -70.514303, -32.605933 ], [ -70.514378, -32.605947 ] ], [ [ -70.513685, -32.602377 ], [ -70.513665, -32.602216 ], [ -70.513211, -32.601924 ], [ -70.513685, -32.602377 ] ], [ [ -70.512124, -32.601226 ], [ -70.511757, -32.60099 ], [ -70.50716, -32.599836 ], [ -70.512124, -32.601226 ] ], [ [ -70.413291, -32.584922 ], [ -70.412285, -32.584861 ], [ -70.412181, -32.584896 ], [ -70.413291, -32.584922 ] ], [ [ -70.411424, -32.58515 ], [ -70.410965, -32.585304 ], [ -70.409836, -32.586125 ], [ -70.411424, -32.58515 ] ], [ [ -71.264172, -33.112265 ], [ -71.260242, -33.107974 ], [ -71.260771, -33.108776 ], [ -71.264172, -33.112265 ] ], [ [ -71.338124, -33.043189 ], [ -71.338969, -33.043682 ], [ -71.338972, -33.043682 ], [ -71.338124, -33.043189 ] ], [ [ -71.339154, -33.043698 ], [ -71.339988, -33.043768 ], [ -71.339996, -33.043766 ], [ -71.339154, -33.043698 ] ], [ [ -71.382326, -33.015438 ], [ -71.382744, -33.014792 ], [ -71.382457, -33.015026 ], [ -71.382326, -33.015438 ] ], [ [ -71.383446, -33.014217 ], [ -71.385378, -33.013573 ], [ -71.383576, -33.014111 ], [ -71.383446, -33.014217 ] ], [ [ -71.395364, -33.013049 ], [ -71.397296, -33.013341 ], [ -71.398814, -33.013303 ], [ -71.395364, -33.013049 ] ], [ [ -71.475001, -33.477629 ], [ -71.477009, -33.475732 ], [ -71.475502, -33.476952 ], [ -71.475001, -33.477629 ] ], [ [ -71.61686, -33.4456 ], [ -71.616903, -33.445482 ], [ -71.616805, -33.445383 ], [ -71.61686, -33.4456 ] ], [ [ -71.616042, -33.44462 ], [ -71.61527, -33.443848 ], [ -71.615465, -33.444178 ], [ -71.616042, -33.44462 ] ], [ [ -71.614935, -33.443281 ], [ -71.614771, -33.441818 ], [ -71.614804, -33.44306 ], [ -71.614935, -33.443281 ] ], [ [ -71.601903, -33.433571 ], [ -71.601619, -33.43343 ], [ -71.598272, -33.43321 ], [ -71.601903, -33.433571 ] ], [ [ -71.590614, -33.432775 ], [ -71.589881, -33.409841 ], [ -71.590574, -33.432787 ], [ -71.590614, -33.432775 ] ], [ [ -71.589157, -33.399888 ], [ -71.58915, -33.399788 ], [ -71.588877, -33.399123 ], [ -71.589157, -33.399888 ] ], [ [ -71.584401, -33.389995 ], [ -71.584197, -33.389265 ], [ -71.583843, -33.388782 ], [ -71.584401, -33.389995 ] ], [ [ -71.579492, -33.389492 ], [ -71.578841, -33.390104 ], [ -71.579235, -33.389904 ], [ -71.579492, -33.389492 ] ], [ [ -71.578262, -33.390398 ], [ -71.577033, -33.39086 ], [ -71.57775, -33.390658 ], [ -71.578262, -33.390398 ] ], [ [ -71.576007, -33.39115 ], [ -71.574164, -33.39141 ], [ -71.575507, -33.391291 ], [ -71.576007, -33.39115 ] ], [ [ -71.528011, -33.266957 ], [ -71.530274, -33.26582 ], [ -71.528204, -33.266743 ], [ -71.528011, -33.266957 ] ], [ [ -71.530274, -33.26582 ], [ -71.530855, -33.265221 ], [ -71.53233, -33.262718 ], [ -71.530274, -33.26582 ] ], [ [ -71.539149, -33.259054 ], [ -71.539739, -33.259235 ], [ -71.539435, -33.25903 ], [ -71.539149, -33.259054 ] ], [ [ -71.540737, -33.259909 ], [ -71.541222, -33.260419 ], [ -71.541726, -33.260576 ], [ -71.540737, -33.259909 ] ], [ [ -71.552045, -33.256759 ], [ -71.553025, -33.257478 ], [ -71.552806, -33.257162 ], [ -71.552045, -33.256759 ] ], [ [ -71.555143, -33.26026 ], [ -71.55535, -33.260548 ], [ -71.555959, -33.260913 ], [ -71.555143, -33.26026 ] ], [ [ -71.558008, -33.260648 ], [ -71.558268, -33.260509 ], [ -71.558742, -33.259725 ], [ -71.558008, -33.260648 ] ], [ [ -71.559178, -33.259176 ], [ -71.560392, -33.258034 ], [ -71.55937, -33.258935 ], [ -71.559178, -33.259176 ] ], [ [ -71.560392, -33.258034 ], [ -71.561365, -33.257887 ], [ -71.561034, -33.257811 ], [ -71.560392, -33.258034 ] ], [ [ -71.578072, -33.268695 ], [ -71.578722, -33.268724 ], [ -71.578776, -33.26868 ], [ -71.578072, -33.268695 ] ], [ [ -71.577586, -33.265728 ], [ -71.576313, -33.262338 ], [ -71.576512, -33.263151 ], [ -71.577586, -33.265728 ] ], [ [ -71.645875, -33.262867 ], [ -71.64719, -33.263619 ], [ -71.646837, -33.263308 ], [ -71.645875, -33.262867 ] ], [ [ -71.647596, -33.263978 ], [ -71.6484, -33.265497 ], [ -71.647811, -33.264168 ], [ -71.647596, -33.263978 ] ], [ [ -71.653156, -33.274 ], [ -71.653283, -33.274302 ], [ -71.655541, -33.27635 ], [ -71.653156, -33.274 ] ], [ [ -71.651051, -33.269004 ], [ -71.652876, -33.273336 ], [ -71.652845, -33.273012 ], [ -71.651051, -33.269004 ] ], [ [ -71.658023, -33.277982 ], [ -71.658444, -33.278259 ], [ -71.658738, -33.278296 ], [ -71.658023, -33.277982 ] ], [ [ -71.329712, -33.581072 ], [ -71.331815, -33.579643 ], [ -71.329797, -33.580957 ], [ -71.329712, -33.581072 ] ], [ [ -71.339265, -33.575329 ], [ -71.341668, -33.575065 ], [ -71.341486, -33.575042 ], [ -71.339265, -33.575329 ] ], [ [ -71.343039, -33.575236 ], [ -71.34422, -33.575456 ], [ -71.344046, -33.575361 ], [ -71.343039, -33.575236 ] ], [ [ -71.3597, -33.579482 ], [ -71.362789, -33.579336 ], [ -71.362452, -33.579283 ], [ -71.3597, -33.579482 ] ], [ [ -71.36389, -33.579507 ], [ -71.36505, -33.579807 ], [ -71.36469, -33.579632 ], [ -71.36389, -33.579507 ] ], [ [ -71.365421, -33.579987 ], [ -71.366605, -33.58102 ], [ -71.36576, -33.580152 ], [ -71.365421, -33.579987 ] ], [ [ -71.410187, -33.60956 ], [ -71.410835, -33.609646 ], [ -71.411436, -33.609536 ], [ -71.410187, -33.60956 ] ], [ [ -71.536519, -33.747777 ], [ -71.539434, -33.745017 ], [ -71.536972, -33.747228 ], [ -71.536519, -33.747777 ] ], [ [ -71.555375, -33.721442 ], [ -71.555319, -33.718069 ], [ -71.555222, -33.720588 ], [ -71.555375, -33.721442 ] ], [ [ -71.603744, -33.518057 ], [ -71.603633, -33.517962 ], [ -71.603519, -33.518062 ], [ -71.603744, -33.518057 ] ], [ [ -71.607796, -33.52153 ], [ -71.604326, -33.518556 ], [ -71.60454, -33.518875 ], [ -71.607796, -33.52153 ] ], [ [ -71.530797, -33.518441 ], [ -71.529737, -33.518267 ], [ -71.530092, -33.518407 ], [ -71.530797, -33.518441 ] ], [ [ -71.527291, -33.514782 ], [ -71.526515, -33.514307 ], [ -71.526378, -33.51434 ], [ -71.527291, -33.514782 ] ], [ [ -71.525409, -33.514575 ], [ -71.524292, -33.51445 ], [ -71.524158, -33.514517 ], [ -71.525409, -33.514575 ] ], [ [ -71.522161, -33.515519 ], [ -71.521895, -33.515653 ], [ -71.521743, -33.515887 ], [ -71.522161, -33.515519 ] ], [ [ -71.517446, -33.519867 ], [ -71.510666, -33.51647 ], [ -71.515071, -33.518835 ], [ -71.517446, -33.519867 ] ], [ [ -71.509569, -33.515449 ], [ -71.508729, -33.514349 ], [ -71.509221, -33.515125 ], [ -71.509569, -33.515449 ] ], [ [ -71.501817, -33.504278 ], [ -71.501112, -33.501175 ], [ -71.500814, -33.500671 ], [ -71.501817, -33.504278 ] ], [ [ -71.491183, -33.488767 ], [ -71.490071, -33.488709 ], [ -71.489924, -33.488759 ], [ -71.491183, -33.488767 ] ], [ [ -71.621511, -33.438528 ], [ -71.622556, -33.440807 ], [ -71.62248, -33.440297 ], [ -71.621511, -33.438528 ] ], [ [ -71.620962, -33.441603 ], [ -71.62038, -33.441517 ], [ -71.620752, -33.441664 ], [ -71.620962, -33.441603 ] ], [ [ -71.618084, -33.440714 ], [ -71.617915, -33.44065 ], [ -71.617686, -33.440681 ], [ -71.618084, -33.440714 ] ], [ [ -71.651028, -33.403079 ], [ -71.651633, -33.402981 ], [ -71.651931, -33.402805 ], [ -71.651028, -33.403079 ] ], [ [ -71.660197, -33.398435 ], [ -71.660511, -33.398188 ], [ -71.661441, -33.396685 ], [ -71.660197, -33.398435 ] ], [ [ -70.649104, -32.921665 ], [ -70.649186, -32.921193 ], [ -70.649063, -32.921338 ], [ -70.649104, -32.921665 ] ], [ [ -70.650273, -32.91991 ], [ -70.651244, -32.917408 ], [ -70.650961, -32.917784 ], [ -70.650273, -32.91991 ] ], [ [ -70.651591, -32.916946 ], [ -70.651699, -32.916836 ], [ -70.651636, -32.916886 ], [ -70.651591, -32.916946 ] ], [ [ -70.652504, -32.916199 ], [ -70.654857, -32.915079 ], [ -70.655071, -32.914916 ], [ -70.652819, -32.915949 ], [ -70.652504, -32.916199 ] ], [ [ -70.655837, -32.914333 ], [ -70.656005, -32.914205 ], [ -70.656051, -32.914099 ], [ -70.655837, -32.914333 ] ], [ [ -70.549979, -32.571436 ], [ -70.550205, -32.571113 ], [ -70.550044, -32.57125 ], [ -70.549979, -32.571436 ] ], [ [ -70.550642, -32.570742 ], [ -70.551861, -32.570195 ], [ -70.550944, -32.570486 ], [ -70.550642, -32.570742 ] ], [ [ -70.565318, -32.570673 ], [ -70.570011, -32.56956 ], [ -70.569314, -32.569622 ], [ -70.565318, -32.570673 ] ], [ [ -70.570814, -32.569489 ], [ -70.572585, -32.56945 ], [ -70.572039, -32.56938 ], [ -70.570814, -32.569489 ] ], [ [ -70.574376, -32.569679 ], [ -70.576517, -32.570276 ], [ -70.575346, -32.569803 ], [ -70.574376, -32.569679 ] ], [ [ -70.655986, -32.674288 ], [ -70.656481, -32.674688 ], [ -70.656402, -32.674576 ], [ -70.655986, -32.674288 ] ], [ [ -70.739377, -32.713118 ], [ -70.742389, -32.714483 ], [ -70.742722, -32.714496 ], [ -70.739377, -32.713118 ] ], [ [ -70.743675, -32.714531 ], [ -70.744285, -32.714554 ], [ -70.745623, -32.714265 ], [ -70.743675, -32.714531 ] ], [ [ -70.78136, -32.665917 ], [ -70.782335, -32.665884 ], [ -70.781758, -32.665831 ], [ -70.78136, -32.665917 ] ], [ [ -70.795687, -32.664783 ], [ -70.798265, -32.664617 ], [ -70.796067, -32.664697 ], [ -70.795687, -32.664783 ] ], [ [ -70.806364, -32.660516 ], [ -70.807806, -32.659254 ], [ -70.807926, -32.659028 ], [ -70.806364, -32.660516 ] ], [ [ -70.814678, -32.647443 ], [ -70.816099, -32.646745 ], [ -70.815456, -32.646974 ], [ -70.814678, -32.647443 ] ], [ [ -70.816345, -32.646658 ], [ -70.818938, -32.646208 ], [ -70.816856, -32.646476 ], [ -70.816345, -32.646658 ] ], [ [ -70.818938, -32.646208 ], [ -70.820487, -32.645503 ], [ -70.820278, -32.64552 ], [ -70.818938, -32.646208 ] ], [ [ -70.820913, -32.645468 ], [ -70.822653, -32.64582 ], [ -70.821279, -32.645438 ], [ -70.820913, -32.645468 ] ], [ [ -70.819456, -32.631118 ], [ -70.819399, -32.62997 ], [ -70.819368, -32.62989 ], [ -70.819456, -32.631118 ] ], [ [ -70.807765, -32.591086 ], [ -70.807992, -32.591091 ], [ -70.808966, -32.590828 ], [ -70.807765, -32.591086 ] ], [ [ -70.808966, -32.590828 ], [ -70.809836, -32.590235 ], [ -70.811855, -32.588382 ], [ -70.808966, -32.590828 ] ], [ [ -70.776265, -32.431463 ], [ -70.776408, -32.430552 ], [ -70.776259, -32.43137 ], [ -70.776265, -32.431463 ] ], [ [ -70.777412, -32.429302 ], [ -70.777175, -32.429333 ], [ -70.771645, -32.431638 ], [ -70.777412, -32.429302 ] ], [ [ -70.666175, -32.46364 ], [ -70.66483, -32.463613 ], [ -70.66475, -32.463672 ], [ -70.666175, -32.46364 ] ], [ [ -70.662769, -32.465114 ], [ -70.66144, -32.466082 ], [ -70.661614, -32.466024 ], [ -70.662769, -32.465114 ] ], [ [ -70.660462, -32.46641 ], [ -70.659731, -32.466604 ], [ -70.659933, -32.466587 ], [ -70.660462, -32.46641 ] ], [ [ -70.616614, -32.413186 ], [ -70.618202, -32.412056 ], [ -70.61941, -32.410903 ], [ -70.616614, -32.413186 ] ], [ [ -70.620808, -32.409569 ], [ -70.621095, -32.409295 ], [ -70.621391, -32.408597 ], [ -70.620808, -32.409569 ] ], [ [ -70.615553, -32.400726 ], [ -70.614213, -32.397667 ], [ -70.614906, -32.399624 ], [ -70.615553, -32.400726 ] ], [ [ -70.611488, -32.376511 ], [ -70.611403, -32.375662 ], [ -70.61135, -32.37584 ], [ -70.611488, -32.376511 ] ], [ [ -70.612824, -32.370932 ], [ -70.612699, -32.369527 ], [ -70.612484, -32.369197 ], [ -70.612824, -32.370932 ] ], [ [ -70.612143, -32.368675 ], [ -70.612057, -32.368543 ], [ -70.610973, -32.368155 ], [ -70.612143, -32.368675 ] ], [ [ -70.599803, -32.364983 ], [ -70.599599, -32.364994 ], [ -70.597702, -32.366029 ], [ -70.599803, -32.364983 ] ], [ [ -70.586839, -32.375551 ], [ -70.585775, -32.375923 ], [ -70.58611, -32.37588 ], [ -70.586839, -32.375551 ] ], [ [ -70.584615, -32.376073 ], [ -70.581892, -32.37555 ], [ -70.584329, -32.37611 ], [ -70.584615, -32.376073 ] ], [ [ -70.433583, -32.336034 ], [ -70.433049, -32.335245 ], [ -70.433034, -32.335396 ], [ -70.433583, -32.336034 ] ], [ [ -70.433127, -32.33444 ], [ -70.433248, -32.334081 ], [ -70.433268, -32.332978 ], [ -70.433127, -32.33444 ] ], [ [ -70.412229, -32.286155 ], [ -70.414534, -32.283414 ], [ -70.414996, -32.282582 ], [ -70.412229, -32.286155 ] ], [ [ -71.182644, -32.185686 ], [ -71.181793, -32.191081 ], [ -71.182511, -32.187583 ], [ -71.182644, -32.185686 ] ], [ [ -71.180305, -32.195956 ], [ -71.179557, -32.197626 ], [ -71.179885, -32.197024 ], [ -71.180305, -32.195956 ] ], [ [ -71.17793, -32.200613 ], [ -71.177317, -32.201464 ], [ -71.176932, -32.202444 ], [ -71.17793, -32.200613 ] ], [ [ -71.135553, -32.309473 ], [ -71.134236, -32.310431 ], [ -71.134591, -32.310323 ], [ -71.135553, -32.309473 ] ], [ [ -71.133518, -32.310952 ], [ -71.133097, -32.311258 ], [ -71.132757, -32.312021 ], [ -71.133518, -32.310952 ] ], [ [ -71.104918, -32.350565 ], [ -71.104393, -32.351029 ], [ -71.104323, -32.351387 ], [ -71.104918, -32.350565 ] ], [ [ -71.104204, -32.351992 ], [ -71.104154, -32.352245 ], [ -71.104754, -32.355039 ], [ -71.104204, -32.351992 ] ], [ [ -71.136807, -32.494345 ], [ -71.133268, -32.496254 ], [ -71.13269, -32.496699 ], [ -71.136807, -32.494345 ] ], [ [ -71.04671, -32.551795 ], [ -71.046121, -32.552301 ], [ -71.046156, -32.552499 ], [ -71.04671, -32.551795 ] ], [ [ -71.047106, -32.568184 ], [ -71.048292, -32.57134 ], [ -71.048423, -32.571539 ], [ -71.047106, -32.568184 ] ], [ [ -71.057482, -32.585845 ], [ -71.058552, -32.58814 ], [ -71.059208, -32.589122 ], [ -71.057482, -32.585845 ] ], [ [ -71.059731, -32.589903 ], [ -71.060371, -32.590861 ], [ -71.061868, -32.592577 ], [ -71.059731, -32.589903 ] ], [ [ -71.064149, -32.595679 ], [ -71.064002, -32.595789 ], [ -71.064039, -32.596528 ], [ -71.064149, -32.595679 ] ], [ [ -71.064987, -32.595055 ], [ -71.064738, -32.59524 ], [ -71.068118, -32.593577 ], [ -71.067881, -32.593606 ], [ -71.064987, -32.595055 ] ], [ [ -71.059211, -32.599858 ], [ -71.054964, -32.599851 ], [ -71.054913, -32.599893 ], [ -71.059211, -32.599858 ] ], [ [ -71.05475, -32.600028 ], [ -71.054664, -32.600099 ], [ -71.054675, -32.600277 ], [ -71.05475, -32.600028 ] ], [ [ -71.061445, -32.613313 ], [ -71.061299, -32.613862 ], [ -71.061427, -32.613715 ], [ -71.061445, -32.613313 ] ], [ [ -71.056534, -32.623413 ], [ -71.05616, -32.624951 ], [ -71.056243, -32.624811 ], [ -71.056534, -32.623413 ] ], [ [ -71.055758, -32.625633 ], [ -71.055575, -32.625884 ], [ -71.055641, -32.625831 ], [ -71.055758, -32.625633 ] ], [ [ -71.050373, -32.634773 ], [ -71.050931, -32.634916 ], [ -71.05057, -32.634766 ], [ -71.050373, -32.634773 ] ], [ [ -71.051686, -32.63523 ], [ -71.052218, -32.635555 ], [ -71.052061, -32.635386 ], [ -71.051686, -32.63523 ] ], [ [ -71.05404, -32.637514 ], [ -71.05473, -32.638368 ], [ -71.054614, -32.638131 ], [ -71.05404, -32.637514 ] ], [ [ -71.054809, -32.63853 ], [ -71.055056, -32.640351 ], [ -71.055013, -32.63895 ], [ -71.054809, -32.63853 ] ], [ [ -71.045395, -32.653563 ], [ -71.044927, -32.653693 ], [ -71.044463, -32.653922 ], [ -71.045395, -32.653563 ] ], [ [ -71.043269, -32.654514 ], [ -71.043147, -32.654574 ], [ -71.043015, -32.654816 ], [ -71.043269, -32.654514 ] ], [ [ -71.042655, -32.655473 ], [ -71.041592, -32.657418 ], [ -71.042579, -32.655873 ], [ -71.042655, -32.655473 ] ], [ [ -70.822653, -32.64582 ], [ -70.825451, -32.647497 ], [ -70.824193, -32.646656 ], [ -70.822653, -32.64582 ] ], [ [ -70.869072, -32.729095 ], [ -70.869893, -32.730116 ], [ -70.869477, -32.729455 ], [ -70.869072, -32.729095 ] ], [ [ -70.870791, -32.731545 ], [ -70.870924, -32.732758 ], [ -70.870994, -32.731867 ], [ -70.870791, -32.731545 ] ], [ [ -70.852764, -32.771486 ], [ -70.847772, -32.768724 ], [ -70.85899, -32.775057 ], [ -70.852764, -32.771486 ] ], [ [ -70.847772, -32.768724 ], [ -70.843372, -32.765002 ], [ -70.842605, -32.764549 ], [ -70.847772, -32.768724 ] ], [ [ -70.840732, -32.763442 ], [ -70.840043, -32.763034 ], [ -70.837525, -32.761816 ], [ -70.840732, -32.763442 ] ], [ [ -70.746893, -32.748804 ], [ -70.746749, -32.748917 ], [ -70.745948, -32.749845 ], [ -70.746893, -32.748804 ] ], [ [ -70.742005, -32.754189 ], [ -70.74126, -32.754732 ], [ -70.741714, -32.754509 ], [ -70.742005, -32.754189 ] ], [ [ -70.749611, -32.766185 ], [ -70.749857, -32.766271 ], [ -70.750755, -32.766024 ], [ -70.749611, -32.766185 ] ], [ [ -70.74771, -32.765522 ], [ -70.748402, -32.765763 ], [ -70.74804, -32.765593 ], [ -70.74771, -32.765522 ] ], [ [ -70.750474, -32.806924 ], [ -70.749826, -32.806072 ], [ -70.749552, -32.805886 ], [ -70.750474, -32.806924 ] ], [ [ -70.749267, -32.805691 ], [ -70.748939, -32.805468 ], [ -70.745613, -32.804407 ], [ -70.749267, -32.805691 ] ], [ [ -70.745613, -32.804407 ], [ -70.744118, -32.802498 ], [ -70.743604, -32.802099 ], [ -70.745613, -32.804407 ] ], [ [ -70.742619, -32.801333 ], [ -70.742095, -32.800926 ], [ -70.741693, -32.800877 ], [ -70.742619, -32.801333 ] ], [ [ -70.710349, -32.797834 ], [ -70.709968, -32.798208 ], [ -70.709882, -32.798507 ], [ -70.710349, -32.797834 ] ], [ [ -70.709729, -32.799036 ], [ -70.709694, -32.799156 ], [ -70.709781, -32.799349 ], [ -70.709729, -32.799036 ] ], [ [ -70.710062, -32.79997 ], [ -70.7101, -32.800053 ], [ -70.712896, -32.802663 ], [ -70.710062, -32.79997 ] ], [ [ -70.873918, -32.787406 ], [ -70.87697, -32.788749 ], [ -70.877396, -32.78889 ], [ -70.873918, -32.787406 ] ], [ [ -70.902526, -32.833756 ], [ -70.901025, -32.834172 ], [ -70.901962, -32.833997 ], [ -70.902526, -32.833756 ] ], [ [ -70.899631, -32.834432 ], [ -70.899559, -32.834406 ], [ -70.899594, -32.834439 ], [ -70.899631, -32.834432 ] ], [ [ -70.793226, -32.832131 ], [ -70.791854, -32.832272 ], [ -70.792712, -32.832315 ], [ -70.793226, -32.832131 ] ], [ [ -70.770829, -32.825991 ], [ -70.770341, -32.825866 ], [ -70.767857, -32.825811 ], [ -70.766784, -32.825826 ], [ -70.770829, -32.825991 ] ], [ [ -71.04509, -32.634188 ], [ -71.043824, -32.632376 ], [ -71.044118, -32.633027 ], [ -71.04509, -32.634188 ] ], [ [ -71.043752, -32.632216 ], [ -71.043624, -32.631862 ], [ -71.043657, -32.632006 ], [ -71.043752, -32.632216 ] ], [ [ -71.042168, -32.625645 ], [ -71.042128, -32.625447 ], [ -71.041677, -32.624458 ], [ -71.041513, -32.624353 ], [ -71.042168, -32.625645 ] ], [ [ -71.041173, -32.624135 ], [ -71.041039, -32.624049 ], [ -71.040672, -32.624074 ], [ -71.041173, -32.624135 ] ], [ [ -71.040045, -32.624116 ], [ -71.039816, -32.624132 ], [ -71.039192, -32.624756 ], [ -71.040045, -32.624116 ] ], [ [ -71.038903, -32.625045 ], [ -71.038763, -32.625185 ], [ -71.037631, -32.627481 ], [ -71.038903, -32.625045 ] ], [ [ -71.03629, -32.630326 ], [ -71.034462, -32.631024 ], [ -71.035685, -32.630707 ], [ -71.03629, -32.630326 ] ], [ [ -71.034462, -32.631024 ], [ -71.030975, -32.63108 ], [ -71.031129, -32.631153 ], [ -71.034462, -32.631024 ] ], [ [ -71.028797, -32.628962 ], [ -71.028571, -32.626969 ], [ -71.028696, -32.628369 ], [ -71.028797, -32.628962 ] ], [ [ -71.028373, -32.624758 ], [ -71.028392, -32.624269 ], [ -71.028344, -32.624437 ], [ -71.028373, -32.624758 ] ], [ [ -71.024414, -32.617591 ], [ -71.023692, -32.616711 ], [ -71.023426, -32.616478 ], [ -71.024414, -32.617591 ] ], [ [ -71.02213, -32.615343 ], [ -71.02011, -32.613574 ], [ -71.019576, -32.613211 ], [ -71.02213, -32.615343 ] ], [ [ -71.016691, -32.614982 ], [ -71.015994, -32.615392 ], [ -71.01646, -32.615193 ], [ -71.016691, -32.614982 ] ], [ [ -71.015168, -32.615743 ], [ -71.013253, -32.616368 ], [ -71.014286, -32.616119 ], [ -71.015168, -32.615743 ] ], [ [ -70.996625, -32.627249 ], [ -70.993821, -32.629678 ], [ -70.994302, -32.629403 ], [ -70.996625, -32.627249 ] ], [ [ -70.993369, -32.629935 ], [ -70.991605, -32.630486 ], [ -70.992828, -32.630244 ], [ -70.993369, -32.629935 ] ], [ [ -70.986977, -32.631674 ], [ -70.979885, -32.631659 ], [ -70.980746, -32.631772 ], [ -70.986977, -32.631674 ] ], [ [ -70.912592, -32.621414 ], [ -70.911443, -32.620633 ], [ -70.911516, -32.620722 ], [ -70.912592, -32.621414 ] ], [ [ -70.894919, -32.608147 ], [ -70.89455, -32.607843 ], [ -70.893696, -32.607383 ], [ -70.893491, -32.607354 ], [ -70.894919, -32.608147 ] ], [ [ -70.893171, -32.60731 ], [ -70.892696, -32.607244 ], [ -70.89073, -32.607509 ], [ -70.893171, -32.60731 ] ], [ [ -70.506133, -32.240402 ], [ -70.503308, -32.238226 ], [ -70.503, -32.238032 ], [ -70.506133, -32.240402 ] ], [ [ -70.492665, -32.237678 ], [ -70.490079, -32.237238 ], [ -70.491967, -32.237686 ], [ -70.492665, -32.237678 ] ], [ [ -70.485809, -32.237164 ], [ -70.483973, -32.235806 ], [ -70.484983, -32.236734 ], [ -70.485809, -32.237164 ] ], [ [ -70.951609, -32.824657 ], [ -70.947623, -32.824216 ], [ -70.947626, -32.82422 ], [ -70.951609, -32.824657 ] ], [ [ -71.002057, -32.828642 ], [ -71.000303, -32.823096 ], [ -71.001991, -32.828559 ], [ -71.002057, -32.828642 ] ], [ [ -70.998993, -32.815565 ], [ -70.998605, -32.81481 ], [ -70.997789, -32.814024 ], [ -70.998993, -32.815565 ] ], [ [ -70.990377, -32.808119 ], [ -70.987098, -32.804528 ], [ -70.989983, -32.807799 ], [ -70.990377, -32.808119 ] ], [ [ -70.981459, -32.801525 ], [ -70.980388, -32.801094 ], [ -70.979533, -32.800794 ], [ -70.981459, -32.801525 ] ], [ [ -71.124853, -32.95649 ], [ -71.125529, -32.957094 ], [ -71.125149, -32.95657 ], [ -71.124853, -32.95649 ] ], [ [ -71.125857, -32.957548 ], [ -71.127314, -32.960709 ], [ -71.125969, -32.957702 ], [ -71.125857, -32.957548 ] ], [ [ -71.195246, -32.971248 ], [ -71.197855, -32.970986 ], [ -71.19756, -32.970969 ], [ -71.195246, -32.971248 ] ], [ [ -71.198345, -32.971015 ], [ -71.200576, -32.971584 ], [ -71.198808, -32.971042 ], [ -71.198345, -32.971015 ] ], [ [ -71.213122, -32.972984 ], [ -71.21375, -32.973212 ], [ -71.214046, -32.973203 ], [ -71.213122, -32.972984 ] ], [ [ -71.217168, -32.973114 ], [ -71.217292, -32.97311 ], [ -71.220596, -32.971921 ], [ -71.217168, -32.973114 ] ], [ [ -71.193075, -33.028601 ], [ -71.192017, -33.03 ], [ -71.191963, -33.030104 ], [ -71.193075, -33.028601 ] ], [ [ -71.190876, -33.032183 ], [ -71.190609, -33.032694 ], [ -71.190604, -33.032876 ], [ -71.190876, -33.032183 ] ], [ [ -71.190589, -33.033523 ], [ -71.190582, -33.033798 ], [ -71.191698, -33.035872 ], [ -71.190589, -33.033523 ] ], [ [ -71.183991, -33.053503 ], [ -71.18366, -33.054291 ], [ -71.183867, -33.053884 ], [ -71.183991, -33.053503 ] ], [ [ -71.122318, -32.955805 ], [ -71.123215, -32.956174 ], [ -71.123896, -32.956231 ], [ -71.122318, -32.955805 ] ], [ [ -70.619594, -32.839836 ], [ -70.61935, -32.839934 ], [ -70.619348, -32.839939 ], [ -70.619594, -32.839836 ] ], [ [ -71.284821, -32.441144 ], [ -71.283782, -32.44149 ], [ -71.283737, -32.441574 ], [ -71.284821, -32.441144 ] ], [ [ -71.28372, -32.441606 ], [ -71.283692, -32.441658 ], [ -71.284664, -32.442222 ], [ -71.28538, -32.442469 ], [ -71.28372, -32.441606 ] ], [ [ -71.286453, -32.443027 ], [ -71.287467, -32.443715 ], [ -71.289315, -32.444514 ], [ -71.286453, -32.443027 ] ], [ [ -71.319664, -32.462139 ], [ -71.320067, -32.467059 ], [ -71.320196, -32.466705 ], [ -71.319664, -32.462139 ] ], [ [ -71.315718, -32.470614 ], [ -71.315318, -32.470884 ], [ -71.315526, -32.470781 ], [ -71.315718, -32.470614 ] ], [ [ -71.314623, -32.471228 ], [ -71.312222, -32.471487 ], [ -71.312037, -32.471651 ], [ -71.314295, -32.47139 ], [ -71.314623, -32.471228 ] ], [ [ -71.294475, -32.504733 ], [ -71.292048, -32.505635 ], [ -71.291959, -32.505754 ], [ -71.294475, -32.504733 ] ], [ [ -71.291636, -32.506185 ], [ -71.29143, -32.506459 ], [ -71.2915, -32.507134 ], [ -71.291636, -32.506185 ] ], [ [ -71.212655, -32.602797 ], [ -71.213428, -32.602841 ], [ -71.213022, -32.602744 ], [ -71.212655, -32.602797 ] ], [ [ -71.228372, -32.604755 ], [ -71.230919, -32.604 ], [ -71.230665, -32.604015 ], [ -71.228372, -32.604755 ] ], [ [ -71.231601, -32.603961 ], [ -71.23189, -32.603996 ], [ -71.231819, -32.603948 ], [ -71.231601, -32.603961 ] ], [ [ -71.239047, -32.613509 ], [ -71.239556, -32.614059 ], [ -71.239711, -32.614138 ], [ -71.239047, -32.613509 ] ], [ [ -71.241447, -32.615028 ], [ -71.241842, -32.61523 ], [ -71.244035, -32.615459 ], [ -71.241447, -32.615028 ] ], [ [ -71.293378, -32.654505 ], [ -71.294186, -32.662959 ], [ -71.294392, -32.663672 ], [ -71.293378, -32.654505 ] ], [ [ -71.299276, -32.762241 ], [ -71.299611, -32.762851 ], [ -71.299385, -32.762343 ], [ -71.299276, -32.762241 ] ], [ [ -71.293178, -32.767475 ], [ -71.292384, -32.768089 ], [ -71.292294, -32.768325 ], [ -71.293178, -32.767475 ] ], [ [ -71.292262, -32.768408 ], [ -71.292186, -32.768607 ], [ -71.292115, -32.769673 ], [ -71.292262, -32.768408 ] ], [ [ -71.295283, -32.779214 ], [ -71.295299, -32.779871 ], [ -71.295308, -32.779331 ], [ -71.295283, -32.779214 ] ], [ [ -71.295268, -32.781642 ], [ -71.295046, -32.782113 ], [ -71.295266, -32.781753 ], [ -71.295268, -32.781642 ] ], [ [ -71.29443, -32.783119 ], [ -71.294111, -32.783494 ], [ -71.294236, -32.783435 ], [ -71.29443, -32.783119 ] ], [ [ -71.293037, -32.784003 ], [ -71.294524, -32.785427 ], [ -71.294797, -32.785568 ], [ -71.293037, -32.784003 ] ], [ [ -71.326222, -32.817816 ], [ -71.326631, -32.818219 ], [ -71.326605, -32.818115 ], [ -71.326222, -32.817816 ] ], [ [ -71.338174, -32.839266 ], [ -71.340337, -32.839627 ], [ -71.340761, -32.839602 ], [ -71.338174, -32.839266 ] ], [ [ -71.356541, -32.853994 ], [ -71.356809, -32.855233 ], [ -71.357024, -32.855513 ], [ -71.356541, -32.853994 ] ], [ [ -71.357316, -32.855893 ], [ -71.357369, -32.855962 ], [ -71.357663, -32.856032 ], [ -71.357316, -32.855893 ] ], [ [ -71.37094, -32.862083 ], [ -71.37108, -32.862173 ], [ -71.371511, -32.862289 ], [ -71.37094, -32.862083 ] ], [ [ -71.37297, -32.86268 ], [ -71.373216, -32.862746 ], [ -71.373481, -32.862691 ], [ -71.37297, -32.86268 ] ], [ [ -71.375266, -32.862318 ], [ -71.37538, -32.862294 ], [ -71.375403, -32.862281 ], [ -71.375266, -32.862318 ] ], [ [ -71.375601, -32.862173 ], [ -71.376535, -32.861659 ], [ -71.377907, -32.860499 ], [ -71.375601, -32.862173 ] ], [ [ -71.386757, -32.857389 ], [ -71.387912, -32.857036 ], [ -71.387333, -32.85708 ], [ -71.386757, -32.857389 ] ], [ [ -71.427932, -32.935418 ], [ -71.428657, -32.937121 ], [ -71.428343, -32.935983 ], [ -71.427932, -32.935418 ] ], [ [ -71.428657, -32.937121 ], [ -71.427355, -32.939149 ], [ -71.428231, -32.938083 ], [ -71.428657, -32.937121 ] ], [ [ -71.408177, -32.935329 ], [ -71.407942, -32.935448 ], [ -71.40785, -32.93568 ], [ -71.408177, -32.935329 ] ], [ [ -71.407596, -32.936321 ], [ -71.407466, -32.936649 ], [ -71.407468, -32.938795 ], [ -71.407596, -32.936321 ] ], [ [ -71.407468, -32.938795 ], [ -71.405056, -32.941607 ], [ -71.406376, -32.940247 ], [ -71.407468, -32.938795 ] ], [ [ -71.388921, -32.966945 ], [ -71.388536, -32.968302 ], [ -71.388769, -32.967885 ], [ -71.388921, -32.966945 ] ], [ [ -71.38826, -32.968793 ], [ -71.387135, -32.969908 ], [ -71.388067, -32.969138 ], [ -71.38826, -32.968793 ] ], [ [ -71.387525, -32.970457 ], [ -71.38788, -32.970957 ], [ -71.388571, -32.971373 ], [ -71.387525, -32.970457 ] ], [ [ -71.434115, -32.993421 ], [ -71.43445, -32.993986 ], [ -71.434267, -32.993513 ], [ -71.434115, -32.993421 ] ], [ [ -71.238993, -32.842576 ], [ -71.243215, -32.841478 ], [ -71.242556, -32.841561 ], [ -71.238993, -32.842576 ] ], [ [ -71.289293, -32.833616 ], [ -71.291434, -32.833124 ], [ -71.289742, -32.833381 ], [ -71.289293, -32.833616 ] ], [ [ -71.306318, -32.831498 ], [ -71.313395, -32.830952 ], [ -71.312361, -32.8309 ], [ -71.306318, -32.831498 ] ], [ [ -71.314602, -32.831013 ], [ -71.317997, -32.83176 ], [ -71.315295, -32.831048 ], [ -71.314602, -32.831013 ] ], [ [ -71.43845, -32.922527 ], [ -71.437668, -32.922439 ], [ -71.434002, -32.922635 ], [ -71.43845, -32.922527 ] ], [ [ -71.264846, -32.968098 ], [ -71.261615, -32.968751 ], [ -71.263871, -32.968424 ], [ -71.264846, -32.968098 ] ], [ [ -71.267366, -32.967589 ], [ -71.266546, -32.967755 ], [ -71.267024, -32.967746 ], [ -71.267366, -32.967589 ] ], [ [ -71.245126, -32.973854 ], [ -71.241322, -32.973292 ], [ -71.244678, -32.9739 ], [ -71.245126, -32.973854 ] ], [ [ -71.23884, -32.973623 ], [ -71.234438, -32.973461 ], [ -71.235074, -32.973571 ], [ -71.23884, -32.973623 ] ], [ [ -71.091769, -32.751502 ], [ -71.095233, -32.751181 ], [ -71.092725, -32.751342 ], [ -71.091769, -32.751502 ] ], [ [ -71.156418, -32.59671 ], [ -71.154392, -32.59859 ], [ -71.153974, -32.599336 ], [ -71.156418, -32.59671 ] ], [ [ -71.151112, -32.60144 ], [ -71.149474, -32.602643 ], [ -71.150335, -32.602167 ], [ -71.151112, -32.60144 ] ], [ [ -71.088814, -32.62113 ], [ -71.087071, -32.620483 ], [ -71.08728, -32.620624 ], [ -71.088814, -32.62113 ] ], [ [ -71.083526, -32.618156 ], [ -71.083342, -32.618033 ], [ -71.081255, -32.617344 ], [ -71.081373, -32.617448 ], [ -71.083526, -32.618156 ] ], [ [ -71.080864, -32.617 ], [ -71.080426, -32.616229 ], [ -71.08053, -32.616705 ], [ -71.080864, -32.617 ] ], [ [ -71.08028, -32.615559 ], [ -71.080192, -32.61405 ], [ -71.080151, -32.614966 ], [ -71.08028, -32.615559 ] ], [ [ -71.077936, -32.603463 ], [ -71.07871, -32.601088 ], [ -71.078675, -32.600921 ], [ -71.077936, -32.603463 ] ], [ [ -71.069648, -32.593582 ], [ -71.069109, -32.593455 ], [ -71.068589, -32.593519 ], [ -71.069648, -32.593582 ] ], [ [ -71.286422, -32.782483 ], [ -71.286817, -32.782707 ], [ -71.2875, -32.782874 ], [ -71.286422, -32.782483 ] ], [ [ -71.287821, -32.782952 ], [ -71.288071, -32.783013 ], [ -71.289119, -32.78294 ], [ -71.287821, -32.782952 ] ], [ [ -71.291058, -32.782922 ], [ -71.292673, -32.783258 ], [ -71.291457, -32.782918 ], [ -71.291058, -32.782922 ] ], [ [ -71.272765, -32.780611 ], [ -71.276792, -32.77904 ], [ -71.273155, -32.780393 ], [ -71.272765, -32.780611 ] ], [ [ -71.452359, -32.927396 ], [ -71.452822, -32.927598 ], [ -71.452983, -32.927518 ], [ -71.452359, -32.927396 ] ], [ [ -71.465043, -32.920545 ], [ -71.465503, -32.920279 ], [ -71.465084, -32.920487 ], [ -71.465043, -32.920545 ] ], [ [ -71.466895, -32.919588 ], [ -71.468072, -32.919627 ], [ -71.466998, -32.919537 ], [ -71.466895, -32.919588 ] ], [ [ -71.489828, -32.924672 ], [ -71.49, -32.924864 ], [ -71.490184, -32.924886 ], [ -71.489828, -32.924672 ] ], [ [ -71.490682, -32.924945 ], [ -71.490799, -32.924959 ], [ -71.491423, -32.924834 ], [ -71.490682, -32.924945 ] ], [ [ -71.498759, -32.922386 ], [ -71.502496, -32.922598 ], [ -71.502737, -32.922525 ], [ -71.498759, -32.922386 ] ], [ [ -71.503647, -32.922248 ], [ -71.50401, -32.922138 ], [ -71.505566, -32.921201 ], [ -71.503647, -32.922248 ] ], [ [ -71.556745, -33.066689 ], [ -71.556724, -33.068083 ], [ -71.556755, -33.066711 ], [ -71.556745, -33.066689 ] ], [ [ -71.547087, -33.078966 ], [ -71.547082, -33.078978 ], [ -71.545839, -33.084153 ], [ -71.547087, -33.078966 ] ], [ [ -71.50689, -33.095292 ], [ -71.504733, -33.094862 ], [ -71.504708, -33.094876 ], [ -71.50689, -33.095292 ] ], [ [ -71.501324, -33.098443 ], [ -71.498211, -33.101322 ], [ -71.499364, -33.100461 ], [ -71.501324, -33.098443 ] ], [ [ -71.497381, -33.101942 ], [ -71.496869, -33.102259 ], [ -71.497062, -33.10218 ], [ -71.497381, -33.101942 ] ], [ [ -71.459599, -32.986756 ], [ -71.462141, -32.985543 ], [ -71.460754, -32.986063 ], [ -71.459599, -32.986756 ] ], [ [ -71.474779, -32.983416 ], [ -71.474961, -32.983452 ], [ -71.475188, -32.983381 ], [ -71.474779, -32.983416 ] ], [ [ -71.475527, -32.983275 ], [ -71.47579, -32.983193 ], [ -71.475902, -32.982894 ], [ -71.475527, -32.983275 ] ], [ [ -71.476049, -32.982504 ], [ -71.476094, -32.982385 ], [ -71.47593, -32.981979 ], [ -71.476049, -32.982504 ] ], [ [ -71.407881, -33.20993 ], [ -71.410792, -33.211091 ], [ -71.411005, -33.211076 ], [ -71.407881, -33.20993 ] ], [ [ -71.411493, -33.21104 ], [ -71.411895, -33.211011 ], [ -71.41282, -33.210528 ], [ -71.411493, -33.21104 ] ], [ [ -71.460245, -33.20533 ], [ -71.461726, -33.205819 ], [ -71.461988, -33.205816 ], [ -71.460245, -33.20533 ] ], [ [ -71.462417, -33.205812 ], [ -71.462714, -33.205809 ], [ -71.463587, -33.205327 ], [ -71.462417, -33.205812 ] ], [ [ -71.694876, -33.155865 ], [ -71.697873, -33.155226 ], [ -71.697473, -33.155177 ], [ -71.694876, -33.155865 ] ], [ [ -71.423907, -32.633711 ], [ -71.421211, -32.632719 ], [ -71.423664, -32.633699 ], [ -71.423907, -32.633711 ] ], [ [ -71.419264, -32.631942 ], [ -71.418113, -32.628896 ], [ -71.419049, -32.631856 ], [ -71.419264, -32.631942 ] ], [ [ -71.416785, -32.627272 ], [ -71.416108, -32.626843 ], [ -71.415774, -32.626809 ], [ -71.416785, -32.627272 ] ], [ [ -71.346629, -32.683444 ], [ -71.344814, -32.682433 ], [ -71.346346, -32.6834 ], [ -71.346629, -32.683444 ] ], [ [ -71.342596, -32.680444 ], [ -71.341091, -32.679691 ], [ -71.341215, -32.679872 ], [ -71.342596, -32.680444 ] ], [ [ -71.333954, -32.672801 ], [ -71.333705, -32.672664 ], [ -71.332524, -32.672527 ], [ -71.333954, -32.672801 ] ], [ [ -71.431714, -32.548687 ], [ -71.43312, -32.548034 ], [ -71.433695, -32.547669 ], [ -71.431714, -32.548687 ] ], [ [ -71.434427, -32.547205 ], [ -71.434753, -32.546998 ], [ -71.435823, -32.545592 ], [ -71.434427, -32.547205 ] ], [ [ -71.448955, -32.537787 ], [ -71.452323, -32.537543 ], [ -71.452563, -32.537385 ], [ -71.448955, -32.537787 ] ], [ [ -71.454129, -32.534819 ], [ -71.454219, -32.534535 ], [ -71.454082, -32.52949 ], [ -71.454129, -32.534819 ] ], [ [ -71.460551, -32.508569 ], [ -71.460721, -32.505997 ], [ -71.460643, -32.506155 ], [ -71.460551, -32.508569 ] ], [ [ -71.460983, -32.505464 ], [ -71.46123, -32.505177 ], [ -71.461043, -32.505343 ], [ -71.460983, -32.505464 ] ], [ [ -71.462098, -32.504165 ], [ -71.462219, -32.504025 ], [ -71.462462, -32.50273 ], [ -71.462098, -32.504165 ] ], [ [ -70.59057, -32.825392 ], [ -70.590565, -32.825394 ], [ -70.589587, -32.82649 ], [ -70.586666, -32.832512 ], [ -70.585352, -32.834508 ], [ -70.585361, -32.834503 ], [ -70.586679, -32.832501 ], [ -70.5896, -32.826479 ], [ -70.59057, -32.825392 ] ], [ [ -70.552298, -32.828454 ], [ -70.552289, -32.828462 ], [ -70.549562, -32.831443 ], [ -70.548813, -32.833436 ], [ -70.548825, -32.833426 ], [ -70.549575, -32.831432 ], [ -70.552298, -32.828454 ] ], [ [ -70.540964, -32.835007 ], [ -70.540962, -32.835007 ], [ -70.540268, -32.835702 ], [ -70.540271, -32.835701 ], [ -70.540964, -32.835007 ] ], [ [ -70.51964, -32.846272 ], [ -70.519627, -32.846283 ], [ -70.519207, -32.847257 ], [ -70.519216, -32.847253 ], [ -70.51964, -32.846272 ] ], [ [ -70.5101, -32.850347 ], [ -70.510091, -32.850353 ], [ -70.507755, -32.853245 ], [ -70.507763, -32.85324 ], [ -70.5101, -32.850347 ] ], [ [ -70.504068, -32.85277 ], [ -70.500281, -32.856309 ], [ -70.500285, -32.856307 ], [ -70.504068, -32.85277 ] ], [ [ -70.427129, -32.861144 ], [ -70.427127, -32.861144 ], [ -70.424553, -32.863606 ], [ -70.424556, -32.863605 ], [ -70.427129, -32.861144 ] ], [ [ -70.403866, -32.86982 ], [ -70.403858, -32.869824 ], [ -70.402404, -32.872284 ], [ -70.400989, -32.87374 ], [ -70.400992, -32.873739 ], [ -70.402416, -32.872273 ], [ -70.403866, -32.86982 ] ], [ [ -70.397681, -32.875064 ], [ -70.397675, -32.875066 ], [ -70.396927, -32.876215 ], [ -70.396937, -32.876209 ], [ -70.397681, -32.875064 ] ], [ [ -70.393736, -32.877438 ], [ -70.393731, -32.877439 ], [ -70.392845, -32.878554 ], [ -70.392856, -32.878545 ], [ -70.393736, -32.877438 ] ], [ [ -70.390711, -32.880249 ], [ -70.390699, -32.880259 ], [ -70.389244, -32.88268 ], [ -70.389256, -32.882669 ], [ -70.390711, -32.880249 ] ], [ [ -70.388654, -32.883229 ], [ -70.388642, -32.88324 ], [ -70.387466, -32.886076 ], [ -70.387477, -32.886067 ], [ -70.388654, -32.883229 ] ], [ [ -70.380609, -32.886799 ], [ -70.380599, -32.886803 ], [ -70.379943, -32.888261 ], [ -70.380321, -32.889287 ], [ -70.380547, -32.892224 ], [ -70.379962, -32.893774 ], [ -70.379973, -32.893766 ], [ -70.38056, -32.892213 ], [ -70.380333, -32.889276 ], [ -70.379955, -32.88825 ], [ -70.380609, -32.886799 ] ], [ [ -70.372386, -32.897784 ], [ -70.372376, -32.897792 ], [ -70.371713, -32.89883 ], [ -70.370801, -32.901283 ], [ -70.370813, -32.901272 ], [ -70.371726, -32.898819 ], [ -70.372386, -32.897784 ] ], [ [ -70.364591, -32.904651 ], [ -70.364585, -32.904653 ], [ -70.364275, -32.905076 ], [ -70.363952, -32.907637 ], [ -70.362864, -32.910002 ], [ -70.36287, -32.910005 ], [ -70.363965, -32.907627 ], [ -70.364287, -32.905065 ], [ -70.364591, -32.904651 ] ], [ [ -70.205578, -32.788749 ], [ -70.204877, -32.788627 ], [ -70.203363, -32.78868 ], [ -70.205578, -32.788749 ] ], [ [ -70.200485, -32.78859 ], [ -70.199341, -32.788168 ], [ -70.200072, -32.788577 ], [ -70.200485, -32.78859 ] ], [ [ -70.198393, -32.787637 ], [ -70.196939, -32.786436 ], [ -70.19787, -32.787344 ], [ -70.198393, -32.787637 ] ], [ [ -70.170759, -32.765913 ], [ -70.169153, -32.762817 ], [ -70.169275, -32.763229 ], [ -70.170759, -32.765913 ] ], [ [ -70.168983, -32.762246 ], [ -70.16865, -32.7595 ], [ -70.168784, -32.761574 ], [ -70.168983, -32.762246 ] ] ] ] } }
]
}
