{
  "type": "FeatureCollection",
  "name": "parvularia_r5.geojson",
  "features": [
    {
      "type": "Feature",
      "properties": {
        "id_estab": "5101027",
        "nombre": "VALPARANIÑOS",
        "cod_comuna": "5101",
        "comuna": "VALPARAÍSO",
        "origen": 2,
        "tipo_estab": 6,
        "tipo_glosa": "JUNJI VTF",
        "matricula_total": 51,
        "mat_sala_cuna": 20,
        "mat_medio": 31,
        "mat_transicion": 0,
        "slep_sostenedor": "Valparaíso",
        "slep_procedencia": "declarada_2025"
      },
      "geometry": {
        "type": "Point",
        "coordinates": [
          -71.59629,
          -33.038094
        ]
      }
    },
    {
      "type": "Feature",
      "properties": {
        "id_estab": "14655",
        "nombre": "ESCUELA ESPECIAL AMOR Y ESPERANZA",
        "cod_comuna": "5101",
        "comuna": "VALPARAÍSO",
        "origen": 1,
        "tipo_estab": 2,
        "tipo_glosa": "Escuela Particular Subvencionado",
        "matricula_total": 23,
        "mat_sala_cuna": 0,
        "mat_medio": 15,
        "mat_transicion": 8,
        "slep_sostenedor": null,
        "slep_procedencia": "sin_dato"
      },
      "geometry": {
        "type": "Point",
        "coordinates": [
          -71.63069,
          -33.07696
        ]
      }
    },
    {
      "type": "Feature",
      "properties": {
        "id_estab": "1508",
        "nombre": "CENTRO EDUCATIVO GRAN BRETAÑA",
        "cod_comuna": "5101",
        "comuna": "VALPARAÍSO",
        "origen": 1,
        "tipo_estab": 4,
        "tipo_glosa": "Escuela Servicio Local de Educacion",
        "matricula_total": 28,
        "mat_sala_cuna": 0,
        "mat_medio": 3,
        "mat_transicion": 25,
        "slep_sostenedor": "Valparaíso",
        "slep_procedencia": "declarada_2025"
      },
      "geometry": {
        "type": "Point",
        "coordinates": [
          -71.632561,
          -33.036835
        ]
      }
    },
    {
      "type": "Feature",
      "properties": {
        "id_estab": "14922",
        "nombre": "COLEGIO LAS ACACIAS",
        "cod_comuna": "5101",
        "comuna": "VALPARAÍSO",
        "origen": 1,
        "tipo_estab": 2,
        "tipo_glosa": "Escuela Particular Subvencionado",
        "matricula_total": 22,
        "mat_sala_cuna": 0,
        "mat_medio": 0,
        "mat_transicion": 22,
        "slep_sostenedor": null,
        "slep_procedencia": "sin_dato"
      },
      "geometry": {
        "type": "Point",
        "coordinates": [
          -71.584641,
          -33.05822
        ]
      }
    },
    {
      "type": "Feature",
      "properties": {
        "id_estab": "40013",
        "nombre": "CTRO.INT.EDUC.ESP.NUEVA SIEMBRA",
        "cod_comuna": "5101",
        "comuna": "VALPARAÍSO",
        "origen": 1,
        "tipo_estab": 2,
        "tipo_glosa": "Escuela Particular Subvencionado",
        "matricula_total": 15,
        "mat_sala_cuna": 0,
        "mat_medio": 0,
        "mat_transicion": 15,
        "slep_sostenedor": null,
        "slep_procedencia": "sin_dato"
      },
      "geometry": {
        "type": "Point",
        "coordinates": [
          -71.638555,
          -33.031893
        ]
      }
    },
    {
      "type": "Feature",
      "properties": {
        "id_estab": "14760",
        "nombre": "COLEGIO PADRE ZANANDREA",
        "cod_comuna": "5101",
        "comuna": "VALPARAÍSO",
        "origen": 1,
        "tipo_estab": 2,
        "tipo_glosa": "Escuela Particular Subvencionado",
        "matricula_total": 37,
        "mat_sala_cuna": 0,
        "mat_medio": 0,
        "mat_transicion": 37,
        "slep_sostenedor": null,
        "slep_procedencia": "sin_dato"
      },
      "geometry": {
        "type": "Point",
        "coordinates": [
          -71.579697,
          -33.05632
        ]
      }
    },
    {
      "type": "Feature",
      "properties": {
        "id_estab": "1555",
        "nombre": "ESCUELA REPUBLICA DE ISRAEL",
        "cod_comuna": "5101",
        "comuna": "VALPARAÍSO",
        "origen": 1,
        "tipo_estab": 4,
        "tipo_glosa": "Escuela Servicio Local de Educacion",
        "matricula_total": 14,
        "mat_sala_cuna": 0,
        "mat_medio": 0,
        "mat_transicion": 14,
        "slep_sostenedor": "Valparaíso",
        "slep_procedencia": "declarada_2025"
      },
      "geometry": {
        "type": "Point",
        "coordinates": [
          -71.64016,
          -33.03302
        ]
      }
    },
    {
      "type": "Feature",
      "properties": {
        "id_estab": "1514",
        "nombre": "ESCUELA HERNAN OLGUIN",
        "cod_comuna": "5101",
        "comuna": "VALPARAÍSO",
        "origen": 1,
        "tipo_estab": 4,
        "tipo_glosa": "Escuela Servicio Local de Educacion",
        "matricula_total": 28,
        "mat_sala_cuna": 0,
        "mat_medio": 0,
        "mat_transicion": 28,
        "slep_sostenedor": "Valparaíso",
        "slep_procedencia": "declarada_2025"
      },
      "geometry": {
        "type": "Point",
        "coordinates": [
          -71.596298,
          -33.037781
        ]
      }
    },
    {
      "type": "Feature",
      "properties": {
        "id_estab": "40394",
        "nombre": "ESC.ESP.TRAST.DE LA COMUNICACIÓN HIRONDELLE",
        "cod_comuna": "5101",
        "comuna": "VALPARAÍSO",
        "origen": 1,
        "tipo_estab": 2,
        "tipo_glosa": "Escuela Particular Subvencionado",
        "matricula_total": 34,
        "mat_sala_cuna": 0,
        "mat_medio": 18,
        "mat_transicion": 16,
        "slep_sostenedor": null,
        "slep_procedencia": "sin_dato"
      },
      "geometry": {
        "type": "Point",
        "coordinates": [
          -71.643336,
          -33.032466
        ]
      }
    },
    {
      "type": "Feature",
      "properties": {
        "id_estab": "1522",
        "nombre": "COLEGIO PEDRO MONTT",
        "cod_comuna": "5101",
        "comuna": "VALPARAÍSO",
        "origen": 1,
        "tipo_estab": 4,
        "tipo_glosa": "Escuela Servicio Local de Educacion",
        "matricula_total": 16,
        "mat_sala_cuna": 0,
        "mat_medio": 0,
        "mat_transicion": 16,
        "slep_sostenedor": "Valparaíso",
        "slep_procedencia": "declarada_2025"
      },
      "geometry": {
        "type": "Point",
        "coordinates": [
          -71.631882,
          -33.047981
        ]
      }
    },
    {
      "type": "Feature",
      "properties": {
        "id_estab": "11178",
        "nombre": "CENTRO EDUCACIONAL CENINES",
        "cod_comuna": "5101",
        "comuna": "VALPARAÍSO",
        "origen": 1,
        "tipo_estab": 2,
        "tipo_glosa": "Escuela Particular Subvencionado",
        "matricula_total": 84,
        "mat_sala_cuna": 0,
        "mat_medio": 60,
        "mat_transicion": 24,
        "slep_sostenedor": null,
        "slep_procedencia": "sin_dato"
      },
      "geometry": {
        "type": "Point",
        "coordinates": [
          -71.60167,
          -33.040306
        ]
      }
    },
    {
      "type": "Feature",
      "properties": {
        "id_estab": "1585",
        "nombre": "LICEO COEDUCACIONAL LA IGUALDAD",
        "cod_comuna": "5101",
        "comuna": "VALPARAÍSO",
        "origen": 1,
        "tipo_estab": 2,
        "tipo_glosa": "Escuela Particular Subvencionado",
        "matricula_total": 70,
        "mat_sala_cuna": 0,
        "mat_medio": 0,
        "mat_transicion": 70,
        "slep_sostenedor": null,
        "slep_procedencia": "sin_dato"
      },
      "geometry": {
        "type": "Point",
        "coordinates": [
          -71.600754,
          -33.051151
        ]
      }
    },
    {
      "type": "Feature",
      "properties": {
        "id_estab": "14773",
        "nombre": "COLEGIO GUARDIAMARINA RIQUELME",
        "cod_comuna": "5101",
        "comuna": "VALPARAÍSO",
        "origen": 1,
        "tipo_estab": 2,
        "tipo_glosa": "Escuela Particular Subvencionado",
        "matricula_total": 73,
        "mat_sala_cuna": 0,
        "mat_medio": 0,
        "mat_transicion": 73,
        "slep_sostenedor": null,
        "slep_procedencia": "sin_dato"
      },
      "geometry": {
        "type": "Point",
        "coordinates": [
          -71.638153,
          -33.032211
        ]
      }
    },
    {
      "type": "Feature",
      "properties": {
        "id_estab": "1533",
        "nombre": "ESCUELA ALEMANIA",
        "cod_comuna": "5101",
        "comuna": "VALPARAÍSO",
        "origen": 1,
        "tipo_estab": 4,
        "tipo_glosa": "Escuela Servicio Local de Educacion",
        "matricula_total": 19,
        "mat_sala_cuna": 0,
        "mat_medio": 0,
        "mat_transicion": 19,
        "slep_sostenedor": "Valparaíso",
        "slep_procedencia": "declarada_2025"
      },
      "geometry": {
        "type": "Point",
        "coordinates": [
          -71.603523,
          -33.04768
        ]
      }
    },
    {
      "type": "Feature",
      "properties": {
        "id_estab": "1586",
        "nombre": "COLEGIO CARLOS COUSINO",
        "cod_comuna": "5101",
        "comuna": "VALPARAÍSO",
        "origen": 1,
        "tipo_estab": 2,
        "tipo_glosa": "Escuela Particular Subvencionado",
        "matricula_total": 50,
        "mat_sala_cuna": 0,
        "mat_medio": 0,
        "mat_transicion": 50,
        "slep_sostenedor": null,
        "slep_procedencia": "sin_dato"
      },
      "geometry": {
        "type": "Point",
        "coordinates": [
          -71.607948,
          -33.050598
        ]
      }
    },
    {
      "type": "Feature",
      "properties": {
        "id_estab": "1582",
        "nombre": "COLEGIO LUTERANO CONCORDIA",
        "cod_comuna": "5101",
        "comuna": "VALPARAÍSO",
        "origen": 1,
        "tipo_estab": 2,
        "tipo_glosa": "Escuela Particular Subvencionado",
        "matricula_total": 64,
        "mat_sala_cuna": 0,
        "mat_medio": 0,
        "mat_transicion": 64,
        "slep_sostenedor": null,
        "slep_procedencia": "sin_dato"
      },
      "geometry": {
        "type": "Point",
        "coordinates": [
          -71.64109,
          -33.034611
        ]
      }
    },
    {
      "type": "Feature",
      "properties": {
        "id_estab": "1541",
        "nombre": "ESCUELA REPUBLICA DE EL SALVADOR",
        "cod_comuna": "5101",
        "comuna": "VALPARAÍSO",
        "origen": 1,
        "tipo_estab": 4,
        "tipo_glosa": "Escuela Servicio Local de Educacion",
        "matricula_total": 18,
        "mat_sala_cuna": 0,
        "mat_medio": 0,
        "mat_transicion": 18,
        "slep_sostenedor": "Valparaíso",
        "slep_procedencia": "declarada_2025"
      },
      "geometry": {
        "type": "Point",
        "coordinates": [
          -71.63382,
          -33.04163
        ]
      }
    },
    {
      "type": "Feature",
      "properties": {
        "id_estab": "1549",
        "nombre": "ESCUELA REPUBLICA DE MEXICO",
        "cod_comuna": "5101",
        "comuna": "VALPARAÍSO",
        "origen": 1,
        "tipo_estab": 4,
        "tipo_glosa": "Escuela Servicio Local de Educacion",
        "matricula_total": 33,
        "mat_sala_cuna": 0,
        "mat_medio": 0,
        "mat_transicion": 33,
        "slep_sostenedor": "Valparaíso",
        "slep_procedencia": "declarada_2025"
      },
      "geometry": {
        "type": "Point",
        "coordinates": [
          -71.570381,
          -33.1138
        ]
      }
    },
    {
      "type": "Feature",
      "properties": {
        "id_estab": "12310",
        "nombre": "ESCUELA ESPECIAL DE LENGUAJE SAN ROQUE",
        "cod_comuna": "5101",
        "comuna": "VALPARAÍSO",
        "origen": 1,
        "tipo_estab": 2,
        "tipo_glosa": "Escuela Particular Subvencionado",
        "matricula_total": 64,
        "mat_sala_cuna": 0,
        "mat_medio": 21,
        "mat_transicion": 43,
        "slep_sostenedor": null,
        "slep_procedencia": "sin_dato"
      },
      "geometry": {
        "type": "Point",
        "coordinates": [
          -71.59129,
          -33.060863
        ]
      }
    },
    {
      "type": "Feature",
      "properties": {
        "id_estab": "1598",
        "nombre": "COLEGIO PARTICULAR ADVENTISTA",
        "cod_comuna": "5101",
        "comuna": "VALPARAÍSO",
        "origen": 1,
        "tipo_estab": 2,
        "tipo_glosa": "Escuela Particular Subvencionado",
        "matricula_total": 61,
        "mat_sala_cuna": 0,
        "mat_medio": 0,
        "mat_transicion": 61,
        "slep_sostenedor": null,
        "slep_procedencia": "sin_dato"
      },
      "geometry": {
        "type": "Point",
        "coordinates": [
          -71.591278,
          -33.062061
        ]
      }
    },
    {
      "type": "Feature",
      "properties": {
        "id_estab": "14818",
        "nombre": "COLEGIO NUMANCIA",
        "cod_comuna": "5101",
        "comuna": "VALPARAÍSO",
        "origen": 1,
        "tipo_estab": 2,
        "tipo_glosa": "Escuela Particular Subvencionado",
        "matricula_total": 71,
        "mat_sala_cuna": 0,
        "mat_medio": 9,
        "mat_transicion": 62,
        "slep_sostenedor": null,
        "slep_procedencia": "sin_dato"
      },
      "geometry": {
        "type": "Point",
        "coordinates": [
          -71.588364,
          -33.03207
        ]
      }
    },
    {
      "type": "Feature",
      "properties": {
        "id_estab": "14330",
        "nombre": "ESCUELA BASICA ARTURO PRAT",
        "cod_comuna": "5101",
        "comuna": "VALPARAÍSO",
        "origen": 1,
        "tipo_estab": 2,
        "tipo_glosa": "Escuela Particular Subvencionado",
        "matricula_total": 29,
        "mat_sala_cuna": 0,
        "mat_medio": 0,
        "mat_transicion": 29,
        "slep_sostenedor": null,
        "slep_procedencia": "sin_dato"
      },
      "geometry": {
        "type": "Point",
        "coordinates": [
          -71.614349,
          -33.056679
        ]
      }
    },
    {
      "type": "Feature",
      "properties": {
        "id_estab": "1590",
        "nombre": "COLEGIO SALESIANO VALPARAISO",
        "cod_comuna": "5101",
        "comuna": "VALPARAÍSO",
        "origen": 1,
        "tipo_estab": 2,
        "tipo_glosa": "Escuela Particular Subvencionado",
        "matricula_total": 26,
        "mat_sala_cuna": 0,
        "mat_medio": 0,
        "mat_transicion": 26,
        "slep_sostenedor": null,
        "slep_procedencia": "sin_dato"
      },
      "geometry": {
        "type": "Point",
        "coordinates": [
          -71.601662,
          -33.04969
        ]
      }
    },
    {
      "type": "Feature",
      "properties": {
        "id_estab": "14413",
        "nombre": "COLEGIO SANTA CLARA",
        "cod_comuna": "5101",
        "comuna": "VALPARAÍSO",
        "origen": 1,
        "tipo_estab": 2,
        "tipo_glosa": "Escuela Particular Subvencionado",
        "matricula_total": 75,
        "mat_sala_cuna": 0,
        "mat_medio": 0,
        "mat_transicion": 75,
        "slep_sostenedor": null,
        "slep_procedencia": "sin_dato"
      },
      "geometry": {
        "type": "Point",
        "coordinates": [
          -71.573303,
          -33.11488
        ]
      }
    },
    {
      "type": "Feature",
      "properties": {
        "id_estab": "16881",
        "nombre": "COLEGIO FILII FUTURI",
        "cod_comuna": "5101",
        "comuna": "VALPARAÍSO",
        "origen": 1,
        "tipo_estab": 2,
        "tipo_glosa": "Escuela Particular Subvencionado",
        "matricula_total": 90,
        "mat_sala_cuna": 0,
        "mat_medio": 15,
        "mat_transicion": 75,
        "slep_sostenedor": null,
        "slep_procedencia": "sin_dato"
      },
      "geometry": {
        "type": "Point",
        "coordinates": [
          -71.554802,
          -33.117001
        ]
      }
    },
    {
      "type": "Feature",
      "properties": {
        "id_estab": "1593",
        "nombre": "ESCUELA PARTICULAR SANTA ANA",
        "cod_comuna": "5101",
        "comuna": "VALPARAÍSO",
        "origen": 1,
        "tipo_estab": 2,
        "tipo_glosa": "Escuela Particular Subvencionado",
        "matricula_total": 49,
        "mat_sala_cuna": 0,
        "mat_medio": 0,
        "mat_transicion": 49,
        "slep_sostenedor": null,
        "slep_procedencia": "sin_dato"
      },
      "geometry": {
        "type": "Point",
        "coordinates": [
          -71.632523,
          -33.03611
        ]
      }
    },
    {
      "type": "Feature",
      "properties": {
        "id_estab": "1516",
        "nombre": "LICEO TECNOLÓGICO ALFREDO NAZAR FERES",
        "cod_comuna": "5101",
        "comuna": "VALPARAÍSO",
        "origen": 1,
        "tipo_estab": 4,
        "tipo_glosa": "Escuela Servicio Local de Educacion",
        "matricula_total": 27,
        "mat_sala_cuna": 0,
        "mat_medio": 0,
        "mat_transicion": 27,
        "slep_sostenedor": "Valparaíso",
        "slep_procedencia": "declarada_2025"
      },
      "geometry": {
        "type": "Point",
        "coordinates": [
          -71.638329,
          -33.02774
        ]
      }
    },
    {
      "type": "Feature",
      "properties": {
        "id_estab": "14859",
        "nombre": "ESC. ESPECIAL DE LENGUAJE EDUCATEL",
        "cod_comuna": "5101",
        "comuna": "VALPARAÍSO",
        "origen": 1,
        "tipo_estab": 2,
        "tipo_glosa": "Escuela Particular Subvencionado",
        "matricula_total": 99,
        "mat_sala_cuna": 0,
        "mat_medio": 33,
        "mat_transicion": 66,
        "slep_sostenedor": null,
        "slep_procedencia": "sin_dato"
      },
      "geometry": {
        "type": "Point",
        "coordinates": [
          -71.6482,
          -33.03682
        ]
      }
    },
    {
      "type": "Feature",
      "properties": {
        "id_estab": "1553",
        "nombre": "ESCUELA ESPANA",
        "cod_comuna": "5101",
        "comuna": "VALPARAÍSO",
        "origen": 1,
        "tipo_estab": 4,
        "tipo_glosa": "Escuela Servicio Local de Educacion",
        "matricula_total": 33,
        "mat_sala_cuna": 0,
        "mat_medio": 0,
        "mat_transicion": 33,
        "slep_sostenedor": "Valparaíso",
        "slep_procedencia": "declarada_2025"
      },
      "geometry": {
        "type": "Point",
        "coordinates": [
          -71.615997,
          -33.053341
        ]
      }
    },
    {
      "type": "Feature",
      "properties": {
        "id_estab": "1510",
        "nombre": "ESCUELA ESPECIAL DE LENGUAJE LIBERTADOR DE LA PATRIA BERNARDO O`HIGGINS",
        "cod_comuna": "5101",
        "comuna": "VALPARAÍSO",
        "origen": 1,
        "tipo_estab": 4,
        "tipo_glosa": "Escuela Servicio Local de Educacion",
        "matricula_total": 69,
        "mat_sala_cuna": 0,
        "mat_medio": 25,
        "mat_transicion": 44,
        "slep_sostenedor": "Valparaíso",
        "slep_procedencia": "declarada_2025"
      },
      "geometry": {
        "type": "Point",
        "coordinates": [
          -71.616844,
          -33.044804
        ]
      }
    },
    {
      "type": "Feature",
      "properties": {
        "id_estab": "1581",
        "nombre": "LICEO JUANA ROSS DE EDWARDS",
        "cod_comuna": "5101",
        "comuna": "VALPARAÍSO",
        "origen": 1,
        "tipo_estab": 2,
        "tipo_glosa": "Escuela Particular Subvencionado",
        "matricula_total": 177,
        "mat_sala_cuna": 0,
        "mat_medio": 0,
        "mat_transicion": 177,
        "slep_sostenedor": null,
        "slep_procedencia": "sin_dato"
      },
      "geometry": {
        "type": "Point",
        "coordinates": [
          -71.601212,
          -33.052292
        ]
      }
    },
    {
      "type": "Feature",
      "properties": {
        "id_estab": "1604",
        "nombre": "COLEGIO LEONARDO MURIALDO",
        "cod_comuna": "5101",
        "comuna": "VALPARAÍSO",
        "origen": 1,
        "tipo_estab": 2,
        "tipo_glosa": "Escuela Particular Subvencionado",
        "matricula_total": 134,
        "mat_sala_cuna": 0,
        "mat_medio": 0,
        "mat_transicion": 134,
        "slep_sostenedor": null,
        "slep_procedencia": "sin_dato"
      },
      "geometry": {
        "type": "Point",
        "coordinates": [
          -71.59655,
          -33.04657
        ]
      }
    },
    {
      "type": "Feature",
      "properties": {
        "id_estab": "1596",
        "nombre": "COLEGIO SAN IGNACIO DE LOYOLA",
        "cod_comuna": "5101",
        "comuna": "VALPARAÍSO",
        "origen": 1,
        "tipo_estab": 2,
        "tipo_glosa": "Escuela Particular Subvencionado",
        "matricula_total": 29,
        "mat_sala_cuna": 0,
        "mat_medio": 0,
        "mat_transicion": 29,
        "slep_sostenedor": null,
        "slep_procedencia": "sin_dato"
      },
      "geometry": {
        "type": "Point",
        "coordinates": [
          -71.603111,
          -33.046982
        ]
      }
    },
    {
      "type": "Feature",
      "properties": {
        "id_estab": "14944",
        "nombre": "ESCUELA ESPECIAL DE LENGUAJE TOMASITO",
        "cod_comuna": "5101",
        "comuna": "VALPARAÍSO",
        "origen": 1,
        "tipo_estab": 2,
        "tipo_glosa": "Escuela Particular Subvencionado",
        "matricula_total": 110,
        "mat_sala_cuna": 0,
        "mat_medio": 44,
        "mat_transicion": 66,
        "slep_sostenedor": null,
        "slep_procedencia": "sin_dato"
      },
      "geometry": {
        "type": "Point",
        "coordinates": [
          -71.559036,
          -33.058704
        ]
      }
    },
    {
      "type": "Feature",
      "properties": {
        "id_estab": "1583",
        "nombre": "COLEGIO JEANNE DARC VALPARAISO",
        "cod_comuna": "5101",
        "comuna": "VALPARAÍSO",
        "origen": 1,
        "tipo_estab": 2,
        "tipo_glosa": "Escuela Particular Subvencionado",
        "matricula_total": 20,
        "mat_sala_cuna": 0,
        "mat_medio": 0,
        "mat_transicion": 20,
        "slep_sostenedor": null,
        "slep_procedencia": "sin_dato"
      },
      "geometry": {
        "type": "Point",
        "coordinates": [
          -71.59008,
          -33.0364
        ]
      }
    },
    {
      "type": "Feature",
      "properties": {
        "id_estab": "40259",
        "nombre": "ESCUELA ESPECIAL DE LENGUAJE ALONKEN",
        "cod_comuna": "5101",
        "comuna": "VALPARAÍSO",
        "origen": 1,
        "tipo_estab": 2,
        "tipo_glosa": "Escuela Particular Subvencionado",
        "matricula_total": 84,
        "mat_sala_cuna": 0,
        "mat_medio": 43,
        "mat_transicion": 41,
        "slep_sostenedor": null,
        "slep_procedencia": "sin_dato"
      },
      "geometry": {
        "type": "Point",
        "coordinates": [
          -71.59755,
          -33.04315
        ]
      }
    },
    {
      "type": "Feature",
      "properties": {
        "id_estab": "1595",
        "nombre": "COLEGIO ARTURO EDWARDS",
        "cod_comuna": "5101",
        "comuna": "VALPARAÍSO",
        "origen": 1,
        "tipo_estab": 2,
        "tipo_glosa": "Escuela Particular Subvencionado",
        "matricula_total": 21,
        "mat_sala_cuna": 0,
        "mat_medio": 0,
        "mat_transicion": 21,
        "slep_sostenedor": null,
        "slep_procedencia": "sin_dato"
      },
      "geometry": {
        "type": "Point",
        "coordinates": [
          -71.619034,
          -33.047741
        ]
      }
    },
    {
      "type": "Feature",
      "properties": {
        "id_estab": "14783",
        "nombre": "COLEGIO NUEVA ERA SIGLO XXI",
        "cod_comuna": "5101",
        "comuna": "VALPARAÍSO",
        "origen": 1,
        "tipo_estab": 2,
        "tipo_glosa": "Escuela Particular Subvencionado",
        "matricula_total": 33,
        "mat_sala_cuna": 0,
        "mat_medio": 0,
        "mat_transicion": 33,
        "slep_sostenedor": null,
        "slep_procedencia": "sin_dato"
      },
      "geometry": {
        "type": "Point",
        "coordinates": [
          -71.571167,
          -33.126362
        ]
      }
    },
    {
      "type": "Feature",
      "properties": {
        "id_estab": "40329",
        "nombre": "COLEGIO ROBERTO BRAVO",
        "cod_comuna": "5101",
        "comuna": "VALPARAÍSO",
        "origen": 1,
        "tipo_estab": 2,
        "tipo_glosa": "Escuela Particular Subvencionado",
        "matricula_total": 56,
        "mat_sala_cuna": 0,
        "mat_medio": 0,
        "mat_transicion": 56,
        "slep_sostenedor": null,
        "slep_procedencia": "sin_dato"
      },
      "geometry": {
        "type": "Point",
        "coordinates": [
          -71.599136,
          -33.042919
        ]
      }
    },
    {
      "type": "Feature",
      "properties": {
        "id_estab": "1609",
        "nombre": "ESC PART FRAY LUIS BELTRAN",
        "cod_comuna": "5101",
        "comuna": "VALPARAÍSO",
        "origen": 1,
        "tipo_estab": 2,
        "tipo_glosa": "Escuela Particular Subvencionado",
        "matricula_total": 34,
        "mat_sala_cuna": 0,
        "mat_medio": 0,
        "mat_transicion": 34,
        "slep_sostenedor": null,
        "slep_procedencia": "sin_dato"
      },
      "geometry": {
        "type": "Point",
        "coordinates": [
          -71.599747,
          -33.039291
        ]
      }
    },
    {
      "type": "Feature",
      "properties": {
        "id_estab": "14871",
        "nombre": "COLEGIO ALIMAPU",
        "cod_comuna": "5101",
        "comuna": "VALPARAÍSO",
        "origen": 1,
        "tipo_estab": 2,
        "tipo_glosa": "Escuela Particular Subvencionado",
        "matricula_total": 10,
        "mat_sala_cuna": 0,
        "mat_medio": 0,
        "mat_transicion": 10,
        "slep_sostenedor": null,
        "slep_procedencia": "sin_dato"
      },
      "geometry": {
        "type": "Point",
        "coordinates": [
          -71.632347,
          -33.047859
        ]
      }
    },
    {
      "type": "Feature",
      "properties": {
        "id_estab": "1551",
        "nombre": "ESCUELA MONTEDONICO",
        "cod_comuna": "5101",
        "comuna": "VALPARAÍSO",
        "origen": 1,
        "tipo_estab": 4,
        "tipo_glosa": "Escuela Servicio Local de Educacion",
        "matricula_total": 24,
        "mat_sala_cuna": 0,
        "mat_medio": 0,
        "mat_transicion": 24,
        "slep_sostenedor": "Valparaíso",
        "slep_procedencia": "declarada_2025"
      },
      "geometry": {
        "type": "Point",
        "coordinates": [
          -71.640457,
          -33.055351
        ]
      }
    },
    {
      "type": "Feature",
      "properties": {
        "id_estab": "1601",
        "nombre": "ESC SAGRADA FAMILIA DE NAZARET",
        "cod_comuna": "5101",
        "comuna": "VALPARAÍSO",
        "origen": 1,
        "tipo_estab": 2,
        "tipo_glosa": "Escuela Particular Subvencionado",
        "matricula_total": 46,
        "mat_sala_cuna": 0,
        "mat_medio": 0,
        "mat_transicion": 46,
        "slep_sostenedor": null,
        "slep_procedencia": "sin_dato"
      },
      "geometry": {
        "type": "Point",
        "coordinates": [
          -71.605583,
          -33.053421
        ]
      }
    },
    {
      "type": "Feature",
      "properties": {
        "id_estab": "1607",
        "nombre": "COLEGIO TERESITA DE LISIEUX",
        "cod_comuna": "5101",
        "comuna": "VALPARAÍSO",
        "origen": 1,
        "tipo_estab": 2,
        "tipo_glosa": "Escuela Particular Subvencionado",
        "matricula_total": 43,
        "mat_sala_cuna": 0,
        "mat_medio": 0,
        "mat_transicion": 43,
        "slep_sostenedor": null,
        "slep_procedencia": "sin_dato"
      },
      "geometry": {
        "type": "Point",
        "coordinates": [
          -71.610443,
          -33.054279
        ]
      }
    },
    {
      "type": "Feature",
      "properties": {
        "id_estab": "1528",
        "nombre": "ESCUELA GASPAR CABRALES",
        "cod_comuna": "5101",
        "comuna": "VALPARAÍSO",
        "origen": 1,
        "tipo_estab": 4,
        "tipo_glosa": "Escuela Servicio Local de Educacion",
        "matricula_total": 34,
        "mat_sala_cuna": 0,
        "mat_medio": 0,
        "mat_transicion": 34,
        "slep_sostenedor": "Valparaíso",
        "slep_procedencia": "declarada_2025"
      },
      "geometry": {
        "type": "Point",
        "coordinates": [
          -71.601173,
          -33.051189
        ]
      }
    },
    {
      "type": "Feature",
      "properties": {
        "id_estab": "1554",
        "nombre": "COLEGIO PABLO NERUDA",
        "cod_comuna": "5101",
        "comuna": "VALPARAÍSO",
        "origen": 1,
        "tipo_estab": 4,
        "tipo_glosa": "Escuela Servicio Local de Educacion",
        "matricula_total": 17,
        "mat_sala_cuna": 0,
        "mat_medio": 0,
        "mat_transicion": 17,
        "slep_sostenedor": "Valparaíso",
        "slep_procedencia": "declarada_2025"
      },
      "geometry": {
        "type": "Point",
        "coordinates": [
          -71.622612,
          -33.05405
        ]
      }
    },
    {
      "type": "Feature",
      "properties": {
        "id_estab": "1569",
        "nombre": "ESCUELA PILOTO 1° LUIS PARDO VILLALON",
        "cod_comuna": "5101",
        "comuna": "VALPARAÍSO",
        "origen": 1,
        "tipo_estab": 4,
        "tipo_glosa": "Escuela Servicio Local de Educacion",
        "matricula_total": 54,
        "mat_sala_cuna": 0,
        "mat_medio": 0,
        "mat_transicion": 54,
        "slep_sostenedor": "Valparaíso",
        "slep_procedencia": "declarada_2025"
      },
      "geometry": {
        "type": "Point",
        "coordinates": [
          -71.621971,
          -33.050678
        ]
      }
    },
    {
      "type": "Feature",
      "properties": {
        "id_estab": "11220",
        "nombre": "COLEGIO LUIS GALDAMEZ",
        "cod_comuna": "5101",
        "comuna": "VALPARAÍSO",
        "origen": 1,
        "tipo_estab": 2,
        "tipo_glosa": "Escuela Particular Subvencionado",
        "matricula_total": 19,
        "mat_sala_cuna": 0,
        "mat_medio": 0,
        "mat_transicion": 19,
        "slep_sostenedor": null,
        "slep_procedencia": "sin_dato"
      },
      "geometry": {
        "type": "Point",
        "coordinates": [
          -71.631927,
          -33.044231
        ]
      }
    },
    {
      "type": "Feature",
      "properties": {
        "id_estab": "1594",
        "nombre": "COLEGIO SAN DAMIAN DE MOLOKAI",
        "cod_comuna": "5101",
        "comuna": "VALPARAÍSO",
        "origen": 1,
        "tipo_estab": 2,
        "tipo_glosa": "Escuela Particular Subvencionado",
        "matricula_total": 63,
        "mat_sala_cuna": 0,
        "mat_medio": 0,
        "mat_transicion": 63,
        "slep_sostenedor": null,
        "slep_procedencia": "sin_dato"
      },
      "geometry": {
        "type": "Point",
        "coordinates": [
          -71.615738,
          -33.049549
        ]
      }
    },
    {
      "type": "Feature",
      "properties": {
        "id_estab": "1641",
        "nombre": "COLEGIO SAN PEDRO NOLASCO",
        "cod_comuna": "5101",
        "comuna": "VALPARAÍSO",
        "origen": 1,
        "tipo_estab": 3,
        "tipo_glosa": "Escuela Particular Pagado",
        "matricula_total": 85,
        "mat_sala_cuna": 0,
        "mat_medio": 16,
        "mat_transicion": 69,
        "slep_sostenedor": null,
        "slep_procedencia": "sin_dato"
      },
      "geometry": {
        "type": "Point",
        "coordinates": [
          -71.60743,
          -33.048888
        ]
      }
    },
    {
      "type": "Feature",
      "properties": {
        "id_estab": "1542",
        "nombre": "ESCUELA JOAQUIN EDWARDS BELLO",
        "cod_comuna": "5101",
        "comuna": "VALPARAÍSO",
        "origen": 1,
        "tipo_estab": 4,
        "tipo_glosa": "Escuela Servicio Local de Educacion",
        "matricula_total": 39,
        "mat_sala_cuna": 0,
        "mat_medio": 0,
        "mat_transicion": 39,
        "slep_sostenedor": "Valparaíso",
        "slep_procedencia": "declarada_2025"
      },
      "geometry": {
        "type": "Point",
        "coordinates": [
          -71.577293,
          -33.05505
        ]
      }
    },
    {
      "type": "Feature",
      "properties": {
        "id_estab": "1603",
        "nombre": "COLEGIO PARTICULAR SAN PIO X",
        "cod_comuna": "5101",
        "comuna": "VALPARAÍSO",
        "origen": 1,
        "tipo_estab": 2,
        "tipo_glosa": "Escuela Particular Subvencionado",
        "matricula_total": 32,
        "mat_sala_cuna": 0,
        "mat_medio": 0,
        "mat_transicion": 32,
        "slep_sostenedor": null,
        "slep_procedencia": "sin_dato"
      },
      "geometry": {
        "type": "Point",
        "coordinates": [
          -71.581818,
          -33.047939
        ]
      }
    },
    {
      "type": "Feature",
      "properties": {
        "id_estab": "1597",
        "nombre": "ESCUELA PARTICULAR SAN LUIS",
        "cod_comuna": "5101",
        "comuna": "VALPARAÍSO",
        "origen": 1,
        "tipo_estab": 2,
        "tipo_glosa": "Escuela Particular Subvencionado",
        "matricula_total": 17,
        "mat_sala_cuna": 0,
        "mat_medio": 0,
        "mat_transicion": 17,
        "slep_sostenedor": null,
        "slep_procedencia": "sin_dato"
      },
      "geometry": {
        "type": "Point",
        "coordinates": [
          -71.631401,
          -33.046059
        ]
      }
    },
    {
      "type": "Feature",
      "properties": {
        "id_estab": "14232",
        "nombre": "COLEGIO BORDEMAR",
        "cod_comuna": "5101",
        "comuna": "VALPARAÍSO",
        "origen": 1,
        "tipo_estab": 2,
        "tipo_glosa": "Escuela Particular Subvencionado",
        "matricula_total": 52,
        "mat_sala_cuna": 0,
        "mat_medio": 0,
        "mat_transicion": 52,
        "slep_sostenedor": null,
        "slep_procedencia": "sin_dato"
      },
      "geometry": {
        "type": "Point",
        "coordinates": [
          -71.633789,
          -33.046558
        ]
      }
    },
    {
      "type": "Feature",
      "properties": {
        "id_estab": "1543",
        "nombre": "ESCUELA JORGE ALESSANDRI RODRIGUEZ",
        "cod_comuna": "5101",
        "comuna": "VALPARAÍSO",
        "origen": 1,
        "tipo_estab": 4,
        "tipo_glosa": "Escuela Servicio Local de Educacion",
        "matricula_total": 35,
        "mat_sala_cuna": 0,
        "mat_medio": 0,
        "mat_transicion": 35,
        "slep_sostenedor": "Valparaíso",
        "slep_procedencia": "declarada_2025"
      },
      "geometry": {
        "type": "Point",
        "coordinates": [
          -71.586311,
          -33.065269
        ]
      }
    },
    {
      "type": "Feature",
      "properties": {
        "id_estab": "20300",
        "nombre": "COLEGIO DIEGO THOMPSON",
        "cod_comuna": "5101",
        "comuna": "VALPARAÍSO",
        "origen": 1,
        "tipo_estab": 2,
        "tipo_glosa": "Escuela Particular Subvencionado",
        "matricula_total": 17,
        "mat_sala_cuna": 0,
        "mat_medio": 0,
        "mat_transicion": 17,
        "slep_sostenedor": null,
        "slep_procedencia": "sin_dato"
      },
      "geometry": {
        "type": "Point",
        "coordinates": [
          -71.566116,
          -33.114738
        ]
      }
    },
    {
      "type": "Feature",
      "properties": {
        "id_estab": "1577",
        "nombre": "ESCUELA BÁSICA INTERCULTURAL LAGUNA VERDE",
        "cod_comuna": "5101",
        "comuna": "VALPARAÍSO",
        "origen": 1,
        "tipo_estab": 4,
        "tipo_glosa": "Escuela Servicio Local de Educacion",
        "matricula_total": 27,
        "mat_sala_cuna": 0,
        "mat_medio": 0,
        "mat_transicion": 27,
        "slep_sostenedor": "Valparaíso",
        "slep_procedencia": "declarada_2025"
      },
      "geometry": {
        "type": "Point",
        "coordinates": [
          -71.662537,
          -33.100899
        ]
      }
    },
    {
      "type": "Feature",
      "properties": {
        "id_estab": "1573",
        "nombre": "ESCUELA DR. ERNESTO QUIROZ WEBER",
        "cod_comuna": "5101",
        "comuna": "VALPARAÍSO",
        "origen": 1,
        "tipo_estab": 4,
        "tipo_glosa": "Escuela Servicio Local de Educacion",
        "matricula_total": 27,
        "mat_sala_cuna": 0,
        "mat_medio": 0,
        "mat_transicion": 27,
        "slep_sostenedor": "Valparaíso",
        "slep_procedencia": "declarada_2025"
      },
      "geometry": {
        "type": "Point",
        "coordinates": [
          -71.571152,
          -33.051868
        ]
      }
    },
    {
      "type": "Feature",
      "properties": {
        "id_estab": "1632",
        "nombre": "COL. IDA.CONCEPC. NTRA.SRA.LOURDES",
        "cod_comuna": "5101",
        "comuna": "VALPARAÍSO",
        "origen": 1,
        "tipo_estab": 2,
        "tipo_glosa": "Escuela Particular Subvencionado",
        "matricula_total": 21,
        "mat_sala_cuna": 0,
        "mat_medio": 0,
        "mat_transicion": 21,
        "slep_sostenedor": null,
        "slep_procedencia": "sin_dato"
      },
      "geometry": {
        "type": "Point",
        "coordinates": [
          -71.612534,
          -33.049568
        ]
      }
    },
    {
      "type": "Feature",
      "properties": {
        "id_estab": "40281",
        "nombre": "CENTRO DE EDUCACION ESPECIAL BELLAVISTA",
        "cod_comuna": "5101",
        "comuna": "VALPARAÍSO",
        "origen": 1,
        "tipo_estab": 2,
        "tipo_glosa": "Escuela Particular Subvencionado",
        "matricula_total": 45,
        "mat_sala_cuna": 0,
        "mat_medio": 11,
        "mat_transicion": 34,
        "slep_sostenedor": null,
        "slep_procedencia": "sin_dato"
      },
      "geometry": {
        "type": "Point",
        "coordinates": [
          -71.62316,
          -33.049114
        ]
      }
    },
    {
      "type": "Feature",
      "properties": {
        "id_estab": "1599",
        "nombre": "COLEGIO SAGRADO CORAZON DE JESUS",
        "cod_comuna": "5101",
        "comuna": "VALPARAÍSO",
        "origen": 1,
        "tipo_estab": 2,
        "tipo_glosa": "Escuela Particular Subvencionado",
        "matricula_total": 21,
        "mat_sala_cuna": 0,
        "mat_medio": 0,
        "mat_transicion": 21,
        "slep_sostenedor": null,
        "slep_procedencia": "sin_dato"
      },
      "geometry": {
        "type": "Point",
        "coordinates": [
          -71.594521,
          -33.044079
        ]
      }
    },
    {
      "type": "Feature",
      "properties": {
        "id_estab": "14676",
        "nombre": "COLEGIO CANEC VALPARAISO",
        "cod_comuna": "5101",
        "comuna": "VALPARAÍSO",
        "origen": 1,
        "tipo_estab": 2,
        "tipo_glosa": "Escuela Particular Subvencionado",
        "matricula_total": 10,
        "mat_sala_cuna": 0,
        "mat_medio": 0,
        "mat_transicion": 10,
        "slep_sostenedor": null,
        "slep_procedencia": "sin_dato"
      },
      "geometry": {
        "type": "Point",
        "coordinates": [
          -71.611189,
          -33.05075
        ]
      }
    },
    {
      "type": "Feature",
      "properties": {
        "id_estab": "1529",
        "nombre": "ESCUELA GRECIA",
        "cod_comuna": "5101",
        "comuna": "VALPARAÍSO",
        "origen": 1,
        "tipo_estab": 4,
        "tipo_glosa": "Escuela Servicio Local de Educacion",
        "matricula_total": 57,
        "mat_sala_cuna": 0,
        "mat_medio": 0,
        "mat_transicion": 57,
        "slep_sostenedor": "Valparaíso",
        "slep_procedencia": "declarada_2025"
      },
      "geometry": {
        "type": "Point",
        "coordinates": [
          -71.611473,
          -33.04694
        ]
      }
    },
    {
      "type": "Feature",
      "properties": {
        "id_estab": "1570",
        "nombre": "ESCUELA BASICA CIRUJANO VIDELA",
        "cod_comuna": "5101",
        "comuna": "VALPARAÍSO",
        "origen": 1,
        "tipo_estab": 4,
        "tipo_glosa": "Escuela Servicio Local de Educacion",
        "matricula_total": 30,
        "mat_sala_cuna": 0,
        "mat_medio": 0,
        "mat_transicion": 30,
        "slep_sostenedor": "Valparaíso",
        "slep_procedencia": "declarada_2025"
      },
      "geometry": {
        "type": "Point",
        "coordinates": [
          -71.564598,
          -33.0541
        ]
      }
    },
    {
      "type": "Feature",
      "properties": {
        "id_estab": "1524",
        "nombre": "ESCUELA REPUBLICA ARABE SIRIA",
        "cod_comuna": "5101",
        "comuna": "VALPARAÍSO",
        "origen": 1,
        "tipo_estab": 4,
        "tipo_glosa": "Escuela Servicio Local de Educacion",
        "matricula_total": 32,
        "mat_sala_cuna": 0,
        "mat_medio": 0,
        "mat_transicion": 32,
        "slep_sostenedor": "Valparaíso",
        "slep_procedencia": "declarada_2025"
      },
      "geometry": {
        "type": "Point",
        "coordinates": [
          -71.647659,
          -33.0532
        ]
      }
    },
    {
      "type": "Feature",
      "properties": {
        "id_estab": "14854",
        "nombre": "ESC. ESPEC. DE LENGUAJE PEQUENINO",
        "cod_comuna": "5101",
        "comuna": "VALPARAÍSO",
        "origen": 1,
        "tipo_estab": 2,
        "tipo_glosa": "Escuela Particular Subvencionado",
        "matricula_total": 63,
        "mat_sala_cuna": 0,
        "mat_medio": 28,
        "mat_transicion": 35,
        "slep_sostenedor": null,
        "slep_procedencia": "sin_dato"
      },
      "geometry": {
        "type": "Point",
        "coordinates": [
          -71.61896,
          -33.048904
        ]
      }
    },
    {
      "type": "Feature",
      "properties": {
        "id_estab": "14538",
        "nombre": "COL.SANTO DOMINGO DE GUZMAN",
        "cod_comuna": "5101",
        "comuna": "VALPARAÍSO",
        "origen": 1,
        "tipo_estab": 2,
        "tipo_glosa": "Escuela Particular Subvencionado",
        "matricula_total": 128,
        "mat_sala_cuna": 0,
        "mat_medio": 0,
        "mat_transicion": 128,
        "slep_sostenedor": null,
        "slep_procedencia": "sin_dato"
      },
      "geometry": {
        "type": "Point",
        "coordinates": [
          -71.63485,
          -33.02911
        ]
      }
    },
    {
      "type": "Feature",
      "properties": {
        "id_estab": "1537",
        "nombre": "ESCUELA RAMON BARROS LUCO",
        "cod_comuna": "5101",
        "comuna": "VALPARAÍSO",
        "origen": 1,
        "tipo_estab": 4,
        "tipo_glosa": "Escuela Servicio Local de Educacion",
        "matricula_total": 47,
        "mat_sala_cuna": 0,
        "mat_medio": 0,
        "mat_transicion": 47,
        "slep_sostenedor": "Valparaíso",
        "slep_procedencia": "declarada_2025"
      },
      "geometry": {
        "type": "Point",
        "coordinates": [
          -71.608856,
          -33.048489
        ]
      }
    },
    {
      "type": "Feature",
      "properties": {
        "id_estab": "1578",
        "nombre": "ESCUELA TTE. JULIO A. ALLENDE OVALLE",
        "cod_comuna": "5101",
        "comuna": "VALPARAÍSO",
        "origen": 1,
        "tipo_estab": 4,
        "tipo_glosa": "Escuela Servicio Local de Educacion",
        "matricula_total": 27,
        "mat_sala_cuna": 0,
        "mat_medio": 0,
        "mat_transicion": 27,
        "slep_sostenedor": "Valparaíso",
        "slep_procedencia": "declarada_2025"
      },
      "geometry": {
        "type": "Point",
        "coordinates": [
          -71.560249,
          -33.149849
        ]
      }
    },
    {
      "type": "Feature",
      "properties": {
        "id_estab": "1620",
        "nombre": "COLEGIO MIGUEL DE UNAMUNO",
        "cod_comuna": "5101",
        "comuna": "VALPARAÍSO",
        "origen": 1,
        "tipo_estab": 2,
        "tipo_glosa": "Escuela Particular Subvencionado",
        "matricula_total": 77,
        "mat_sala_cuna": 0,
        "mat_medio": 0,
        "mat_transicion": 77,
        "slep_sostenedor": null,
        "slep_procedencia": "sin_dato"
      },
      "geometry": {
        "type": "Point",
        "coordinates": [
          -71.56588,
          -33.11129
        ]
      }
    },
    {
      "type": "Feature",
      "properties": {
        "id_estab": "1526",
        "nombre": "ESCUELA REPUBLICA DEL PARAGUAY",
        "cod_comuna": "5101",
        "comuna": "VALPARAÍSO",
        "origen": 1,
        "tipo_estab": 4,
        "tipo_glosa": "Escuela Servicio Local de Educacion",
        "matricula_total": 20,
        "mat_sala_cuna": 0,
        "mat_medio": 0,
        "mat_transicion": 20,
        "slep_sostenedor": "Valparaíso",
        "slep_procedencia": "declarada_2025"
      },
      "geometry": {
        "type": "Point",
        "coordinates": [
          -71.588287,
          -33.044449
        ]
      }
    },
    {
      "type": "Feature",
      "properties": {
        "id_estab": "40132",
        "nombre": "JARDIN INFANTIL SNOOPY",
        "cod_comuna": "5101",
        "comuna": "VALPARAÍSO",
        "origen": 1,
        "tipo_estab": 2,
        "tipo_glosa": "Escuela Particular Subvencionado",
        "matricula_total": 63,
        "mat_sala_cuna": 0,
        "mat_medio": 15,
        "mat_transicion": 48,
        "slep_sostenedor": null,
        "slep_procedencia": "sin_dato"
      },
      "geometry": {
        "type": "Point",
        "coordinates": [
          -71.595215,
          -33.036777
        ]
      }
    },
    {
      "type": "Feature",
      "properties": {
        "id_estab": "40010",
        "nombre": "ESCUELA ESPECIAL SANTA TERESITA",
        "cod_comuna": "5101",
        "comuna": "VALPARAÍSO",
        "origen": 1,
        "tipo_estab": 2,
        "tipo_glosa": "Escuela Particular Subvencionado",
        "matricula_total": 59,
        "mat_sala_cuna": 0,
        "mat_medio": 36,
        "mat_transicion": 23,
        "slep_sostenedor": null,
        "slep_procedencia": "sin_dato"
      },
      "geometry": {
        "type": "Point",
        "coordinates": [
          -71.61911,
          -33.049053
        ]
      }
    },
    {
      "type": "Feature",
      "properties": {
        "id_estab": "1534",
        "nombre": "ESCUELA REPUBLICA DEL URUGUAY",
        "cod_comuna": "5101",
        "comuna": "VALPARAÍSO",
        "origen": 1,
        "tipo_estab": 4,
        "tipo_glosa": "Escuela Servicio Local de Educacion",
        "matricula_total": 75,
        "mat_sala_cuna": 0,
        "mat_medio": 0,
        "mat_transicion": 75,
        "slep_sostenedor": "Valparaíso",
        "slep_procedencia": "declarada_2025"
      },
      "geometry": {
        "type": "Point",
        "coordinates": [
          -71.60331,
          -33.04628
        ]
      }
    },
    {
      "type": "Feature",
      "properties": {
        "id_estab": "1538",
        "nombre": "ESCUELA JUAN JOSE LATORRE B",
        "cod_comuna": "5101",
        "comuna": "VALPARAÍSO",
        "origen": 1,
        "tipo_estab": 4,
        "tipo_glosa": "Escuela Servicio Local de Educacion",
        "matricula_total": 20,
        "mat_sala_cuna": 0,
        "mat_medio": 0,
        "mat_transicion": 20,
        "slep_sostenedor": "Valparaíso",
        "slep_procedencia": "declarada_2025"
      },
      "geometry": {
        "type": "Point",
        "coordinates": [
          -71.592773,
          -33.06065
        ]
      }
    },
    {
      "type": "Feature",
      "properties": {
        "id_estab": "1638",
        "nombre": "SCUOLA ITALIANA ARTURO DELL´ORO",
        "cod_comuna": "5101",
        "comuna": "VALPARAÍSO",
        "origen": 1,
        "tipo_estab": 3,
        "tipo_glosa": "Escuela Particular Pagado",
        "matricula_total": 76,
        "mat_sala_cuna": 0,
        "mat_medio": 12,
        "mat_transicion": 64,
        "slep_sostenedor": null,
        "slep_procedencia": "sin_dato"
      },
      "geometry": {
        "type": "Point",
        "coordinates": [
          -71.61035,
          -33.047158
        ]
      }
    },
    {
      "type": "Feature",
      "properties": {
        "id_estab": "1517",
        "nombre": "LICEO MATILDE BRANDAU DE ROSS",
        "cod_comuna": "5101",
        "comuna": "VALPARAÍSO",
        "origen": 1,
        "tipo_estab": 4,
        "tipo_glosa": "Escuela Servicio Local de Educacion",
        "matricula_total": 27,
        "mat_sala_cuna": 0,
        "mat_medio": 0,
        "mat_transicion": 27,
        "slep_sostenedor": "Valparaíso",
        "slep_procedencia": "declarada_2025"
      },
      "geometry": {
        "type": "Point",
        "coordinates": [
          -71.616737,
          -33.044701
        ]
      }
    },
    {
      "type": "Feature",
      "properties": {
        "id_estab": "14916",
        "nombre": "ESCUELA DE PARVULOS PARAISO",
        "cod_comuna": "5101",
        "comuna": "VALPARAÍSO",
        "origen": 1,
        "tipo_estab": 2,
        "tipo_glosa": "Escuela Particular Subvencionado",
        "matricula_total": 39,
        "mat_sala_cuna": 0,
        "mat_medio": 0,
        "mat_transicion": 39,
        "slep_sostenedor": null,
        "slep_procedencia": "sin_dato"
      },
      "geometry": {
        "type": "Point",
        "coordinates": [
          -71.59008,
          -33.038536
        ]
      }
    },
    {
      "type": "Feature",
      "properties": {
        "id_estab": "1650",
        "nombre": "COL. PART. CONSTANCIO VIGIL",
        "cod_comuna": "5101",
        "comuna": "VALPARAÍSO",
        "origen": 1,
        "tipo_estab": 2,
        "tipo_glosa": "Escuela Particular Subvencionado",
        "matricula_total": 21,
        "mat_sala_cuna": 0,
        "mat_medio": 0,
        "mat_transicion": 21,
        "slep_sostenedor": null,
        "slep_procedencia": "sin_dato"
      },
      "geometry": {
        "type": "Point",
        "coordinates": [
          -71.633141,
          -33.042221
        ]
      }
    },
    {
      "type": "Feature",
      "properties": {
        "id_estab": "14550",
        "nombre": "ESCUELA DE PARVULOS TIA XIMENA",
        "cod_comuna": "5101",
        "comuna": "VALPARAÍSO",
        "origen": 1,
        "tipo_estab": 2,
        "tipo_glosa": "Escuela Particular Subvencionado",
        "matricula_total": 26,
        "mat_sala_cuna": 0,
        "mat_medio": 0,
        "mat_transicion": 26,
        "slep_sostenedor": null,
        "slep_procedencia": "sin_dato"
      },
      "geometry": {
        "type": "Point",
        "coordinates": [
          -71.64032,
          -33.0322
        ]
      }
    },
    {
      "type": "Feature",
      "properties": {
        "id_estab": "1629",
        "nombre": "COLEGIO INTERNACIONAL",
        "cod_comuna": "5101",
        "comuna": "VALPARAÍSO",
        "origen": 1,
        "tipo_estab": 3,
        "tipo_glosa": "Escuela Particular Pagado",
        "matricula_total": 13,
        "mat_sala_cuna": 0,
        "mat_medio": 0,
        "mat_transicion": 13,
        "slep_sostenedor": null,
        "slep_procedencia": "sin_dato"
      },
      "geometry": {
        "type": "Point",
        "coordinates": [
          -71.63185,
          -33.046973
        ]
      }
    },
    {
      "type": "Feature",
      "properties": {
        "id_estab": "16964",
        "nombre": "ESCUELA ESPECIAL DE LENGUAJE PALABRITA",
        "cod_comuna": "5101",
        "comuna": "VALPARAÍSO",
        "origen": 1,
        "tipo_estab": 2,
        "tipo_glosa": "Escuela Particular Subvencionado",
        "matricula_total": 42,
        "mat_sala_cuna": 0,
        "mat_medio": 15,
        "mat_transicion": 27,
        "slep_sostenedor": null,
        "slep_procedencia": "sin_dato"
      },
      "geometry": {
        "type": "Point",
        "coordinates": [
          -71.58599,
          -33.03245
        ]
      }
    },
    {
      "type": "Feature",
      "properties": {
        "id_estab": "14764",
        "nombre": "COLEGIO UMBRAL DE CURAUMA",
        "cod_comuna": "5101",
        "comuna": "VALPARAÍSO",
        "origen": 1,
        "tipo_estab": 3,
        "tipo_glosa": "Escuela Particular Pagado",
        "matricula_total": 27,
        "mat_sala_cuna": 0,
        "mat_medio": 0,
        "mat_transicion": 27,
        "slep_sostenedor": null,
        "slep_procedencia": "sin_dato"
      },
      "geometry": {
        "type": "Point",
        "coordinates": [
          -71.579178,
          -33.118029
        ]
      }
    },
    {
      "type": "Feature",
      "properties": {
        "id_estab": "1523",
        "nombre": "ESCUELA NACIONES UNIDAS",
        "cod_comuna": "5101",
        "comuna": "VALPARAÍSO",
        "origen": 1,
        "tipo_estab": 4,
        "tipo_glosa": "Escuela Servicio Local de Educacion",
        "matricula_total": 56,
        "mat_sala_cuna": 0,
        "mat_medio": 0,
        "mat_transicion": 56,
        "slep_sostenedor": "Valparaíso",
        "slep_procedencia": "declarada_2025"
      },
      "geometry": {
        "type": "Point",
        "coordinates": [
          -71.650284,
          -33.048199
        ]
      }
    },
    {
      "type": "Feature",
      "properties": {
        "id_estab": "1619",
        "nombre": "COLEGIO PARTICULAR JUNIOR SCHOOL 2",
        "cod_comuna": "5101",
        "comuna": "VALPARAÍSO",
        "origen": 1,
        "tipo_estab": 2,
        "tipo_glosa": "Escuela Particular Subvencionado",
        "matricula_total": 17,
        "mat_sala_cuna": 0,
        "mat_medio": 0,
        "mat_transicion": 17,
        "slep_sostenedor": null,
        "slep_procedencia": "sin_dato"
      },
      "geometry": {
        "type": "Point",
        "coordinates": [
          -71.652168,
          -33.051449
        ]
      }
    },
    {
      "type": "Feature",
      "properties": {
        "id_estab": "1518",
        "nombre": "LICEO MARIA LUISA BOMBAL",
        "cod_comuna": "5101",
        "comuna": "VALPARAÍSO",
        "origen": 1,
        "tipo_estab": 4,
        "tipo_glosa": "Escuela Servicio Local de Educacion",
        "matricula_total": 11,
        "mat_sala_cuna": 0,
        "mat_medio": 0,
        "mat_transicion": 11,
        "slep_sostenedor": "Valparaíso",
        "slep_procedencia": "declarada_2025"
      },
      "geometry": {
        "type": "Point",
        "coordinates": [
          -71.635307,
          -33.026878
        ]
      }
    },
    {
      "type": "Feature",
      "properties": {
        "id_estab": "14364",
        "nombre": "COLEGIO JORGE WILLIAMS",
        "cod_comuna": "5101",
        "comuna": "VALPARAÍSO",
        "origen": 1,
        "tipo_estab": 2,
        "tipo_glosa": "Escuela Particular Subvencionado",
        "matricula_total": 11,
        "mat_sala_cuna": 0,
        "mat_medio": 0,
        "mat_transicion": 11,
        "slep_sostenedor": null,
        "slep_procedencia": "sin_dato"
      },
      "geometry": {
        "type": "Point",
        "coordinates": [
          -71.563812,
          -33.053619
        ]
      }
    },
    {
      "type": "Feature",
      "properties": {
        "id_estab": "1567",
        "nombre": "ESCUELA BASICA DAVID BEN GURION",
        "cod_comuna": "5101",
        "comuna": "VALPARAÍSO",
        "origen": 1,
        "tipo_estab": 4,
        "tipo_glosa": "Escuela Servicio Local de Educacion",
        "matricula_total": 12,
        "mat_sala_cuna": 0,
        "mat_medio": 0,
        "mat_transicion": 12,
        "slep_sostenedor": "Valparaíso",
        "slep_procedencia": "declarada_2025"
      },
      "geometry": {
        "type": "Point",
        "coordinates": [
          -71.607597,
          -33.05761
        ]
      }
    },
    {
      "type": "Feature",
      "properties": {
        "id_estab": "40083",
        "nombre": "ESCUELA ESPECIAL DE LENGUAJE NAHUEL",
        "cod_comuna": "5101",
        "comuna": "VALPARAÍSO",
        "origen": 1,
        "tipo_estab": 2,
        "tipo_glosa": "Escuela Particular Subvencionado",
        "matricula_total": 83,
        "mat_sala_cuna": 0,
        "mat_medio": 24,
        "mat_transicion": 59,
        "slep_sostenedor": null,
        "slep_procedencia": "sin_dato"
      },
      "geometry": {
        "type": "Point",
        "coordinates": [
          -71.650263,
          -33.052978
        ]
      }
    },
    {
      "type": "Feature",
      "properties": {
        "id_estab": "14247",
        "nombre": "COLLEGE SAINT ANDRE",
        "cod_comuna": "5101",
        "comuna": "VALPARAÍSO",
        "origen": 1,
        "tipo_estab": 3,
        "tipo_glosa": "Escuela Particular Pagado",
        "matricula_total": 8,
        "mat_sala_cuna": 0,
        "mat_medio": 0,
        "mat_transicion": 8,
        "slep_sostenedor": null,
        "slep_procedencia": "sin_dato"
      },
      "geometry": {
        "type": "Point",
        "coordinates": [
          -71.63751,
          -33.02915
        ]
      }
    },
    {
      "type": "Feature",
      "properties": {
        "id_estab": "1536",
        "nombre": "ESCUELA AMERICA",
        "cod_comuna": "5101",
        "comuna": "VALPARAÍSO",
        "origen": 1,
        "tipo_estab": 4,
        "tipo_glosa": "Escuela Servicio Local de Educacion",
        "matricula_total": 37,
        "mat_sala_cuna": 0,
        "mat_medio": 0,
        "mat_transicion": 37,
        "slep_sostenedor": "Valparaíso",
        "slep_procedencia": "declarada_2025"
      },
      "geometry": {
        "type": "Point",
        "coordinates": [
          -71.646133,
          -33.04015
        ]
      }
    },
    {
      "type": "Feature",
      "properties": {
        "id_estab": "14315",
        "nombre": "COLEGIO VICTOR ANTONIO",
        "cod_comuna": "5101",
        "comuna": "VALPARAÍSO",
        "origen": 1,
        "tipo_estab": 2,
        "tipo_glosa": "Escuela Particular Subvencionado",
        "matricula_total": 11,
        "mat_sala_cuna": 0,
        "mat_medio": 0,
        "mat_transicion": 11,
        "slep_sostenedor": null,
        "slep_procedencia": "sin_dato"
      },
      "geometry": {
        "type": "Point",
        "coordinates": [
          -71.639236,
          -33.030869
        ]
      }
    },
    {
      "type": "Feature",
      "properties": {
        "id_estab": "1587",
        "nombre": "COLEGIO MARIA AUXILIADORA",
        "cod_comuna": "5101",
        "comuna": "VALPARAÍSO",
        "origen": 1,
        "tipo_estab": 2,
        "tipo_glosa": "Escuela Particular Subvencionado",
        "matricula_total": 43,
        "mat_sala_cuna": 0,
        "mat_medio": 0,
        "mat_transicion": 43,
        "slep_sostenedor": null,
        "slep_procedencia": "sin_dato"
      },
      "geometry": {
        "type": "Point",
        "coordinates": [
          -71.637894,
          -33.031281
        ]
      }
    },
    {
      "type": "Feature",
      "properties": {
        "id_estab": "1657",
        "nombre": "COLEGIO PRESB. DAVID TRUMBULL",
        "cod_comuna": "5101",
        "comuna": "VALPARAÍSO",
        "origen": 1,
        "tipo_estab": 2,
        "tipo_glosa": "Escuela Particular Subvencionado",
        "matricula_total": 45,
        "mat_sala_cuna": 0,
        "mat_medio": 0,
        "mat_transicion": 45,
        "slep_sostenedor": null,
        "slep_procedencia": "sin_dato"
      },
      "geometry": {
        "type": "Point",
        "coordinates": [
          -71.625282,
          -33.048954
        ]
      }
    },
    {
      "type": "Feature",
      "properties": {
        "id_estab": "16906",
        "nombre": "CURAUMA LANGUAGE SCHOOL, ESC. ESP. DE LENG. Y DE PARV",
        "cod_comuna": "5101",
        "comuna": "VALPARAÍSO",
        "origen": 1,
        "tipo_estab": 2,
        "tipo_glosa": "Escuela Particular Subvencionado",
        "matricula_total": 52,
        "mat_sala_cuna": 0,
        "mat_medio": 0,
        "mat_transicion": 52,
        "slep_sostenedor": null,
        "slep_procedencia": "sin_dato"
      },
      "geometry": {
        "type": "Point",
        "coordinates": [
          -71.573357,
          -33.116081
        ]
      }
    },
    {
      "type": "Feature",
      "properties": {
        "id_estab": "1556",
        "nombre": "ESCUELA ELEUTERIO RAMIREZ",
        "cod_comuna": "5101",
        "comuna": "VALPARAÍSO",
        "origen": 1,
        "tipo_estab": 4,
        "tipo_glosa": "Escuela Servicio Local de Educacion",
        "matricula_total": 6,
        "mat_sala_cuna": 0,
        "mat_medio": 0,
        "mat_transicion": 6,
        "slep_sostenedor": "Valparaíso",
        "slep_procedencia": "declarada_2025"
      },
      "geometry": {
        "type": "Point",
        "coordinates": [
          -71.593338,
          -33.067539
        ]
      }
    },
    {
      "type": "Feature",
      "properties": {
        "id_estab": "1548",
        "nombre": "ESCUELA DIEGO PORTALES PALAZUELOS",
        "cod_comuna": "5101",
        "comuna": "VALPARAÍSO",
        "origen": 1,
        "tipo_estab": 4,
        "tipo_glosa": "Escuela Servicio Local de Educacion",
        "matricula_total": 13,
        "mat_sala_cuna": 0,
        "mat_medio": 0,
        "mat_transicion": 13,
        "slep_sostenedor": "Valparaíso",
        "slep_procedencia": "declarada_2025"
      },
      "geometry": {
        "type": "Point",
        "coordinates": [
          -71.640457,
          -33.026009
        ]
      }
    },
    {
      "type": "Feature",
      "properties": {
        "id_estab": "1579",
        "nombre": "LICEO SANTA TERESA",
        "cod_comuna": "5101",
        "comuna": "VALPARAÍSO",
        "origen": 1,
        "tipo_estab": 2,
        "tipo_glosa": "Escuela Particular Subvencionado",
        "matricula_total": 19,
        "mat_sala_cuna": 0,
        "mat_medio": 0,
        "mat_transicion": 19,
        "slep_sostenedor": null,
        "slep_procedencia": "sin_dato"
      },
      "geometry": {
        "type": "Point",
        "coordinates": [
          -71.625504,
          -33.051941
        ]
      }
    },
    {
      "type": "Feature",
      "properties": {
        "id_estab": "40261",
        "nombre": "ESCUELA ESPECIAL DE LENGUAJE KEWEN",
        "cod_comuna": "5101",
        "comuna": "VALPARAÍSO",
        "origen": 1,
        "tipo_estab": 2,
        "tipo_glosa": "Escuela Particular Subvencionado",
        "matricula_total": 112,
        "mat_sala_cuna": 0,
        "mat_medio": 59,
        "mat_transicion": 53,
        "slep_sostenedor": null,
        "slep_procedencia": "sin_dato"
      },
      "geometry": {
        "type": "Point",
        "coordinates": [
          -71.635376,
          -33.034294
        ]
      }
    },
    {
      "type": "Feature",
      "properties": {
        "id_estab": "1557",
        "nombre": "ESCUELA VILLA BERLIN",
        "cod_comuna": "5101",
        "comuna": "VALPARAÍSO",
        "origen": 1,
        "tipo_estab": 4,
        "tipo_glosa": "Escuela Servicio Local de Educacion",
        "matricula_total": 20,
        "mat_sala_cuna": 0,
        "mat_medio": 0,
        "mat_transicion": 20,
        "slep_sostenedor": "Valparaíso",
        "slep_procedencia": "declarada_2025"
      },
      "geometry": {
        "type": "Point",
        "coordinates": [
          -71.577209,
          -33.044701
        ]
      }
    },
    {
      "type": "Feature",
      "properties": {
        "id_estab": "40378",
        "nombre": "ESC.ESPEC.DE LENGUAJE EDUCATEL PLACERES",
        "cod_comuna": "5101",
        "comuna": "VALPARAÍSO",
        "origen": 1,
        "tipo_estab": 2,
        "tipo_glosa": "Escuela Particular Subvencionado",
        "matricula_total": 75,
        "mat_sala_cuna": 0,
        "mat_medio": 31,
        "mat_transicion": 44,
        "slep_sostenedor": null,
        "slep_procedencia": "sin_dato"
      },
      "geometry": {
        "type": "Point",
        "coordinates": [
          -71.589149,
          -33.043407
        ]
      }
    },
    {
      "type": "Feature",
      "properties": {
        "id_estab": "1588",
        "nombre": "COLEGIO NTRA.SRA.DE LA MISERICORDIA",
        "cod_comuna": "5101",
        "comuna": "VALPARAÍSO",
        "origen": 1,
        "tipo_estab": 2,
        "tipo_glosa": "Escuela Particular Subvencionado",
        "matricula_total": 58,
        "mat_sala_cuna": 0,
        "mat_medio": 0,
        "mat_transicion": 58,
        "slep_sostenedor": null,
        "slep_procedencia": "sin_dato"
      },
      "geometry": {
        "type": "Point",
        "coordinates": [
          -71.632553,
          -33.044849
        ]
      }
    },
    {
      "type": "Feature",
      "properties": {
        "id_estab": "16791",
        "nombre": "ESC. ESP. DE LENGUAJE CUMBRES DE PLACILLA",
        "cod_comuna": "5101",
        "comuna": "VALPARAÍSO",
        "origen": 1,
        "tipo_estab": 2,
        "tipo_glosa": "Escuela Particular Subvencionado",
        "matricula_total": 106,
        "mat_sala_cuna": 0,
        "mat_medio": 53,
        "mat_transicion": 53,
        "slep_sostenedor": null,
        "slep_procedencia": "sin_dato"
      },
      "geometry": {
        "type": "Point",
        "coordinates": [
          -71.55972,
          -33.114
        ]
      }
    },
    {
      "type": "Feature",
      "properties": {
        "id_estab": "40085",
        "nombre": "ESC.ESPECIAL DE LENGUAJE ANTILLANKA",
        "cod_comuna": "5101",
        "comuna": "VALPARAÍSO",
        "origen": 1,
        "tipo_estab": 2,
        "tipo_glosa": "Escuela Particular Subvencionado",
        "matricula_total": 56,
        "mat_sala_cuna": 0,
        "mat_medio": 24,
        "mat_transicion": 32,
        "slep_sostenedor": null,
        "slep_procedencia": "sin_dato"
      },
      "geometry": {
        "type": "Point",
        "coordinates": [
          -71.56899,
          -33.065094
        ]
      }
    },
    {
      "type": "Feature",
      "properties": {
        "id_estab": "1550",
        "nombre": "ESCUELA PACIFICO",
        "cod_comuna": "5101",
        "comuna": "VALPARAÍSO",
        "origen": 1,
        "tipo_estab": 4,
        "tipo_glosa": "Escuela Servicio Local de Educacion",
        "matricula_total": 14,
        "mat_sala_cuna": 0,
        "mat_medio": 0,
        "mat_transicion": 14,
        "slep_sostenedor": "Valparaíso",
        "slep_procedencia": "declarada_2025"
      },
      "geometry": {
        "type": "Point",
        "coordinates": [
          -71.648697,
          -33.028709
        ]
      }
    },
    {
      "type": "Feature",
      "properties": {
        "id_estab": "1602",
        "nombre": "COLEGIO ESPERANZA",
        "cod_comuna": "5101",
        "comuna": "VALPARAÍSO",
        "origen": 1,
        "tipo_estab": 2,
        "tipo_glosa": "Escuela Particular Subvencionado",
        "matricula_total": 25,
        "mat_sala_cuna": 0,
        "mat_medio": 0,
        "mat_transicion": 25,
        "slep_sostenedor": null,
        "slep_procedencia": "sin_dato"
      },
      "geometry": {
        "type": "Point",
        "coordinates": [
          -71.58551,
          -33.0327
        ]
      }
    },
    {
      "type": "Feature",
      "properties": {
        "id_estab": "1635",
        "nombre": "COLEGIO AGUSTIN EDWARDS",
        "cod_comuna": "5101",
        "comuna": "VALPARAÍSO",
        "origen": 1,
        "tipo_estab": 2,
        "tipo_glosa": "Escuela Particular Subvencionado",
        "matricula_total": 18,
        "mat_sala_cuna": 0,
        "mat_medio": 0,
        "mat_transicion": 18,
        "slep_sostenedor": null,
        "slep_procedencia": "sin_dato"
      },
      "geometry": {
        "type": "Point",
        "coordinates": [
          -71.618813,
          -33.047581
        ]
      }
    },
    {
      "type": "Feature",
      "properties": {
        "id_estab": "1568",
        "nombre": "ESCUELA REPUBLICA ARGENTINA",
        "cod_comuna": "5101",
        "comuna": "VALPARAÍSO",
        "origen": 1,
        "tipo_estab": 4,
        "tipo_glosa": "Escuela Servicio Local de Educacion",
        "matricula_total": 21,
        "mat_sala_cuna": 0,
        "mat_medio": 0,
        "mat_transicion": 21,
        "slep_sostenedor": "Valparaíso",
        "slep_procedencia": "declarada_2025"
      },
      "geometry": {
        "type": "Point",
        "coordinates": [
          -71.626617,
          -33.044971
        ]
      }
    },
    {
      "type": "Feature",
      "properties": {
        "id_estab": "14499",
        "nombre": "ESCUELA DE PARVULOS SOL Y LUNA",
        "cod_comuna": "5101",
        "comuna": "VALPARAÍSO",
        "origen": 1,
        "tipo_estab": 2,
        "tipo_glosa": "Escuela Particular Subvencionado",
        "matricula_total": 42,
        "mat_sala_cuna": 0,
        "mat_medio": 0,
        "mat_transicion": 42,
        "slep_sostenedor": null,
        "slep_procedencia": "sin_dato"
      },
      "geometry": {
        "type": "Point",
        "coordinates": [
          -71.64893,
          -33.044468
        ]
      }
    },
    {
      "type": "Feature",
      "properties": {
        "id_estab": "20497",
        "nombre": "ESCUELA ESPECIAL DE LENGUAJE MANDALA",
        "cod_comuna": "5101",
        "comuna": "VALPARAÍSO",
        "origen": 1,
        "tipo_estab": 2,
        "tipo_glosa": "Escuela Particular Subvencionado",
        "matricula_total": 46,
        "mat_sala_cuna": 0,
        "mat_medio": 21,
        "mat_transicion": 25,
        "slep_sostenedor": null,
        "slep_procedencia": "sin_dato"
      },
      "geometry": {
        "type": "Point",
        "coordinates": [
          -71.56791,
          -33.11742
        ]
      }
    },
    {
      "type": "Feature",
      "properties": {
        "id_estab": "1634",
        "nombre": "SEMINARIO SAN RAFAEL",
        "cod_comuna": "5101",
        "comuna": "VALPARAÍSO",
        "origen": 1,
        "tipo_estab": 3,
        "tipo_glosa": "Escuela Particular Pagado",
        "matricula_total": 55,
        "mat_sala_cuna": 0,
        "mat_medio": 0,
        "mat_transicion": 55,
        "slep_sostenedor": null,
        "slep_procedencia": "sin_dato"
      },
      "geometry": {
        "type": "Point",
        "coordinates": [
          -71.60236,
          -33.054097
        ]
      }
    },
    {
      "type": "Feature",
      "properties": {
        "id_estab": "1547",
        "nombre": "ESCUELA CARABINERO PEDRO A. CARIAGA M.",
        "cod_comuna": "5101",
        "comuna": "VALPARAÍSO",
        "origen": 1,
        "tipo_estab": 4,
        "tipo_glosa": "Escuela Servicio Local de Educacion",
        "matricula_total": 11,
        "mat_sala_cuna": 0,
        "mat_medio": 0,
        "mat_transicion": 11,
        "slep_sostenedor": "Valparaíso",
        "slep_procedencia": "declarada_2025"
      },
      "geometry": {
        "type": "Point",
        "coordinates": [
          -71.652206,
          -33.040691
        ]
      }
    },
    {
      "type": "Feature",
      "properties": {
        "id_estab": "1621",
        "nombre": "LICEO MIXTO JOSE MIGUEL CARRERA",
        "cod_comuna": "5101",
        "comuna": "VALPARAÍSO",
        "origen": 1,
        "tipo_estab": 2,
        "tipo_glosa": "Escuela Particular Subvencionado",
        "matricula_total": 33,
        "mat_sala_cuna": 0,
        "mat_medio": 0,
        "mat_transicion": 33,
        "slep_sostenedor": null,
        "slep_procedencia": "sin_dato"
      },
      "geometry": {
        "type": "Point",
        "coordinates": [
          -71.565857,
          -33.11779
        ]
      }
    },
    {
      "type": "Feature",
      "properties": {
        "id_estab": "1653",
        "nombre": "COLEGIO SAN VICENTE",
        "cod_comuna": "5101",
        "comuna": "VALPARAÍSO",
        "origen": 1,
        "tipo_estab": 2,
        "tipo_glosa": "Escuela Particular Subvencionado",
        "matricula_total": 32,
        "mat_sala_cuna": 0,
        "mat_medio": 0,
        "mat_transicion": 32,
        "slep_sostenedor": null,
        "slep_procedencia": "sin_dato"
      },
      "geometry": {
        "type": "Point",
        "coordinates": [
          -71.635643,
          -33.031681
        ]
      }
    },
    {
      "type": "Feature",
      "properties": {
        "id_estab": "5101020",
        "nombre": "COLMENITA",
        "cod_comuna": "5101",
        "comuna": "VALPARAÍSO",
        "origen": 2,
        "tipo_estab": 6,
        "tipo_glosa": "JUNJI VTF",
        "matricula_total": 53,
        "mat_sala_cuna": 21,
        "mat_medio": 22,
        "mat_transicion": 10,
        "slep_sostenedor": null,
        "slep_procedencia": "sin_dato"
      },
      "geometry": {
        "type": "Point",
        "coordinates": [
          -71.640939,
          -33.02452
        ]
      }
    },
    {
      "type": "Feature",
      "properties": {
        "id_estab": "1511",
        "nombre": "CENTRO EDUCATIVO REINO DE SUECIA",
        "cod_comuna": "5101",
        "comuna": "VALPARAÍSO",
        "origen": 1,
        "tipo_estab": 4,
        "tipo_glosa": "Escuela Servicio Local de Educacion",
        "matricula_total": 4,
        "mat_sala_cuna": 0,
        "mat_medio": 0,
        "mat_transicion": 4,
        "slep_sostenedor": "Valparaíso",
        "slep_procedencia": "declarada_2025"
      },
      "geometry": {
        "type": "Point",
        "coordinates": [
          -71.645813,
          -33.031101
        ]
      }
    },
    {
      "type": "Feature",
      "properties": {
        "id_estab": "12175",
        "nombre": "ESCUELA PARTICULAR MARIANO LATORRE",
        "cod_comuna": "5101",
        "comuna": "VALPARAÍSO",
        "origen": 1,
        "tipo_estab": 2,
        "tipo_glosa": "Escuela Particular Subvencionado",
        "matricula_total": 13,
        "mat_sala_cuna": 0,
        "mat_medio": 0,
        "mat_transicion": 13,
        "slep_sostenedor": null,
        "slep_procedencia": "sin_dato"
      },
      "geometry": {
        "type": "Point",
        "coordinates": [
          -71.653343,
          -33.030941
        ]
      }
    },
    {
      "type": "Feature",
      "properties": {
        "id_estab": "1521",
        "nombre": "LICEO DE NINAS MARIA FRANCK DE MACDOUGAL",
        "cod_comuna": "5101",
        "comuna": "VALPARAÍSO",
        "origen": 1,
        "tipo_estab": 4,
        "tipo_glosa": "Escuela Servicio Local de Educacion",
        "matricula_total": 18,
        "mat_sala_cuna": 0,
        "mat_medio": 0,
        "mat_transicion": 18,
        "slep_sostenedor": "Valparaíso",
        "slep_procedencia": "declarada_2025"
      },
      "geometry": {
        "type": "Point",
        "coordinates": [
          -71.602379,
          -33.049641
        ]
      }
    },
    {
      "type": "Feature",
      "properties": {
        "id_estab": "11217",
        "nombre": "COLEGIO SAINT THOMAS",
        "cod_comuna": "5101",
        "comuna": "VALPARAÍSO",
        "origen": 1,
        "tipo_estab": 2,
        "tipo_glosa": "Escuela Particular Subvencionado",
        "matricula_total": 7,
        "mat_sala_cuna": 0,
        "mat_medio": 0,
        "mat_transicion": 7,
        "slep_sostenedor": null,
        "slep_procedencia": "sin_dato"
      },
      "geometry": {
        "type": "Point",
        "coordinates": [
          -71.63842,
          -33.033661
        ]
      }
    },
    {
      "type": "Feature",
      "properties": {
        "id_estab": "40125",
        "nombre": "COLEGIO PUMAHUE",
        "cod_comuna": "5101",
        "comuna": "VALPARAÍSO",
        "origen": 1,
        "tipo_estab": 3,
        "tipo_glosa": "Escuela Particular Pagado",
        "matricula_total": 183,
        "mat_sala_cuna": 0,
        "mat_medio": 69,
        "mat_transicion": 114,
        "slep_sostenedor": null,
        "slep_procedencia": "sin_dato"
      },
      "geometry": {
        "type": "Point",
        "coordinates": [
          -71.565181,
          -33.137332
        ]
      }
    },
    {
      "type": "Feature",
      "properties": {
        "id_estab": "1506",
        "nombre": "CENTRO EDUCATIVO FLORIDA",
        "cod_comuna": "5101",
        "comuna": "VALPARAÍSO",
        "origen": 1,
        "tipo_estab": 4,
        "tipo_glosa": "Escuela Servicio Local de Educacion",
        "matricula_total": 23,
        "mat_sala_cuna": 0,
        "mat_medio": 0,
        "mat_transicion": 23,
        "slep_sostenedor": "Valparaíso",
        "slep_procedencia": "declarada_2025"
      },
      "geometry": {
        "type": "Point",
        "coordinates": [
          -71.621674,
          -33.054611
        ]
      }
    },
    {
      "type": "Feature",
      "properties": {
        "id_estab": "1563",
        "nombre": "ESCUELA JUAN WACQUEZ MOURFIN",
        "cod_comuna": "5101",
        "comuna": "VALPARAÍSO",
        "origen": 1,
        "tipo_estab": 4,
        "tipo_glosa": "Escuela Servicio Local de Educacion",
        "matricula_total": 9,
        "mat_sala_cuna": 0,
        "mat_medio": 0,
        "mat_transicion": 9,
        "slep_sostenedor": "Valparaíso",
        "slep_procedencia": "declarada_2025"
      },
      "geometry": {
        "type": "Point",
        "coordinates": [
          -71.598137,
          -33.064159
        ]
      }
    },
    {
      "type": "Feature",
      "properties": {
        "id_estab": "52318",
        "nombre": "ALICE GUY",
        "cod_comuna": "5101",
        "comuna": "VALPARAÍSO",
        "origen": 3,
        "tipo_estab": 7,
        "tipo_glosa": "INTEGRA Administracion Directa",
        "matricula_total": 113,
        "mat_sala_cuna": 40,
        "mat_medio": 73,
        "mat_transicion": 0,
        "slep_sostenedor": null,
        "slep_procedencia": "sin_dato"
      },
      "geometry": {
        "type": "Point",
        "coordinates": [
          -71.564136,
          -33.119653
        ]
      }
    },
    {
      "type": "Feature",
      "properties": {
        "id_estab": "14234",
        "nombre": "ESCUELA PART. LORENZO LUZURIAGA",
        "cod_comuna": "5101",
        "comuna": "VALPARAÍSO",
        "origen": 1,
        "tipo_estab": 2,
        "tipo_glosa": "Escuela Particular Subvencionado",
        "matricula_total": 11,
        "mat_sala_cuna": 0,
        "mat_medio": 0,
        "mat_transicion": 11,
        "slep_sostenedor": null,
        "slep_procedencia": "sin_dato"
      },
      "geometry": {
        "type": "Point",
        "coordinates": [
          -71.593689,
          -33.061119
        ]
      }
    },
    {
      "type": "Feature",
      "properties": {
        "id_estab": "1540",
        "nombre": "ESCUELA BLAS CUEVAS RAMON ALLENDE",
        "cod_comuna": "5101",
        "comuna": "VALPARAÍSO",
        "origen": 1,
        "tipo_estab": 4,
        "tipo_glosa": "Escuela Servicio Local de Educacion",
        "matricula_total": 15,
        "mat_sala_cuna": 0,
        "mat_medio": 0,
        "mat_transicion": 15,
        "slep_sostenedor": "Valparaíso",
        "slep_procedencia": "declarada_2025"
      },
      "geometry": {
        "type": "Point",
        "coordinates": [
          -71.634743,
          -33.039539
        ]
      }
    },
    {
      "type": "Feature",
      "properties": {
        "id_estab": "5101012",
        "nombre": "LUNA",
        "cod_comuna": "5101",
        "comuna": "VALPARAÍSO",
        "origen": 2,
        "tipo_estab": 6,
        "tipo_glosa": "JUNJI VTF",
        "matricula_total": 133,
        "mat_sala_cuna": 21,
        "mat_medio": 112,
        "mat_transicion": 0,
        "slep_sostenedor": null,
        "slep_procedencia": "sin_dato"
      },
      "geometry": {
        "type": "Point",
        "coordinates": [
          -71.622944,
          -33.055111
        ]
      }
    },
    {
      "type": "Feature",
      "properties": {
        "id_estab": "52315",
        "nombre": "HOSPITAL CARLOS VAN BUREN",
        "cod_comuna": "5101",
        "comuna": "VALPARAÍSO",
        "origen": 3,
        "tipo_estab": 7,
        "tipo_glosa": "INTEGRA Administracion Directa",
        "matricula_total": 50,
        "mat_sala_cuna": 36,
        "mat_medio": 12,
        "mat_transicion": 2,
        "slep_sostenedor": null,
        "slep_procedencia": "sin_dato"
      },
      "geometry": {
        "type": "Point",
        "coordinates": [
          -71.610977,
          -33.050234
        ]
      }
    },
    {
      "type": "Feature",
      "properties": {
        "id_estab": "1610",
        "nombre": "COLEGIO ALBERTO HURTADO SEGUNDO",
        "cod_comuna": "5101",
        "comuna": "VALPARAÍSO",
        "origen": 1,
        "tipo_estab": 2,
        "tipo_glosa": "Escuela Particular Subvencionado",
        "matricula_total": 21,
        "mat_sala_cuna": 0,
        "mat_medio": 0,
        "mat_transicion": 21,
        "slep_sostenedor": null,
        "slep_procedencia": "sin_dato"
      },
      "geometry": {
        "type": "Point",
        "coordinates": [
          -71.638809,
          -33.034149
        ]
      }
    },
    {
      "type": "Feature",
      "properties": {
        "id_estab": "52304",
        "nombre": "LOS LAGUNITOS",
        "cod_comuna": "5101",
        "comuna": "VALPARAÍSO",
        "origen": 3,
        "tipo_estab": 7,
        "tipo_glosa": "INTEGRA Administracion Directa",
        "matricula_total": 27,
        "mat_sala_cuna": 0,
        "mat_medio": 16,
        "mat_transicion": 11,
        "slep_sostenedor": null,
        "slep_procedencia": "sin_dato"
      },
      "geometry": {
        "type": "Point",
        "coordinates": [
          -71.662498,
          -33.101035
        ]
      }
    },
    {
      "type": "Feature",
      "properties": {
        "id_estab": "5101003",
        "nombre": "PULGARCITO",
        "cod_comuna": "5101",
        "comuna": "VALPARAÍSO",
        "origen": 2,
        "tipo_estab": 5,
        "tipo_glosa": "JUNJI Administracion Directa",
        "matricula_total": 116,
        "mat_sala_cuna": 39,
        "mat_medio": 77,
        "mat_transicion": 0,
        "slep_sostenedor": null,
        "slep_procedencia": "sin_dato"
      },
      "geometry": {
        "type": "Point",
        "coordinates": [
          -71.582679,
          -33.04539
        ]
      }
    },
    {
      "type": "Feature",
      "properties": {
        "id_estab": "5101024",
        "nombre": "TORTUGUITAS",
        "cod_comuna": "5101",
        "comuna": "VALPARAÍSO",
        "origen": 2,
        "tipo_estab": 6,
        "tipo_glosa": "JUNJI VTF",
        "matricula_total": 37,
        "mat_sala_cuna": 12,
        "mat_medio": 25,
        "mat_transicion": 0,
        "slep_sostenedor": "Valparaíso",
        "slep_procedencia": "declarada_2025"
      },
      "geometry": {
        "type": "Point",
        "coordinates": [
          -71.641082,
          -33.054859
        ]
      }
    },
    {
      "type": "Feature",
      "properties": {
        "id_estab": "5101014",
        "nombre": "PROVIDENCIA",
        "cod_comuna": "5101",
        "comuna": "VALPARAÍSO",
        "origen": 2,
        "tipo_estab": 6,
        "tipo_glosa": "JUNJI VTF",
        "matricula_total": 269,
        "mat_sala_cuna": 90,
        "mat_medio": 179,
        "mat_transicion": 0,
        "slep_sostenedor": null,
        "slep_procedencia": "sin_dato"
      },
      "geometry": {
        "type": "Point",
        "coordinates": [
          -71.607573,
          -33.052584
        ]
      }
    },
    {
      "type": "Feature",
      "properties": {
        "id_estab": "14678",
        "nombre": "ESCUELA JUAN DE SAAVEDRA",
        "cod_comuna": "5101",
        "comuna": "VALPARAÍSO",
        "origen": 1,
        "tipo_estab": 4,
        "tipo_glosa": "Escuela Servicio Local de Educacion",
        "matricula_total": 11,
        "mat_sala_cuna": 0,
        "mat_medio": 0,
        "mat_transicion": 11,
        "slep_sostenedor": "Valparaíso",
        "slep_procedencia": "declarada_2025"
      },
      "geometry": {
        "type": "Point",
        "coordinates": [
          -71.601929,
          -33.043129
        ]
      }
    },
    {
      "type": "Feature",
      "properties": {
        "id_estab": "1571",
        "nombre": "ESCUELA SAN JUDAS TADEO",
        "cod_comuna": "5101",
        "comuna": "VALPARAÍSO",
        "origen": 1,
        "tipo_estab": 4,
        "tipo_glosa": "Escuela Servicio Local de Educacion",
        "matricula_total": 4,
        "mat_sala_cuna": 0,
        "mat_medio": 0,
        "mat_transicion": 4,
        "slep_sostenedor": "Valparaíso",
        "slep_procedencia": "declarada_2025"
      },
      "geometry": {
        "type": "Point",
        "coordinates": [
          -71.629143,
          -33.05471
        ]
      }
    },
    {
      "type": "Feature",
      "properties": {
        "id_estab": "12311",
        "nombre": "CTRO ESTUDIOS CAPACITACION PARA SORDOS",
        "cod_comuna": "5101",
        "comuna": "VALPARAÍSO",
        "origen": 1,
        "tipo_estab": 2,
        "tipo_glosa": "Escuela Particular Subvencionado",
        "matricula_total": 3,
        "mat_sala_cuna": 0,
        "mat_medio": 0,
        "mat_transicion": 3,
        "slep_sostenedor": null,
        "slep_procedencia": "sin_dato"
      },
      "geometry": {
        "type": "Point",
        "coordinates": [
          -71.620374,
          -33.043853
        ]
      }
    },
    {
      "type": "Feature",
      "properties": {
        "id_estab": "5101013",
        "nombre": "RAMADITAS",
        "cod_comuna": "5101",
        "comuna": "VALPARAÍSO",
        "origen": 2,
        "tipo_estab": 6,
        "tipo_glosa": "JUNJI VTF",
        "matricula_total": 50,
        "mat_sala_cuna": 19,
        "mat_medio": 31,
        "mat_transicion": 0,
        "slep_sostenedor": null,
        "slep_procedencia": "sin_dato"
      },
      "geometry": {
        "type": "Point",
        "coordinates": [
          -71.598752,
          -33.054935
        ]
      }
    },
    {
      "type": "Feature",
      "properties": {
        "id_estab": "5101030",
        "nombre": "PEUMAYEN",
        "cod_comuna": "5101",
        "comuna": "VALPARAÍSO",
        "origen": 2,
        "tipo_estab": 6,
        "tipo_glosa": "JUNJI VTF",
        "matricula_total": 97,
        "mat_sala_cuna": 37,
        "mat_medio": 60,
        "mat_transicion": 0,
        "slep_sostenedor": null,
        "slep_procedencia": "sin_dato"
      },
      "geometry": {
        "type": "Point",
        "coordinates": [
          -71.557247,
          -33.061363
        ]
      }
    },
    {
      "type": "Feature",
      "properties": {
        "id_estab": "5101008",
        "nombre": "GOLONDRINA",
        "cod_comuna": "5101",
        "comuna": "VALPARAÍSO",
        "origen": 2,
        "tipo_estab": 5,
        "tipo_glosa": "JUNJI Administracion Directa",
        "matricula_total": 158,
        "mat_sala_cuna": 49,
        "mat_medio": 109,
        "mat_transicion": 0,
        "slep_sostenedor": null,
        "slep_procedencia": "sin_dato"
      },
      "geometry": {
        "type": "Point",
        "coordinates": [
          -71.653619,
          -33.032446
        ]
      }
    },
    {
      "type": "Feature",
      "properties": {
        "id_estab": "16992",
        "nombre": "ESC. ESP. DE LENG. TROMPITA DE COLORES",
        "cod_comuna": "5101",
        "comuna": "VALPARAÍSO",
        "origen": 1,
        "tipo_estab": 2,
        "tipo_glosa": "Escuela Particular Subvencionado",
        "matricula_total": 20,
        "mat_sala_cuna": 0,
        "mat_medio": 11,
        "mat_transicion": 9,
        "slep_sostenedor": null,
        "slep_procedencia": "sin_dato"
      },
      "geometry": {
        "type": "Point",
        "coordinates": [
          -71.60975,
          -33.06453
        ]
      }
    },
    {
      "type": "Feature",
      "properties": {
        "id_estab": "5101018",
        "nombre": "ESCUELA FLORIDA",
        "cod_comuna": "5101",
        "comuna": "VALPARAÍSO",
        "origen": 2,
        "tipo_estab": 6,
        "tipo_glosa": "JUNJI VTF",
        "matricula_total": 101,
        "mat_sala_cuna": 37,
        "mat_medio": 64,
        "mat_transicion": 0,
        "slep_sostenedor": "Valparaíso",
        "slep_procedencia": "declarada_2025"
      },
      "geometry": {
        "type": "Point",
        "coordinates": [
          -71.622092,
          -33.054675
        ]
      }
    },
    {
      "type": "Feature",
      "properties": {
        "id_estab": "52317",
        "nombre": "LAS TACITAS",
        "cod_comuna": "5101",
        "comuna": "VALPARAÍSO",
        "origen": 3,
        "tipo_estab": 7,
        "tipo_glosa": "INTEGRA Administracion Directa",
        "matricula_total": 95,
        "mat_sala_cuna": 40,
        "mat_medio": 55,
        "mat_transicion": 0,
        "slep_sostenedor": null,
        "slep_procedencia": "sin_dato"
      },
      "geometry": {
        "type": "Point",
        "coordinates": [
          -71.574383,
          -33.111704
        ]
      }
    },
    {
      "type": "Feature",
      "properties": {
        "id_estab": "5101019",
        "nombre": "CONEJITO BLANCO",
        "cod_comuna": "5101",
        "comuna": "VALPARAÍSO",
        "origen": 2,
        "tipo_estab": 6,
        "tipo_glosa": "JUNJI VTF",
        "matricula_total": 62,
        "mat_sala_cuna": 13,
        "mat_medio": 49,
        "mat_transicion": 0,
        "slep_sostenedor": null,
        "slep_procedencia": "sin_dato"
      },
      "geometry": {
        "type": "Point",
        "coordinates": [
          -71.61737,
          -33.048899
        ]
      }
    },
    {
      "type": "Feature",
      "properties": {
        "id_estab": "5101017",
        "nombre": "SAUCE DE LUZ",
        "cod_comuna": "5101",
        "comuna": "VALPARAÍSO",
        "origen": 2,
        "tipo_estab": 6,
        "tipo_glosa": "JUNJI VTF",
        "matricula_total": 146,
        "mat_sala_cuna": 58,
        "mat_medio": 88,
        "mat_transicion": 0,
        "slep_sostenedor": "Valparaíso",
        "slep_procedencia": "declarada_2025"
      },
      "geometry": {
        "type": "Point",
        "coordinates": [
          -71.570635,
          -33.113768
        ]
      }
    },
    {
      "type": "Feature",
      "properties": {
        "id_estab": "5101011",
        "nombre": "PETI MAHATU",
        "cod_comuna": "5101",
        "comuna": "VALPARAÍSO",
        "origen": 2,
        "tipo_estab": 5,
        "tipo_glosa": "JUNJI Administracion Directa",
        "matricula_total": 80,
        "mat_sala_cuna": 28,
        "mat_medio": 52,
        "mat_transicion": 0,
        "slep_sostenedor": null,
        "slep_procedencia": "sin_dato"
      },
      "geometry": {
        "type": "Point",
        "coordinates": [
          -71.561122,
          -33.057673
        ]
      }
    },
    {
      "type": "Feature",
      "properties": {
        "id_estab": "5101010",
        "nombre": "BURBUJITA",
        "cod_comuna": "5101",
        "comuna": "VALPARAÍSO",
        "origen": 2,
        "tipo_estab": 5,
        "tipo_glosa": "JUNJI Administracion Directa",
        "matricula_total": 171,
        "mat_sala_cuna": 64,
        "mat_medio": 107,
        "mat_transicion": 0,
        "slep_sostenedor": null,
        "slep_procedencia": "sin_dato"
      },
      "geometry": {
        "type": "Point",
        "coordinates": [
          -71.574179,
          -33.061834
        ]
      }
    },
    {
      "type": "Feature",
      "properties": {
        "id_estab": "5101035",
        "nombre": "KIMELTUWE",
        "cod_comuna": "5101",
        "comuna": "VALPARAÍSO",
        "origen": 2,
        "tipo_estab": 5,
        "tipo_glosa": "JUNJI Administracion Directa",
        "matricula_total": 30,
        "mat_sala_cuna": 8,
        "mat_medio": 22,
        "mat_transicion": 0,
        "slep_sostenedor": null,
        "slep_procedencia": "sin_dato"
      },
      "geometry": {
        "type": "Point",
        "coordinates": [
          -71.563024,
          -33.06223
        ]
      }
    },
    {
      "type": "Feature",
      "properties": {
        "id_estab": "5101001",
        "nombre": "ARDILLITA",
        "cod_comuna": "5101",
        "comuna": "VALPARAÍSO",
        "origen": 2,
        "tipo_estab": 5,
        "tipo_glosa": "JUNJI Administracion Directa",
        "matricula_total": 104,
        "mat_sala_cuna": 51,
        "mat_medio": 53,
        "mat_transicion": 0,
        "slep_sostenedor": null,
        "slep_procedencia": "sin_dato"
      },
      "geometry": {
        "type": "Point",
        "coordinates": [
          -71.607052,
          -33.058843
        ]
      }
    },
    {
      "type": "Feature",
      "properties": {
        "id_estab": "5101004",
        "nombre": "BAMBI",
        "cod_comuna": "5101",
        "comuna": "VALPARAÍSO",
        "origen": 2,
        "tipo_estab": 5,
        "tipo_glosa": "JUNJI Administracion Directa",
        "matricula_total": 79,
        "mat_sala_cuna": 24,
        "mat_medio": 55,
        "mat_transicion": 0,
        "slep_sostenedor": null,
        "slep_procedencia": "sin_dato"
      },
      "geometry": {
        "type": "Point",
        "coordinates": [
          -71.634791,
          -33.038775
        ]
      }
    },
    {
      "type": "Feature",
      "properties": {
        "id_estab": "5101034",
        "nombre": "VIENTOS DE PLAYA ANCHA",
        "cod_comuna": "5101",
        "comuna": "VALPARAÍSO",
        "origen": 2,
        "tipo_estab": 5,
        "tipo_glosa": "JUNJI Administracion Directa",
        "matricula_total": 46,
        "mat_sala_cuna": 19,
        "mat_medio": 27,
        "mat_transicion": 0,
        "slep_sostenedor": null,
        "slep_procedencia": "sin_dato"
      },
      "geometry": {
        "type": "Point",
        "coordinates": [
          -71.648586,
          -33.045281
        ]
      }
    },
    {
      "type": "Feature",
      "properties": {
        "id_estab": "5101033",
        "nombre": "VOLANTIN DE COLORES",
        "cod_comuna": "5101",
        "comuna": "VALPARAÍSO",
        "origen": 2,
        "tipo_estab": 6,
        "tipo_glosa": "JUNJI VTF",
        "matricula_total": 53,
        "mat_sala_cuna": 20,
        "mat_medio": 33,
        "mat_transicion": 0,
        "slep_sostenedor": "Valparaíso",
        "slep_procedencia": "declarada_2025"
      },
      "geometry": {
        "type": "Point",
        "coordinates": [
          -71.601693,
          -33.04403
        ]
      }
    },
    {
      "type": "Feature",
      "properties": {
        "id_estab": "52601",
        "nombre": "ARBOLEDA",
        "cod_comuna": "5101",
        "comuna": "VALPARAÍSO",
        "origen": 3,
        "tipo_estab": 7,
        "tipo_glosa": "INTEGRA Administracion Directa",
        "matricula_total": 50,
        "mat_sala_cuna": 0,
        "mat_medio": 50,
        "mat_transicion": 0,
        "slep_sostenedor": null,
        "slep_procedencia": "sin_dato"
      },
      "geometry": {
        "type": "Point",
        "coordinates": [
          -71.408626,
          -32.729392
        ]
      }
    },
    {
      "type": "Feature",
      "properties": {
        "id_estab": "52319",
        "nombre": "TOKERAU",
        "cod_comuna": "5101",
        "comuna": "VALPARAÍSO",
        "origen": 3,
        "tipo_estab": 7,
        "tipo_glosa": "INTEGRA Administracion Directa",
        "matricula_total": 91,
        "mat_sala_cuna": 38,
        "mat_medio": 53,
        "mat_transicion": 0,
        "slep_sostenedor": null,
        "slep_procedencia": "sin_dato"
      },
      "geometry": {
        "type": "Point",
        "coordinates": [
          -71.641021,
          -33.02771
        ]
      }
    },
    {
      "type": "Feature",
      "properties": {
        "id_estab": "52501",
        "nombre": "BAMBI",
        "cod_comuna": "5101",
        "comuna": "VALPARAÍSO",
        "origen": 3,
        "tipo_estab": 7,
        "tipo_glosa": "INTEGRA Administracion Directa",
        "matricula_total": 111,
        "mat_sala_cuna": 41,
        "mat_medio": 70,
        "mat_transicion": 0,
        "slep_sostenedor": null,
        "slep_procedencia": "sin_dato"
      },
      "geometry": {
        "type": "Point",
        "coordinates": [
          -71.536886,
          -32.797132
        ]
      }
    },
    {
      "type": "Feature",
      "properties": {
        "id_estab": "5101025",
        "nombre": "JOYITA DEL PACIFICO",
        "cod_comuna": "5101",
        "comuna": "VALPARAÍSO",
        "origen": 2,
        "tipo_estab": 6,
        "tipo_glosa": "JUNJI VTF",
        "matricula_total": 48,
        "mat_sala_cuna": 19,
        "mat_medio": 29,
        "mat_transicion": 0,
        "slep_sostenedor": "Valparaíso",
        "slep_procedencia": "declarada_2025"
      },
      "geometry": {
        "type": "Point",
        "coordinates": [
          -71.620973,
          -33.044223
        ]
      }
    },
    {
      "type": "Feature",
      "properties": {
        "id_estab": "5101007",
        "nombre": "FLIPPER",
        "cod_comuna": "5101",
        "comuna": "VALPARAÍSO",
        "origen": 2,
        "tipo_estab": 5,
        "tipo_glosa": "JUNJI Administracion Directa",
        "matricula_total": 136,
        "mat_sala_cuna": 38,
        "mat_medio": 98,
        "mat_transicion": 0,
        "slep_sostenedor": null,
        "slep_procedencia": "sin_dato"
      },
      "geometry": {
        "type": "Point",
        "coordinates": [
          -71.645888,
          -33.054304
        ]
      }
    },
    {
      "type": "Feature",
      "properties": {
        "id_estab": "5101119",
        "nombre": "LA LAGUNA",
        "cod_comuna": "5101",
        "comuna": "VALPARAÍSO",
        "origen": 2,
        "tipo_estab": 5,
        "tipo_glosa": "JUNJI Administracion Directa",
        "matricula_total": 15,
        "mat_sala_cuna": 0,
        "mat_medio": 12,
        "mat_transicion": 3,
        "slep_sostenedor": null,
        "slep_procedencia": "sin_dato"
      },
      "geometry": {
        "type": "Point",
        "coordinates": [
          -71.565935,
          -33.057426
        ]
      }
    },
    {
      "type": "Feature",
      "properties": {
        "id_estab": "5101031",
        "nombre": "PEQUEÑOS PASOS",
        "cod_comuna": "5101",
        "comuna": "VALPARAÍSO",
        "origen": 2,
        "tipo_estab": 6,
        "tipo_glosa": "JUNJI VTF",
        "matricula_total": 91,
        "mat_sala_cuna": 28,
        "mat_medio": 63,
        "mat_transicion": 0,
        "slep_sostenedor": "Valparaíso",
        "slep_procedencia": "declarada_2025"
      },
      "geometry": {
        "type": "Point",
        "coordinates": [
          -71.641409,
          -33.060278
        ]
      }
    },
    {
      "type": "Feature",
      "properties": {
        "id_estab": "52504",
        "nombre": "MARTIN PESCADOR",
        "cod_comuna": "5101",
        "comuna": "VALPARAÍSO",
        "origen": 3,
        "tipo_estab": 7,
        "tipo_glosa": "INTEGRA Administracion Directa",
        "matricula_total": 47,
        "mat_sala_cuna": 20,
        "mat_medio": 27,
        "mat_transicion": 0,
        "slep_sostenedor": null,
        "slep_procedencia": "sin_dato"
      },
      "geometry": {
        "type": "Point",
        "coordinates": [
          -71.528887,
          -32.780304
        ]
      }
    },
    {
      "type": "Feature",
      "properties": {
        "id_estab": "5101105",
        "nombre": "CUNCUNITA",
        "cod_comuna": "5101",
        "comuna": "VALPARAÍSO",
        "origen": 2,
        "tipo_estab": 5,
        "tipo_glosa": "JUNJI Administracion Directa",
        "matricula_total": 23,
        "mat_sala_cuna": 0,
        "mat_medio": 19,
        "mat_transicion": 4,
        "slep_sostenedor": null,
        "slep_procedencia": "sin_dato"
      },
      "geometry": {
        "type": "Point",
        "coordinates": [
          -71.585505,
          -33.065545
        ]
      }
    },
    {
      "type": "Feature",
      "properties": {
        "id_estab": "5101026",
        "nombre": "MI PEQUEÑO PUERTO",
        "cod_comuna": "5101",
        "comuna": "VALPARAÍSO",
        "origen": 2,
        "tipo_estab": 6,
        "tipo_glosa": "JUNJI VTF",
        "matricula_total": 80,
        "mat_sala_cuna": 22,
        "mat_medio": 58,
        "mat_transicion": 0,
        "slep_sostenedor": "Valparaíso",
        "slep_procedencia": "declarada_2025"
      },
      "geometry": {
        "type": "Point",
        "coordinates": [
          -71.610375,
          -33.057807
        ]
      }
    },
    {
      "type": "Feature",
      "properties": {
        "id_estab": "5101023",
        "nombre": "PEQUEÑOS GENIOS",
        "cod_comuna": "5101",
        "comuna": "VALPARAÍSO",
        "origen": 2,
        "tipo_estab": 6,
        "tipo_glosa": "JUNJI VTF",
        "matricula_total": 30,
        "mat_sala_cuna": 0,
        "mat_medio": 30,
        "mat_transicion": 0,
        "slep_sostenedor": "Valparaíso",
        "slep_procedencia": "declarada_2025"
      },
      "geometry": {
        "type": "Point",
        "coordinates": [
          -71.577414,
          -33.055557
        ]
      }
    },
    {
      "type": "Feature",
      "properties": {
        "id_estab": "5101016",
        "nombre": "JORGITO",
        "cod_comuna": "5101",
        "comuna": "VALPARAÍSO",
        "origen": 2,
        "tipo_estab": 6,
        "tipo_glosa": "JUNJI VTF",
        "matricula_total": 68,
        "mat_sala_cuna": 20,
        "mat_medio": 48,
        "mat_transicion": 0,
        "slep_sostenedor": "Valparaíso",
        "slep_procedencia": "declarada_2025"
      },
      "geometry": {
        "type": "Point",
        "coordinates": [
          -71.577442,
          -33.044702
        ]
      }
    },
    {
      "type": "Feature",
      "properties": {
        "id_estab": "52313",
        "nombre": "FARO DE ÁNGELES",
        "cod_comuna": "5101",
        "comuna": "VALPARAÍSO",
        "origen": 3,
        "tipo_estab": 8,
        "tipo_glosa": "INTEGRA CAD",
        "matricula_total": 62,
        "mat_sala_cuna": 19,
        "mat_medio": 43,
        "mat_transicion": 0,
        "slep_sostenedor": null,
        "slep_procedencia": "sin_dato"
      },
      "geometry": {
        "type": "Point",
        "coordinates": [
          -71.642466,
          -33.031549
        ]
      }
    },
    {
      "type": "Feature",
      "properties": {
        "id_estab": "41706",
        "nombre": "SALA CUNA Y JARDIN INFANTIL CHICOS DEL FUTURO",
        "cod_comuna": "5101",
        "comuna": "VALPARAÍSO",
        "origen": 1,
        "tipo_estab": 3,
        "tipo_glosa": "Escuela Particular Pagado",
        "matricula_total": 69,
        "mat_sala_cuna": 21,
        "mat_medio": 42,
        "mat_transicion": 6,
        "slep_sostenedor": null,
        "slep_procedencia": "sin_dato"
      },
      "geometry": {
        "type": "Point",
        "coordinates": [
          -71.5704,
          -33.120237
        ]
      }
    },
    {
      "type": "Feature",
      "properties": {
        "id_estab": "5101021",
        "nombre": "CHICO MARK",
        "cod_comuna": "5101",
        "comuna": "VALPARAÍSO",
        "origen": 2,
        "tipo_estab": 6,
        "tipo_glosa": "JUNJI VTF",
        "matricula_total": 47,
        "mat_sala_cuna": 16,
        "mat_medio": 31,
        "mat_transicion": 0,
        "slep_sostenedor": "Valparaíso",
        "slep_procedencia": "declarada_2025"
      },
      "geometry": {
        "type": "Point",
        "coordinates": [
          -71.587811,
          -33.044389
        ]
      }
    },
    {
      "type": "Feature",
      "properties": {
        "id_estab": "5101123",
        "nombre": "PEQUEÑOS HEROES",
        "cod_comuna": "5101",
        "comuna": "VALPARAÍSO",
        "origen": 2,
        "tipo_estab": 5,
        "tipo_glosa": "JUNJI Administracion Directa",
        "matricula_total": 21,
        "mat_sala_cuna": 0,
        "mat_medio": 17,
        "mat_transicion": 4,
        "slep_sostenedor": null,
        "slep_procedencia": "sin_dato"
      },
      "geometry": {
        "type": "Point",
        "coordinates": [
          -71.627117,
          -33.057175
        ]
      }
    },
    {
      "type": "Feature",
      "properties": {
        "id_estab": "5101022",
        "nombre": "PELAYINES",
        "cod_comuna": "5101",
        "comuna": "VALPARAÍSO",
        "origen": 2,
        "tipo_estab": 6,
        "tipo_glosa": "JUNJI VTF",
        "matricula_total": 20,
        "mat_sala_cuna": 20,
        "mat_medio": 0,
        "mat_transicion": 0,
        "slep_sostenedor": null,
        "slep_procedencia": "sin_dato"
      },
      "geometry": {
        "type": "Point",
        "coordinates": [
          -71.59108,
          -33.03699
        ]
      }
    },
    {
      "type": "Feature",
      "properties": {
        "id_estab": "5101028",
        "nombre": "CERRO ALEGRE",
        "cod_comuna": "5101",
        "comuna": "VALPARAÍSO",
        "origen": 2,
        "tipo_estab": 6,
        "tipo_glosa": "JUNJI VTF",
        "matricula_total": 19,
        "mat_sala_cuna": 19,
        "mat_medio": 0,
        "mat_transicion": 0,
        "slep_sostenedor": null,
        "slep_procedencia": "sin_dato"
      },
      "geometry": {
        "type": "Point",
        "coordinates": [
          -71.637449,
          -33.05026
        ]
      }
    },
    {
      "type": "Feature",
      "properties": {
        "id_estab": "14219",
        "nombre": "ESCUELA DE PARVULOS BUGS BUNNY",
        "cod_comuna": "5101",
        "comuna": "VALPARAÍSO",
        "origen": 1,
        "tipo_estab": 3,
        "tipo_glosa": "Escuela Particular Pagado",
        "matricula_total": 3,
        "mat_sala_cuna": 0,
        "mat_medio": 3,
        "mat_transicion": 0,
        "slep_sostenedor": null,
        "slep_procedencia": "sin_dato"
      },
      "geometry": {
        "type": "Point",
        "coordinates": [
          -71.61929,
          -33.05519
        ]
      }
    },
    {
      "type": "Feature",
      "properties": {
        "id_estab": "11221",
        "nombre": "JARDIN INFANTIL PILLIN HOSP SALVADOR",
        "cod_comuna": "5101",
        "comuna": "VALPARAÍSO",
        "origen": 1,
        "tipo_estab": 3,
        "tipo_glosa": "Escuela Particular Pagado",
        "matricula_total": 13,
        "mat_sala_cuna": 6,
        "mat_medio": 7,
        "mat_transicion": 0,
        "slep_sostenedor": null,
        "slep_procedencia": "sin_dato"
      },
      "geometry": {
        "type": "Point",
        "coordinates": [
          -71.64301,
          -33.022377
        ]
      }
    },
    {
      "type": "Feature",
      "properties": {
        "id_estab": "1999",
        "nombre": "ESCUELA MANUEL BRAVO REYES",
        "cod_comuna": "5102",
        "comuna": "CASABLANCA",
        "origen": 1,
        "tipo_estab": 1,
        "tipo_glosa": "Escuela Municipal",
        "matricula_total": 39,
        "mat_sala_cuna": 0,
        "mat_medio": 0,
        "mat_transicion": 39,
        "slep_sostenedor": null,
        "slep_procedencia": "sin_dato"
      },
      "geometry": {
        "type": "Point",
        "coordinates": [
          -71.406891,
          -33.322781
        ]
      }
    },
    {
      "type": "Feature",
      "properties": {
        "id_estab": "1998",
        "nombre": "ESCUELA ARTURO ECHAZARRETA LARRAIN",
        "cod_comuna": "5102",
        "comuna": "CASABLANCA",
        "origen": 1,
        "tipo_estab": 1,
        "tipo_glosa": "Escuela Municipal",
        "matricula_total": 29,
        "mat_sala_cuna": 0,
        "mat_medio": 0,
        "mat_transicion": 29,
        "slep_sostenedor": null,
        "slep_procedencia": "sin_dato"
      },
      "geometry": {
        "type": "Point",
        "coordinates": [
          -71.410637,
          -33.32095
        ]
      }
    },
    {
      "type": "Feature",
      "properties": {
        "id_estab": "14381",
        "nombre": "COLEGIO EL VALLE DE CASABLANCA",
        "cod_comuna": "5102",
        "comuna": "CASABLANCA",
        "origen": 1,
        "tipo_estab": 2,
        "tipo_glosa": "Escuela Particular Subvencionado",
        "matricula_total": 85,
        "mat_sala_cuna": 0,
        "mat_medio": 0,
        "mat_transicion": 85,
        "slep_sostenedor": null,
        "slep_procedencia": "sin_dato"
      },
      "geometry": {
        "type": "Point",
        "coordinates": [
          -71.421448,
          -33.321972
        ]
      }
    },
    {
      "type": "Feature",
      "properties": {
        "id_estab": "14511",
        "nombre": "COLEGIO SANTA BARBARA DE LA REINA",
        "cod_comuna": "5102",
        "comuna": "CASABLANCA",
        "origen": 1,
        "tipo_estab": 2,
        "tipo_glosa": "Escuela Particular Subvencionado",
        "matricula_total": 58,
        "mat_sala_cuna": 0,
        "mat_medio": 0,
        "mat_transicion": 58,
        "slep_sostenedor": null,
        "slep_procedencia": "sin_dato"
      },
      "geometry": {
        "type": "Point",
        "coordinates": [
          -71.411667,
          -33.30917
        ]
      }
    },
    {
      "type": "Feature",
      "properties": {
        "id_estab": "14514",
        "nombre": "COLEGIO EL ARRAYAN",
        "cod_comuna": "5102",
        "comuna": "CASABLANCA",
        "origen": 1,
        "tipo_estab": 2,
        "tipo_glosa": "Escuela Particular Subvencionado",
        "matricula_total": 143,
        "mat_sala_cuna": 0,
        "mat_medio": 0,
        "mat_transicion": 143,
        "slep_sostenedor": null,
        "slep_procedencia": "sin_dato"
      },
      "geometry": {
        "type": "Point",
        "coordinates": [
          -71.404167,
          -33.319
        ]
      }
    },
    {
      "type": "Feature",
      "properties": {
        "id_estab": "1997",
        "nombre": "ESCUELA DOMINGO ORTIZ DE ROZAS",
        "cod_comuna": "5102",
        "comuna": "CASABLANCA",
        "origen": 1,
        "tipo_estab": 1,
        "tipo_glosa": "Escuela Municipal",
        "matricula_total": 52,
        "mat_sala_cuna": 0,
        "mat_medio": 0,
        "mat_transicion": 52,
        "slep_sostenedor": null,
        "slep_procedencia": "sin_dato"
      },
      "geometry": {
        "type": "Point",
        "coordinates": [
          -71.409203,
          -33.310871
        ]
      }
    },
    {
      "type": "Feature",
      "properties": {
        "id_estab": "40255",
        "nombre": "ESCUELA ESPEC.DE LENGUAJE CASABLANCA",
        "cod_comuna": "5102",
        "comuna": "CASABLANCA",
        "origen": 1,
        "tipo_estab": 2,
        "tipo_glosa": "Escuela Particular Subvencionado",
        "matricula_total": 119,
        "mat_sala_cuna": 0,
        "mat_medio": 46,
        "mat_transicion": 73,
        "slep_sostenedor": null,
        "slep_procedencia": "sin_dato"
      },
      "geometry": {
        "type": "Point",
        "coordinates": [
          -71.41075,
          -33.3295
        ]
      }
    },
    {
      "type": "Feature",
      "properties": {
        "id_estab": "14517",
        "nombre": "ESCUELA ESPECIAL DE LENGUAJE EMANUEL",
        "cod_comuna": "5102",
        "comuna": "CASABLANCA",
        "origen": 1,
        "tipo_estab": 2,
        "tipo_glosa": "Escuela Particular Subvencionado",
        "matricula_total": 71,
        "mat_sala_cuna": 0,
        "mat_medio": 15,
        "mat_transicion": 56,
        "slep_sostenedor": null,
        "slep_procedencia": "sin_dato"
      },
      "geometry": {
        "type": "Point",
        "coordinates": [
          -71.4068,
          -33.32205
        ]
      }
    },
    {
      "type": "Feature",
      "properties": {
        "id_estab": "2005",
        "nombre": "ESCUELA BASICA LAGUNILLAS",
        "cod_comuna": "5102",
        "comuna": "CASABLANCA",
        "origen": 1,
        "tipo_estab": 1,
        "tipo_glosa": "Escuela Municipal",
        "matricula_total": 24,
        "mat_sala_cuna": 0,
        "mat_medio": 0,
        "mat_transicion": 24,
        "slep_sostenedor": null,
        "slep_procedencia": "sin_dato"
      },
      "geometry": {
        "type": "Point",
        "coordinates": [
          -71.450249,
          -33.436131
        ]
      }
    },
    {
      "type": "Feature",
      "properties": {
        "id_estab": "14643",
        "nombre": "CASABLANCA BILINGUAL SCHOOL",
        "cod_comuna": "5102",
        "comuna": "CASABLANCA",
        "origen": 1,
        "tipo_estab": 2,
        "tipo_glosa": "Escuela Particular Subvencionado",
        "matricula_total": 16,
        "mat_sala_cuna": 0,
        "mat_medio": 0,
        "mat_transicion": 16,
        "slep_sostenedor": null,
        "slep_procedencia": "sin_dato"
      },
      "geometry": {
        "type": "Point",
        "coordinates": [
          -71.399223,
          -33.33321
        ]
      }
    },
    {
      "type": "Feature",
      "properties": {
        "id_estab": "14845",
        "nombre": "ESC.ESPEC. DE LENGUAJE ANTU",
        "cod_comuna": "5102",
        "comuna": "CASABLANCA",
        "origen": 1,
        "tipo_estab": 2,
        "tipo_glosa": "Escuela Particular Subvencionado",
        "matricula_total": 79,
        "mat_sala_cuna": 0,
        "mat_medio": 39,
        "mat_transicion": 40,
        "slep_sostenedor": null,
        "slep_procedencia": "sin_dato"
      },
      "geometry": {
        "type": "Point",
        "coordinates": [
          -71.409515,
          -33.318516
        ]
      }
    },
    {
      "type": "Feature",
      "properties": {
        "id_estab": "14631",
        "nombre": "ESCUELA DE PARVULOS SANTA TERESITA",
        "cod_comuna": "5102",
        "comuna": "CASABLANCA",
        "origen": 1,
        "tipo_estab": 2,
        "tipo_glosa": "Escuela Particular Subvencionado",
        "matricula_total": 33,
        "mat_sala_cuna": 0,
        "mat_medio": 0,
        "mat_transicion": 33,
        "slep_sostenedor": null,
        "slep_procedencia": "sin_dato"
      },
      "geometry": {
        "type": "Point",
        "coordinates": [
          -71.407364,
          -33.314075
        ]
      }
    },
    {
      "type": "Feature",
      "properties": {
        "id_estab": "2003",
        "nombre": "ESCUELA SAN PEDRO DE QUINTAY",
        "cod_comuna": "5102",
        "comuna": "CASABLANCA",
        "origen": 1,
        "tipo_estab": 1,
        "tipo_glosa": "Escuela Municipal",
        "matricula_total": 12,
        "mat_sala_cuna": 0,
        "mat_medio": 0,
        "mat_transicion": 12,
        "slep_sostenedor": null,
        "slep_procedencia": "sin_dato"
      },
      "geometry": {
        "type": "Point",
        "coordinates": [
          -71.687988,
          -33.192902
        ]
      }
    },
    {
      "type": "Feature",
      "properties": {
        "id_estab": "51202",
        "nombre": "NICANOR PARRA",
        "cod_comuna": "5102",
        "comuna": "CASABLANCA",
        "origen": 3,
        "tipo_estab": 7,
        "tipo_glosa": "INTEGRA Administracion Directa",
        "matricula_total": 115,
        "mat_sala_cuna": 40,
        "mat_medio": 75,
        "mat_transicion": 0,
        "slep_sostenedor": null,
        "slep_procedencia": "sin_dato"
      },
      "geometry": {
        "type": "Point",
        "coordinates": [
          -70.653968,
          -32.749472
        ]
      }
    },
    {
      "type": "Feature",
      "properties": {
        "id_estab": "2007",
        "nombre": "COLEGIO PARTIC. JULIO MONTT SALAMANCA",
        "cod_comuna": "5102",
        "comuna": "CASABLANCA",
        "origen": 1,
        "tipo_estab": 2,
        "tipo_glosa": "Escuela Particular Subvencionado",
        "matricula_total": 13,
        "mat_sala_cuna": 0,
        "mat_medio": 0,
        "mat_transicion": 13,
        "slep_sostenedor": null,
        "slep_procedencia": "sin_dato"
      },
      "geometry": {
        "type": "Point",
        "coordinates": [
          -71.411453,
          -33.319229
        ]
      }
    },
    {
      "type": "Feature",
      "properties": {
        "id_estab": "14380",
        "nombre": "CAERNARFON COLLEGE",
        "cod_comuna": "5102",
        "comuna": "CASABLANCA",
        "origen": 1,
        "tipo_estab": 3,
        "tipo_glosa": "Escuela Particular Pagado",
        "matricula_total": 6,
        "mat_sala_cuna": 0,
        "mat_medio": 0,
        "mat_transicion": 6,
        "slep_sostenedor": null,
        "slep_procedencia": "sin_dato"
      },
      "geometry": {
        "type": "Point",
        "coordinates": [
          -71.35364,
          -33.346601
        ]
      }
    },
    {
      "type": "Feature",
      "properties": {
        "id_estab": "5102006",
        "nombre": "ABEJITA DE MIEL",
        "cod_comuna": "5102",
        "comuna": "CASABLANCA",
        "origen": 2,
        "tipo_estab": 6,
        "tipo_glosa": "JUNJI VTF",
        "matricula_total": 25,
        "mat_sala_cuna": 7,
        "mat_medio": 18,
        "mat_transicion": 0,
        "slep_sostenedor": null,
        "slep_procedencia": "sin_dato"
      },
      "geometry": {
        "type": "Point",
        "coordinates": [
          -71.449541,
          -33.436363
        ]
      }
    },
    {
      "type": "Feature",
      "properties": {
        "id_estab": "5102001",
        "nombre": "TROMPITO DE 7 COLORES",
        "cod_comuna": "5102",
        "comuna": "CASABLANCA",
        "origen": 2,
        "tipo_estab": 5,
        "tipo_glosa": "JUNJI Administracion Directa",
        "matricula_total": 124,
        "mat_sala_cuna": 46,
        "mat_medio": 78,
        "mat_transicion": 0,
        "slep_sostenedor": null,
        "slep_procedencia": "sin_dato"
      },
      "geometry": {
        "type": "Point",
        "coordinates": [
          -71.402409,
          -33.321511
        ]
      }
    },
    {
      "type": "Feature",
      "properties": {
        "id_estab": "5102002",
        "nombre": "PAPELUCHO",
        "cod_comuna": "5102",
        "comuna": "CASABLANCA",
        "origen": 2,
        "tipo_estab": 6,
        "tipo_glosa": "JUNJI VTF",
        "matricula_total": 81,
        "mat_sala_cuna": 20,
        "mat_medio": 61,
        "mat_transicion": 0,
        "slep_sostenedor": null,
        "slep_procedencia": "sin_dato"
      },
      "geometry": {
        "type": "Point",
        "coordinates": [
          -71.410875,
          -33.307404
        ]
      }
    },
    {
      "type": "Feature",
      "properties": {
        "id_estab": "5102004",
        "nombre": "EL VALLE DE ALBERTO",
        "cod_comuna": "5102",
        "comuna": "CASABLANCA",
        "origen": 2,
        "tipo_estab": 6,
        "tipo_glosa": "JUNJI VTF",
        "matricula_total": 22,
        "mat_sala_cuna": 0,
        "mat_medio": 22,
        "mat_transicion": 0,
        "slep_sostenedor": null,
        "slep_procedencia": "sin_dato"
      },
      "geometry": {
        "type": "Point",
        "coordinates": [
          -71.300176,
          -33.370051
        ]
      }
    },
    {
      "type": "Feature",
      "properties": {
        "id_estab": "51004",
        "nombre": "UVADU",
        "cod_comuna": "5102",
        "comuna": "CASABLANCA",
        "origen": 3,
        "tipo_estab": 7,
        "tipo_glosa": "INTEGRA Administracion Directa",
        "matricula_total": 20,
        "mat_sala_cuna": 0,
        "mat_medio": 19,
        "mat_transicion": 1,
        "slep_sostenedor": null,
        "slep_procedencia": "sin_dato"
      },
      "geometry": {
        "type": "Point",
        "coordinates": [
          -70.685825,
          -32.808257
        ]
      }
    },
    {
      "type": "Feature",
      "properties": {
        "id_estab": "5102005",
        "nombre": "CANTO DEL BOSQUE",
        "cod_comuna": "5102",
        "comuna": "CASABLANCA",
        "origen": 2,
        "tipo_estab": 6,
        "tipo_glosa": "JUNJI VTF",
        "matricula_total": 20,
        "mat_sala_cuna": 20,
        "mat_medio": 0,
        "mat_transicion": 0,
        "slep_sostenedor": null,
        "slep_procedencia": "sin_dato"
      },
      "geometry": {
        "type": "Point",
        "coordinates": [
          -71.413938,
          -33.304923
        ]
      }
    },
    {
      "type": "Feature",
      "properties": {
        "id_estab": "14249",
        "nombre": "COLEGIO ALBAMAR",
        "cod_comuna": "5103",
        "comuna": "CONCÓN",
        "origen": 1,
        "tipo_estab": 3,
        "tipo_glosa": "Escuela Particular Pagado",
        "matricula_total": 212,
        "mat_sala_cuna": 0,
        "mat_medio": 59,
        "mat_transicion": 153,
        "slep_sostenedor": null,
        "slep_procedencia": "sin_dato"
      },
      "geometry": {
        "type": "Point",
        "coordinates": [
          -71.532572,
          -32.946865
        ]
      }
    },
    {
      "type": "Feature",
      "properties": {
        "id_estab": "1689",
        "nombre": "ESCUELA ORO NEGRO",
        "cod_comuna": "5103",
        "comuna": "CONCÓN",
        "origen": 1,
        "tipo_estab": 4,
        "tipo_glosa": "Escuela Servicio Local de Educacion",
        "matricula_total": 53,
        "mat_sala_cuna": 0,
        "mat_medio": 0,
        "mat_transicion": 53,
        "slep_sostenedor": "Costa Central",
        "slep_procedencia": "declarada_2025"
      },
      "geometry": {
        "type": "Point",
        "coordinates": [
          -71.519363,
          -32.926262
        ]
      }
    },
    {
      "type": "Feature",
      "properties": {
        "id_estab": "1474",
        "nombre": "ESCUELA BASICA PUENTE COLMO",
        "cod_comuna": "5103",
        "comuna": "CONCÓN",
        "origen": 1,
        "tipo_estab": 4,
        "tipo_glosa": "Escuela Servicio Local de Educacion",
        "matricula_total": 65,
        "mat_sala_cuna": 0,
        "mat_medio": 0,
        "mat_transicion": 65,
        "slep_sostenedor": "Costa Central",
        "slep_procedencia": "declarada_2025"
      },
      "geometry": {
        "type": "Point",
        "coordinates": [
          -71.439491,
          -32.933701
        ]
      }
    },
    {
      "type": "Feature",
      "properties": {
        "id_estab": "14379",
        "nombre": "COLEGIO INTERNACIONAL SEK DEL PACIFICO",
        "cod_comuna": "5103",
        "comuna": "CONCÓN",
        "origen": 1,
        "tipo_estab": 3,
        "tipo_glosa": "Escuela Particular Pagado",
        "matricula_total": 134,
        "mat_sala_cuna": 0,
        "mat_medio": 35,
        "mat_transicion": 99,
        "slep_sostenedor": null,
        "slep_procedencia": "sin_dato"
      },
      "geometry": {
        "type": "Point",
        "coordinates": [
          -71.53367,
          -32.939625
        ]
      }
    },
    {
      "type": "Feature",
      "properties": {
        "id_estab": "1699",
        "nombre": "ESCUELA BASICA IRMA SALAS SILVA",
        "cod_comuna": "5103",
        "comuna": "CONCÓN",
        "origen": 1,
        "tipo_estab": 4,
        "tipo_glosa": "Escuela Servicio Local de Educacion",
        "matricula_total": 60,
        "mat_sala_cuna": 0,
        "mat_medio": 0,
        "mat_transicion": 60,
        "slep_sostenedor": "Costa Central",
        "slep_procedencia": "declarada_2025"
      },
      "geometry": {
        "type": "Point",
        "coordinates": [
          -71.539513,
          -32.933578
        ]
      }
    },
    {
      "type": "Feature",
      "properties": {
        "id_estab": "14605",
        "nombre": "COLEGIO VILLA ACONCAGUA",
        "cod_comuna": "5103",
        "comuna": "CONCÓN",
        "origen": 1,
        "tipo_estab": 2,
        "tipo_glosa": "Escuela Particular Subvencionado",
        "matricula_total": 122,
        "mat_sala_cuna": 0,
        "mat_medio": 23,
        "mat_transicion": 99,
        "slep_sostenedor": null,
        "slep_procedencia": "sin_dato"
      },
      "geometry": {
        "type": "Point",
        "coordinates": [
          -71.530746,
          -32.935699
        ]
      }
    },
    {
      "type": "Feature",
      "properties": {
        "id_estab": "14866",
        "nombre": "COLEGIO ALTAZOR",
        "cod_comuna": "5103",
        "comuna": "CONCÓN",
        "origen": 1,
        "tipo_estab": 2,
        "tipo_glosa": "Escuela Particular Subvencionado",
        "matricula_total": 171,
        "mat_sala_cuna": 0,
        "mat_medio": 0,
        "mat_transicion": 171,
        "slep_sostenedor": null,
        "slep_procedencia": "sin_dato"
      },
      "geometry": {
        "type": "Point",
        "coordinates": [
          -71.519539,
          -32.924099
        ]
      }
    },
    {
      "type": "Feature",
      "properties": {
        "id_estab": "14822",
        "nombre": "COLEGIO ALBORADA DEL MAR",
        "cod_comuna": "5103",
        "comuna": "CONCÓN",
        "origen": 1,
        "tipo_estab": 2,
        "tipo_glosa": "Escuela Particular Subvencionado",
        "matricula_total": 55,
        "mat_sala_cuna": 0,
        "mat_medio": 0,
        "mat_transicion": 55,
        "slep_sostenedor": null,
        "slep_procedencia": "sin_dato"
      },
      "geometry": {
        "type": "Point",
        "coordinates": [
          -71.519547,
          -32.929459
        ]
      }
    },
    {
      "type": "Feature",
      "properties": {
        "id_estab": "1769",
        "nombre": "COLEGIO RAYEN CAVEN",
        "cod_comuna": "5103",
        "comuna": "CONCÓN",
        "origen": 1,
        "tipo_estab": 2,
        "tipo_glosa": "Escuela Particular Subvencionado",
        "matricula_total": 54,
        "mat_sala_cuna": 0,
        "mat_medio": 0,
        "mat_transicion": 54,
        "slep_sostenedor": null,
        "slep_procedencia": "sin_dato"
      },
      "geometry": {
        "type": "Point",
        "coordinates": [
          -71.516533,
          -32.933369
        ]
      }
    },
    {
      "type": "Feature",
      "properties": {
        "id_estab": "1783",
        "nombre": "COLEGIO BRITANICO ST. MARGARET`S S.A.",
        "cod_comuna": "5103",
        "comuna": "CONCÓN",
        "origen": 1,
        "tipo_estab": 3,
        "tipo_glosa": "Escuela Particular Pagado",
        "matricula_total": 129,
        "mat_sala_cuna": 0,
        "mat_medio": 0,
        "mat_transicion": 129,
        "slep_sostenedor": null,
        "slep_procedencia": "sin_dato"
      },
      "geometry": {
        "type": "Point",
        "coordinates": [
          -71.53174,
          -32.940032
        ]
      }
    },
    {
      "type": "Feature",
      "properties": {
        "id_estab": "14463",
        "nombre": "CTRO.INTEGRAL DE EDUCACION ALBORADA",
        "cod_comuna": "5103",
        "comuna": "CONCÓN",
        "origen": 1,
        "tipo_estab": 2,
        "tipo_glosa": "Escuela Particular Subvencionado",
        "matricula_total": 132,
        "mat_sala_cuna": 0,
        "mat_medio": 56,
        "mat_transicion": 76,
        "slep_sostenedor": null,
        "slep_procedencia": "sin_dato"
      },
      "geometry": {
        "type": "Point",
        "coordinates": [
          -71.51911,
          -32.92956
        ]
      }
    },
    {
      "type": "Feature",
      "properties": {
        "id_estab": "14504",
        "nombre": "COLEGIO CRISTIANO CON-CON",
        "cod_comuna": "5103",
        "comuna": "CONCÓN",
        "origen": 1,
        "tipo_estab": 2,
        "tipo_glosa": "Escuela Particular Subvencionado",
        "matricula_total": 33,
        "mat_sala_cuna": 0,
        "mat_medio": 0,
        "mat_transicion": 33,
        "slep_sostenedor": null,
        "slep_procedencia": "sin_dato"
      },
      "geometry": {
        "type": "Point",
        "coordinates": [
          -71.522469,
          -32.933441
        ]
      }
    },
    {
      "type": "Feature",
      "properties": {
        "id_estab": "1743",
        "nombre": "COL.PARROQUIAL SANTA MARIA GORETTI",
        "cod_comuna": "5103",
        "comuna": "CONCÓN",
        "origen": 1,
        "tipo_estab": 2,
        "tipo_glosa": "Escuela Particular Subvencionado",
        "matricula_total": 7,
        "mat_sala_cuna": 0,
        "mat_medio": 0,
        "mat_transicion": 7,
        "slep_sostenedor": null,
        "slep_procedencia": "sin_dato"
      },
      "geometry": {
        "type": "Point",
        "coordinates": [
          -71.514877,
          -32.92271
        ]
      }
    },
    {
      "type": "Feature",
      "properties": {
        "id_estab": "16900",
        "nombre": "ESCUELA ESPECIAL DE LENGUAJE MONTEACAY",
        "cod_comuna": "5103",
        "comuna": "CONCÓN",
        "origen": 1,
        "tipo_estab": 2,
        "tipo_glosa": "Escuela Particular Subvencionado",
        "matricula_total": 87,
        "mat_sala_cuna": 0,
        "mat_medio": 36,
        "mat_transicion": 51,
        "slep_sostenedor": null,
        "slep_procedencia": "sin_dato"
      },
      "geometry": {
        "type": "Point",
        "coordinates": [
          -71.51676,
          -32.93319
        ]
      }
    },
    {
      "type": "Feature",
      "properties": {
        "id_estab": "14503",
        "nombre": "ESCUELA DE PARVULOS KORCITO",
        "cod_comuna": "5103",
        "comuna": "CONCÓN",
        "origen": 1,
        "tipo_estab": 3,
        "tipo_glosa": "Escuela Particular Pagado",
        "matricula_total": 3,
        "mat_sala_cuna": 0,
        "mat_medio": 0,
        "mat_transicion": 3,
        "slep_sostenedor": null,
        "slep_procedencia": "sin_dato"
      },
      "geometry": {
        "type": "Point",
        "coordinates": [
          -71.51829,
          -32.938595
        ]
      }
    },
    {
      "type": "Feature",
      "properties": {
        "id_estab": "5103004",
        "nombre": "MAUQUITOS",
        "cod_comuna": "5103",
        "comuna": "CONCÓN",
        "origen": 2,
        "tipo_estab": 6,
        "tipo_glosa": "JUNJI VTF",
        "matricula_total": 52,
        "mat_sala_cuna": 20,
        "mat_medio": 32,
        "mat_transicion": 0,
        "slep_sostenedor": "Costa Central",
        "slep_procedencia": "declarada_2025"
      },
      "geometry": {
        "type": "Point",
        "coordinates": [
          -71.519711,
          -32.926703
        ]
      }
    },
    {
      "type": "Feature",
      "properties": {
        "id_estab": "42201",
        "nombre": "JARDIN INFANTIL NUEVO ARCO IRIS",
        "cod_comuna": "5103",
        "comuna": "CONCÓN",
        "origen": 1,
        "tipo_estab": 3,
        "tipo_glosa": "Escuela Particular Pagado",
        "matricula_total": 73,
        "mat_sala_cuna": 0,
        "mat_medio": 70,
        "mat_transicion": 3,
        "slep_sostenedor": null,
        "slep_procedencia": "sin_dato"
      },
      "geometry": {
        "type": "Point",
        "coordinates": [
          -71.53353,
          -32.9345
        ]
      }
    },
    {
      "type": "Feature",
      "properties": {
        "id_estab": "5103001",
        "nombre": "GAVIOTA BLANCA",
        "cod_comuna": "5103",
        "comuna": "CONCÓN",
        "origen": 2,
        "tipo_estab": 5,
        "tipo_glosa": "JUNJI Administracion Directa",
        "matricula_total": 87,
        "mat_sala_cuna": 35,
        "mat_medio": 52,
        "mat_transicion": 0,
        "slep_sostenedor": null,
        "slep_procedencia": "sin_dato"
      },
      "geometry": {
        "type": "Point",
        "coordinates": [
          -71.539296,
          -32.93297
        ]
      }
    },
    {
      "type": "Feature",
      "properties": {
        "id_estab": "5103002",
        "nombre": "CONCONCITO",
        "cod_comuna": "5103",
        "comuna": "CONCÓN",
        "origen": 2,
        "tipo_estab": 6,
        "tipo_glosa": "JUNJI VTF",
        "matricula_total": 138,
        "mat_sala_cuna": 41,
        "mat_medio": 97,
        "mat_transicion": 0,
        "slep_sostenedor": "Costa Central",
        "slep_procedencia": "declarada_2025"
      },
      "geometry": {
        "type": "Point",
        "coordinates": [
          -71.515959,
          -32.933141
        ]
      }
    },
    {
      "type": "Feature",
      "properties": {
        "id_estab": "5103003",
        "nombre": "PUENTE COLMO",
        "cod_comuna": "5103",
        "comuna": "CONCÓN",
        "origen": 2,
        "tipo_estab": 6,
        "tipo_glosa": "JUNJI VTF",
        "matricula_total": 55,
        "mat_sala_cuna": 21,
        "mat_medio": 34,
        "mat_transicion": 0,
        "slep_sostenedor": "Costa Central",
        "slep_procedencia": "declarada_2025"
      },
      "geometry": {
        "type": "Point",
        "coordinates": [
          -71.44004,
          -32.933844
        ]
      }
    },
    {
      "type": "Feature",
      "properties": {
        "id_estab": "5103005",
        "nombre": "SUEÑOS DE CONCÓN",
        "cod_comuna": "5103",
        "comuna": "CONCÓN",
        "origen": 2,
        "tipo_estab": 5,
        "tipo_glosa": "JUNJI Administracion Directa",
        "matricula_total": 51,
        "mat_sala_cuna": 22,
        "mat_medio": 29,
        "mat_transicion": 0,
        "slep_sostenedor": null,
        "slep_procedencia": "sin_dato"
      },
      "geometry": {
        "type": "Point",
        "coordinates": [
          -71.542656,
          -32.935925
        ]
      }
    },
    {
      "type": "Feature",
      "properties": {
        "id_estab": "51201",
        "nombre": "LA HIGUERA DANZARINA",
        "cod_comuna": "5103",
        "comuna": "CONCÓN",
        "origen": 3,
        "tipo_estab": 7,
        "tipo_glosa": "INTEGRA Administracion Directa",
        "matricula_total": 8,
        "mat_sala_cuna": 0,
        "mat_medio": 7,
        "mat_transicion": 1,
        "slep_sostenedor": null,
        "slep_procedencia": "sin_dato"
      },
      "geometry": {
        "type": "Point",
        "coordinates": [
          -70.642283,
          -32.716985
        ]
      }
    },
    {
      "type": "Feature",
      "properties": {
        "id_estab": "5103101",
        "nombre": "EL CARACOL",
        "cod_comuna": "5103",
        "comuna": "CONCÓN",
        "origen": 2,
        "tipo_estab": 5,
        "tipo_glosa": "JUNJI Administracion Directa",
        "matricula_total": 19,
        "mat_sala_cuna": 0,
        "mat_medio": 18,
        "mat_transicion": 1,
        "slep_sostenedor": null,
        "slep_procedencia": "sin_dato"
      },
      "geometry": {
        "type": "Point",
        "coordinates": [
          -71.522589,
          -32.937484
        ]
      }
    },
    {
      "type": "Feature",
      "properties": {
        "id_estab": "1868",
        "nombre": "ESCUELA LA CHOCOTA",
        "cod_comuna": "5105",
        "comuna": "PUCHUNCAVÍ",
        "origen": 1,
        "tipo_estab": 4,
        "tipo_glosa": "Escuela Servicio Local de Educacion",
        "matricula_total": 60,
        "mat_sala_cuna": 0,
        "mat_medio": 0,
        "mat_transicion": 60,
        "slep_sostenedor": "Costa Central",
        "slep_procedencia": "declarada_2025"
      },
      "geometry": {
        "type": "Point",
        "coordinates": [
          -71.487511,
          -32.730309
        ]
      }
    },
    {
      "type": "Feature",
      "properties": {
        "id_estab": "5105121",
        "nombre": "PMI-LAS ABEJITAS",
        "cod_comuna": "5105",
        "comuna": "PUCHUNCAVÍ",
        "origen": 2,
        "tipo_estab": 5,
        "tipo_glosa": "JUNJI Administracion Directa",
        "matricula_total": 9,
        "mat_sala_cuna": 0,
        "mat_medio": 3,
        "mat_transicion": 6,
        "slep_sostenedor": null,
        "slep_procedencia": "sin_dato"
      },
      "geometry": {
        "type": "Point",
        "coordinates": [
          -71.31059,
          -32.767449
        ]
      }
    },
    {
      "type": "Feature",
      "properties": {
        "id_estab": "1863",
        "nombre": "COLEGIO GENERAL JOSE VELASQUEZ BORQUEZ",
        "cod_comuna": "5105",
        "comuna": "PUCHUNCAVÍ",
        "origen": 1,
        "tipo_estab": 4,
        "tipo_glosa": "Escuela Servicio Local de Educacion",
        "matricula_total": 75,
        "mat_sala_cuna": 0,
        "mat_medio": 0,
        "mat_transicion": 75,
        "slep_sostenedor": "Costa Central",
        "slep_procedencia": "declarada_2025"
      },
      "geometry": {
        "type": "Point",
        "coordinates": [
          -71.417397,
          -32.726349
        ]
      }
    },
    {
      "type": "Feature",
      "properties": {
        "id_estab": "1874",
        "nombre": "ESCUELA BASICA LA LAGUNA",
        "cod_comuna": "5105",
        "comuna": "PUCHUNCAVÍ",
        "origen": 1,
        "tipo_estab": 4,
        "tipo_glosa": "Escuela Servicio Local de Educacion",
        "matricula_total": 24,
        "mat_sala_cuna": 0,
        "mat_medio": 0,
        "mat_transicion": 24,
        "slep_sostenedor": "Costa Central",
        "slep_procedencia": "declarada_2025"
      },
      "geometry": {
        "type": "Point",
        "coordinates": [
          -71.41935,
          -32.632259
        ]
      }
    },
    {
      "type": "Feature",
      "properties": {
        "id_estab": "1870",
        "nombre": "ESCUELA CAMPICHE",
        "cod_comuna": "5105",
        "comuna": "PUCHUNCAVÍ",
        "origen": 1,
        "tipo_estab": 4,
        "tipo_glosa": "Escuela Servicio Local de Educacion",
        "matricula_total": 20,
        "mat_sala_cuna": 0,
        "mat_medio": 0,
        "mat_transicion": 20,
        "slep_sostenedor": "Costa Central",
        "slep_procedencia": "declarada_2025"
      },
      "geometry": {
        "type": "Point",
        "coordinates": [
          -71.451447,
          -32.7355
        ]
      }
    },
    {
      "type": "Feature",
      "properties": {
        "id_estab": "1873",
        "nombre": "ESCUELA HORCON",
        "cod_comuna": "5105",
        "comuna": "PUCHUNCAVÍ",
        "origen": 1,
        "tipo_estab": 4,
        "tipo_glosa": "Escuela Servicio Local de Educacion",
        "matricula_total": 29,
        "mat_sala_cuna": 0,
        "mat_medio": 0,
        "mat_transicion": 29,
        "slep_sostenedor": "Costa Central",
        "slep_procedencia": "declarada_2025"
      },
      "geometry": {
        "type": "Point",
        "coordinates": [
          -71.488373,
          -32.71315
        ]
      }
    },
    {
      "type": "Feature",
      "properties": {
        "id_estab": "1871",
        "nombre": "ESCUELA BASICA EL RINCON",
        "cod_comuna": "5105",
        "comuna": "PUCHUNCAVÍ",
        "origen": 1,
        "tipo_estab": 4,
        "tipo_glosa": "Escuela Servicio Local de Educacion",
        "matricula_total": 24,
        "mat_sala_cuna": 0,
        "mat_medio": 0,
        "mat_transicion": 24,
        "slep_sostenedor": "Costa Central",
        "slep_procedencia": "declarada_2025"
      },
      "geometry": {
        "type": "Point",
        "coordinates": [
          -71.368912,
          -32.72467
        ]
      }
    },
    {
      "type": "Feature",
      "properties": {
        "id_estab": "1864",
        "nombre": "COMPLEJO EDUCACIONAL SARGENTO ALDEA",
        "cod_comuna": "5105",
        "comuna": "PUCHUNCAVÍ",
        "origen": 1,
        "tipo_estab": 4,
        "tipo_glosa": "Escuela Servicio Local de Educacion",
        "matricula_total": 68,
        "mat_sala_cuna": 0,
        "mat_medio": 0,
        "mat_transicion": 68,
        "slep_sostenedor": "Costa Central",
        "slep_procedencia": "declarada_2025"
      },
      "geometry": {
        "type": "Point",
        "coordinates": [
          -71.485863,
          -32.742229
        ]
      }
    },
    {
      "type": "Feature",
      "properties": {
        "id_estab": "1867",
        "nombre": "COLEGIO LA GREDA",
        "cod_comuna": "5105",
        "comuna": "PUCHUNCAVÍ",
        "origen": 1,
        "tipo_estab": 4,
        "tipo_glosa": "Escuela Servicio Local de Educacion",
        "matricula_total": 46,
        "mat_sala_cuna": 0,
        "mat_medio": 0,
        "mat_transicion": 46,
        "slep_sostenedor": "Costa Central",
        "slep_procedencia": "declarada_2025"
      },
      "geometry": {
        "type": "Point",
        "coordinates": [
          -71.462547,
          -32.736931
        ]
      }
    },
    {
      "type": "Feature",
      "properties": {
        "id_estab": "14829",
        "nombre": "ESCUELA MULTIDEFICIT AMANECER",
        "cod_comuna": "5105",
        "comuna": "PUCHUNCAVÍ",
        "origen": 1,
        "tipo_estab": 4,
        "tipo_glosa": "Escuela Servicio Local de Educacion",
        "matricula_total": 27,
        "mat_sala_cuna": 0,
        "mat_medio": 5,
        "mat_transicion": 22,
        "slep_sostenedor": "Costa Central",
        "slep_procedencia": "declarada_2025"
      },
      "geometry": {
        "type": "Point",
        "coordinates": [
          -71.48807,
          -32.733555
        ]
      }
    },
    {
      "type": "Feature",
      "properties": {
        "id_estab": "1878",
        "nombre": "ESCUELA BASICA EL RUNGUE",
        "cod_comuna": "5105",
        "comuna": "PUCHUNCAVÍ",
        "origen": 1,
        "tipo_estab": 4,
        "tipo_glosa": "Escuela Servicio Local de Educacion",
        "matricula_total": 30,
        "mat_sala_cuna": 0,
        "mat_medio": 0,
        "mat_transicion": 30,
        "slep_sostenedor": "Costa Central",
        "slep_procedencia": "declarada_2025"
      },
      "geometry": {
        "type": "Point",
        "coordinates": [
          -71.406189,
          -32.696918
        ]
      }
    },
    {
      "type": "Feature",
      "properties": {
        "id_estab": "1875",
        "nombre": "COLEGIO MAITENCILLO",
        "cod_comuna": "5105",
        "comuna": "PUCHUNCAVÍ",
        "origen": 1,
        "tipo_estab": 4,
        "tipo_glosa": "Escuela Servicio Local de Educacion",
        "matricula_total": 45,
        "mat_sala_cuna": 0,
        "mat_medio": 0,
        "mat_transicion": 45,
        "slep_sostenedor": "Costa Central",
        "slep_procedencia": "declarada_2025"
      },
      "geometry": {
        "type": "Point",
        "coordinates": [
          -71.43158,
          -32.645981
        ]
      }
    },
    {
      "type": "Feature",
      "properties": {
        "id_estab": "5105120",
        "nombre": "PMI-LAS ESTRELLITAS",
        "cod_comuna": "5105",
        "comuna": "PUCHUNCAVÍ",
        "origen": 2,
        "tipo_estab": 5,
        "tipo_glosa": "JUNJI Administracion Directa",
        "matricula_total": 15,
        "mat_sala_cuna": 0,
        "mat_medio": 7,
        "mat_transicion": 8,
        "slep_sostenedor": null,
        "slep_procedencia": "sin_dato"
      },
      "geometry": {
        "type": "Point",
        "coordinates": [
          -71.344913,
          -32.752119
        ]
      }
    },
    {
      "type": "Feature",
      "properties": {
        "id_estab": "5105001",
        "nombre": "SEMILLITA",
        "cod_comuna": "5105",
        "comuna": "PUCHUNCAVÍ",
        "origen": 2,
        "tipo_estab": 6,
        "tipo_glosa": "JUNJI VTF",
        "matricula_total": 102,
        "mat_sala_cuna": 33,
        "mat_medio": 69,
        "mat_transicion": 0,
        "slep_sostenedor": "Costa Central",
        "slep_procedencia": "declarada_2025"
      },
      "geometry": {
        "type": "Point",
        "coordinates": [
          -71.417063,
          -32.725434
        ]
      }
    },
    {
      "type": "Feature",
      "properties": {
        "id_estab": "5105005",
        "nombre": "RENACER",
        "cod_comuna": "5105",
        "comuna": "PUCHUNCAVÍ",
        "origen": 2,
        "tipo_estab": 6,
        "tipo_glosa": "JUNJI VTF",
        "matricula_total": 49,
        "mat_sala_cuna": 16,
        "mat_medio": 33,
        "mat_transicion": 0,
        "slep_sostenedor": "Costa Central",
        "slep_procedencia": "declarada_2025"
      },
      "geometry": {
        "type": "Point",
        "coordinates": [
          -71.451233,
          -32.735094
        ]
      }
    },
    {
      "type": "Feature",
      "properties": {
        "id_estab": "5105003",
        "nombre": "SIRENITA",
        "cod_comuna": "5105",
        "comuna": "PUCHUNCAVÍ",
        "origen": 2,
        "tipo_estab": 6,
        "tipo_glosa": "JUNJI VTF",
        "matricula_total": 40,
        "mat_sala_cuna": 12,
        "mat_medio": 28,
        "mat_transicion": 0,
        "slep_sostenedor": "Costa Central",
        "slep_procedencia": "declarada_2025"
      },
      "geometry": {
        "type": "Point",
        "coordinates": [
          -71.49041,
          -32.714292
        ]
      }
    },
    {
      "type": "Feature",
      "properties": {
        "id_estab": "5105002",
        "nombre": "CABALLITO DE MAR",
        "cod_comuna": "5105",
        "comuna": "PUCHUNCAVÍ",
        "origen": 2,
        "tipo_estab": 6,
        "tipo_glosa": "JUNJI VTF",
        "matricula_total": 52,
        "mat_sala_cuna": 20,
        "mat_medio": 32,
        "mat_transicion": 0,
        "slep_sostenedor": "Costa Central",
        "slep_procedencia": "declarada_2025"
      },
      "geometry": {
        "type": "Point",
        "coordinates": [
          -71.484938,
          -32.74261
        ]
      }
    },
    {
      "type": "Feature",
      "properties": {
        "id_estab": "5105004",
        "nombre": "VENTANAS DE COLORES",
        "cod_comuna": "5105",
        "comuna": "PUCHUNCAVÍ",
        "origen": 2,
        "tipo_estab": 5,
        "tipo_glosa": "JUNJI Administracion Directa",
        "matricula_total": 84,
        "mat_sala_cuna": 31,
        "mat_medio": 53,
        "mat_transicion": 0,
        "slep_sostenedor": null,
        "slep_procedencia": "sin_dato"
      },
      "geometry": {
        "type": "Point",
        "coordinates": [
          -71.486491,
          -32.740179
        ]
      }
    },
    {
      "type": "Feature",
      "properties": {
        "id_estab": "5105007",
        "nombre": "MI MUNDO FELIZ",
        "cod_comuna": "5105",
        "comuna": "PUCHUNCAVÍ",
        "origen": 2,
        "tipo_estab": 6,
        "tipo_glosa": "JUNJI VTF",
        "matricula_total": 48,
        "mat_sala_cuna": 20,
        "mat_medio": 28,
        "mat_transicion": 0,
        "slep_sostenedor": "Costa Central",
        "slep_procedencia": "declarada_2025"
      },
      "geometry": {
        "type": "Point",
        "coordinates": [
          -71.430639,
          -32.645611
        ]
      }
    },
    {
      "type": "Feature",
      "properties": {
        "id_estab": "5105008",
        "nombre": "TREMÜN",
        "cod_comuna": "5105",
        "comuna": "PUCHUNCAVÍ",
        "origen": 2,
        "tipo_estab": 5,
        "tipo_glosa": "JUNJI Administracion Directa",
        "matricula_total": 61,
        "mat_sala_cuna": 38,
        "mat_medio": 23,
        "mat_transicion": 0,
        "slep_sostenedor": null,
        "slep_procedencia": "sin_dato"
      },
      "geometry": {
        "type": "Point",
        "coordinates": [
          -71.40789,
          -32.720383
        ]
      }
    },
    {
      "type": "Feature",
      "properties": {
        "id_estab": "5105006",
        "nombre": "LOS CONEJITOS",
        "cod_comuna": "5105",
        "comuna": "PUCHUNCAVÍ",
        "origen": 2,
        "tipo_estab": 6,
        "tipo_glosa": "JUNJI VTF",
        "matricula_total": 19,
        "mat_sala_cuna": 0,
        "mat_medio": 19,
        "mat_transicion": 0,
        "slep_sostenedor": "Costa Central",
        "slep_procedencia": "declarada_2025"
      },
      "geometry": {
        "type": "Point",
        "coordinates": [
          -71.406037,
          -32.697112
        ]
      }
    },
    {
      "type": "Feature",
      "properties": {
        "id_estab": "52905",
        "nombre": "VALLE DE CANTORES",
        "cod_comuna": "5105",
        "comuna": "PUCHUNCAVÍ",
        "origen": 3,
        "tipo_estab": 7,
        "tipo_glosa": "INTEGRA Administracion Directa",
        "matricula_total": 10,
        "mat_sala_cuna": 0,
        "mat_medio": 10,
        "mat_transicion": 0,
        "slep_sostenedor": null,
        "slep_procedencia": "sin_dato"
      },
      "geometry": {
        "type": "Point",
        "coordinates": [
          -71.40396,
          -33.316988
        ]
      }
    },
    {
      "type": "Feature",
      "properties": {
        "id_estab": "1855",
        "nombre": "ESCUELA BASICA REPUBLICA DE FRANCIA",
        "cod_comuna": "5107",
        "comuna": "QUINTERO",
        "origen": 1,
        "tipo_estab": 4,
        "tipo_glosa": "Escuela Servicio Local de Educacion",
        "matricula_total": 71,
        "mat_sala_cuna": 0,
        "mat_medio": 0,
        "mat_transicion": 71,
        "slep_sostenedor": "Costa Central",
        "slep_procedencia": "declarada_2025"
      },
      "geometry": {
        "type": "Point",
        "coordinates": [
          -71.530838,
          -32.79121
        ]
      }
    },
    {
      "type": "Feature",
      "properties": {
        "id_estab": "14559",
        "nombre": "ESCUELA ESPECIAL LOURDES",
        "cod_comuna": "5107",
        "comuna": "QUINTERO",
        "origen": 1,
        "tipo_estab": 2,
        "tipo_glosa": "Escuela Particular Subvencionado",
        "matricula_total": 16,
        "mat_sala_cuna": 0,
        "mat_medio": 0,
        "mat_transicion": 16,
        "slep_sostenedor": null,
        "slep_procedencia": "sin_dato"
      },
      "geometry": {
        "type": "Point",
        "coordinates": [
          -71.53393,
          -32.77775
        ]
      }
    },
    {
      "type": "Feature",
      "properties": {
        "id_estab": "1858",
        "nombre": "COLEGIO DON ORIONE",
        "cod_comuna": "5107",
        "comuna": "QUINTERO",
        "origen": 1,
        "tipo_estab": 2,
        "tipo_glosa": "Escuela Particular Subvencionado",
        "matricula_total": 113,
        "mat_sala_cuna": 0,
        "mat_medio": 0,
        "mat_transicion": 113,
        "slep_sostenedor": null,
        "slep_procedencia": "sin_dato"
      },
      "geometry": {
        "type": "Point",
        "coordinates": [
          -71.533737,
          -32.78648
        ]
      }
    },
    {
      "type": "Feature",
      "properties": {
        "id_estab": "14526",
        "nombre": "COLEGIO ALONSO DE QUINTERO",
        "cod_comuna": "5107",
        "comuna": "QUINTERO",
        "origen": 1,
        "tipo_estab": 2,
        "tipo_glosa": "Escuela Particular Subvencionado",
        "matricula_total": 106,
        "mat_sala_cuna": 0,
        "mat_medio": 0,
        "mat_transicion": 106,
        "slep_sostenedor": null,
        "slep_procedencia": "sin_dato"
      },
      "geometry": {
        "type": "Point",
        "coordinates": [
          -71.532822,
          -32.775631
        ]
      }
    },
    {
      "type": "Feature",
      "properties": {
        "id_estab": "1860",
        "nombre": "COLEGIO INGLES",
        "cod_comuna": "5107",
        "comuna": "QUINTERO",
        "origen": 1,
        "tipo_estab": 2,
        "tipo_glosa": "Escuela Particular Subvencionado",
        "matricula_total": 74,
        "mat_sala_cuna": 0,
        "mat_medio": 0,
        "mat_transicion": 74,
        "slep_sostenedor": null,
        "slep_procedencia": "sin_dato"
      },
      "geometry": {
        "type": "Point",
        "coordinates": [
          -71.531143,
          -32.783138
        ]
      }
    },
    {
      "type": "Feature",
      "properties": {
        "id_estab": "31449",
        "nombre": "ESC. ESP. DE LENG. Y JARDIN NUEVO MUNDO",
        "cod_comuna": "5107",
        "comuna": "QUINTERO",
        "origen": 1,
        "tipo_estab": 2,
        "tipo_glosa": "Escuela Particular Subvencionado",
        "matricula_total": 82,
        "mat_sala_cuna": 0,
        "mat_medio": 40,
        "mat_transicion": 42,
        "slep_sostenedor": null,
        "slep_procedencia": "sin_dato"
      },
      "geometry": {
        "type": "Point",
        "coordinates": [
          -71.53281,
          -32.77687
        ]
      }
    },
    {
      "type": "Feature",
      "properties": {
        "id_estab": "1859",
        "nombre": "COLEGIO SANTA FILOMENA",
        "cod_comuna": "5107",
        "comuna": "QUINTERO",
        "origen": 1,
        "tipo_estab": 2,
        "tipo_glosa": "Escuela Particular Subvencionado",
        "matricula_total": 60,
        "mat_sala_cuna": 0,
        "mat_medio": 0,
        "mat_transicion": 60,
        "slep_sostenedor": null,
        "slep_procedencia": "sin_dato"
      },
      "geometry": {
        "type": "Point",
        "coordinates": [
          -71.528999,
          -32.780991
        ]
      }
    },
    {
      "type": "Feature",
      "properties": {
        "id_estab": "14213",
        "nombre": "COLEGIO VALLE DE NARAU",
        "cod_comuna": "5107",
        "comuna": "QUINTERO",
        "origen": 1,
        "tipo_estab": 4,
        "tipo_glosa": "Escuela Servicio Local de Educacion",
        "matricula_total": 48,
        "mat_sala_cuna": 0,
        "mat_medio": 0,
        "mat_transicion": 48,
        "slep_sostenedor": "Costa Central",
        "slep_procedencia": "declarada_2025"
      },
      "geometry": {
        "type": "Point",
        "coordinates": [
          -71.534317,
          -32.79414
        ]
      }
    },
    {
      "type": "Feature",
      "properties": {
        "id_estab": "1857",
        "nombre": "ESCUELA JUAN JOSE TORTEL",
        "cod_comuna": "5107",
        "comuna": "QUINTERO",
        "origen": 1,
        "tipo_estab": 4,
        "tipo_glosa": "Escuela Servicio Local de Educacion",
        "matricula_total": 28,
        "mat_sala_cuna": 0,
        "mat_medio": 0,
        "mat_transicion": 28,
        "slep_sostenedor": "Costa Central",
        "slep_procedencia": "declarada_2025"
      },
      "geometry": {
        "type": "Point",
        "coordinates": [
          -71.440666,
          -32.81163
        ]
      }
    },
    {
      "type": "Feature",
      "properties": {
        "id_estab": "14863",
        "nombre": "ESC.ESPEC DE LENGUAJE SAN GABRIEL",
        "cod_comuna": "5107",
        "comuna": "QUINTERO",
        "origen": 1,
        "tipo_estab": 2,
        "tipo_glosa": "Escuela Particular Subvencionado",
        "matricula_total": 72,
        "mat_sala_cuna": 0,
        "mat_medio": 30,
        "mat_transicion": 42,
        "slep_sostenedor": null,
        "slep_procedencia": "sin_dato"
      },
      "geometry": {
        "type": "Point",
        "coordinates": [
          -71.52958,
          -32.78916
        ]
      }
    },
    {
      "type": "Feature",
      "properties": {
        "id_estab": "1853",
        "nombre": "COLEGIO ARTÍSTICO COSTA MAUCO",
        "cod_comuna": "5107",
        "comuna": "QUINTERO",
        "origen": 1,
        "tipo_estab": 4,
        "tipo_glosa": "Escuela Servicio Local de Educacion",
        "matricula_total": 31,
        "mat_sala_cuna": 0,
        "mat_medio": 0,
        "mat_transicion": 31,
        "slep_sostenedor": "Costa Central",
        "slep_procedencia": "declarada_2025"
      },
      "geometry": {
        "type": "Point",
        "coordinates": [
          -71.500832,
          -32.787571
        ]
      }
    },
    {
      "type": "Feature",
      "properties": {
        "id_estab": "1856",
        "nombre": "ESCUELA MANTAGUA",
        "cod_comuna": "5107",
        "comuna": "QUINTERO",
        "origen": 1,
        "tipo_estab": 4,
        "tipo_glosa": "Escuela Servicio Local de Educacion",
        "matricula_total": 24,
        "mat_sala_cuna": 0,
        "mat_medio": 0,
        "mat_transicion": 24,
        "slep_sostenedor": "Costa Central",
        "slep_procedencia": "declarada_2025"
      },
      "geometry": {
        "type": "Point",
        "coordinates": [
          -71.476662,
          -32.864368
        ]
      }
    },
    {
      "type": "Feature",
      "properties": {
        "id_estab": "5107003",
        "nombre": "BURBUJITAS DE SUEÑOS",
        "cod_comuna": "5107",
        "comuna": "QUINTERO",
        "origen": 2,
        "tipo_estab": 6,
        "tipo_glosa": "JUNJI VTF",
        "matricula_total": 116,
        "mat_sala_cuna": 32,
        "mat_medio": 84,
        "mat_transicion": 0,
        "slep_sostenedor": "Costa Central",
        "slep_procedencia": "declarada_2025"
      },
      "geometry": {
        "type": "Point",
        "coordinates": [
          -71.537053,
          -32.798057
        ]
      }
    },
    {
      "type": "Feature",
      "properties": {
        "id_estab": "52901",
        "nombre": "GRANERITOS DE CASABLANCA",
        "cod_comuna": "5107",
        "comuna": "QUINTERO",
        "origen": 3,
        "tipo_estab": 7,
        "tipo_glosa": "INTEGRA Administracion Directa",
        "matricula_total": 107,
        "mat_sala_cuna": 52,
        "mat_medio": 55,
        "mat_transicion": 0,
        "slep_sostenedor": null,
        "slep_procedencia": "sin_dato"
      },
      "geometry": {
        "type": "Point",
        "coordinates": [
          -71.410993,
          -33.32111
        ]
      }
    },
    {
      "type": "Feature",
      "properties": {
        "id_estab": "53801",
        "nombre": "CAMPANITAS",
        "cod_comuna": "5107",
        "comuna": "QUINTERO",
        "origen": 3,
        "tipo_estab": 7,
        "tipo_glosa": "INTEGRA Administracion Directa",
        "matricula_total": 68,
        "mat_sala_cuna": 0,
        "mat_medio": 68,
        "mat_transicion": 0,
        "slep_sostenedor": null,
        "slep_procedencia": "sin_dato"
      },
      "geometry": {
        "type": "Point",
        "coordinates": [
          -71.513031,
          -32.927799
        ]
      }
    },
    {
      "type": "Feature",
      "properties": {
        "id_estab": "5107101",
        "nombre": "RAYITO DE SOL",
        "cod_comuna": "5107",
        "comuna": "QUINTERO",
        "origen": 2,
        "tipo_estab": 5,
        "tipo_glosa": "JUNJI Administracion Directa",
        "matricula_total": 15,
        "mat_sala_cuna": 0,
        "mat_medio": 13,
        "mat_transicion": 2,
        "slep_sostenedor": null,
        "slep_procedencia": "sin_dato"
      },
      "geometry": {
        "type": "Point",
        "coordinates": [
          -71.476714,
          -32.864568
        ]
      }
    },
    {
      "type": "Feature",
      "properties": {
        "id_estab": "5107002",
        "nombre": "PEQUEÑOS PIRATAS",
        "cod_comuna": "5107",
        "comuna": "QUINTERO",
        "origen": 2,
        "tipo_estab": 6,
        "tipo_glosa": "JUNJI VTF",
        "matricula_total": 93,
        "mat_sala_cuna": 31,
        "mat_medio": 62,
        "mat_transicion": 0,
        "slep_sostenedor": "Costa Central",
        "slep_procedencia": "declarada_2025"
      },
      "geometry": {
        "type": "Point",
        "coordinates": [
          -71.529893,
          -32.785662
        ]
      }
    },
    {
      "type": "Feature",
      "properties": {
        "id_estab": "5107004",
        "nombre": "MICHELLE BACHELLET JERIA",
        "cod_comuna": "5107",
        "comuna": "QUINTERO",
        "origen": 2,
        "tipo_estab": 6,
        "tipo_glosa": "JUNJI VTF",
        "matricula_total": 52,
        "mat_sala_cuna": 20,
        "mat_medio": 32,
        "mat_transicion": 0,
        "slep_sostenedor": "Costa Central",
        "slep_procedencia": "declarada_2025"
      },
      "geometry": {
        "type": "Point",
        "coordinates": [
          -71.50448,
          -32.787696
        ]
      }
    },
    {
      "type": "Feature",
      "properties": {
        "id_estab": "5107001",
        "nombre": "VALLE DE NARAU",
        "cod_comuna": "5107",
        "comuna": "QUINTERO",
        "origen": 2,
        "tipo_estab": 6,
        "tipo_glosa": "JUNJI VTF",
        "matricula_total": 83,
        "mat_sala_cuna": 21,
        "mat_medio": 62,
        "mat_transicion": 0,
        "slep_sostenedor": "Costa Central",
        "slep_procedencia": "declarada_2025"
      },
      "geometry": {
        "type": "Point",
        "coordinates": [
          -71.534265,
          -32.794287
        ]
      }
    },
    {
      "type": "Feature",
      "properties": {
        "id_estab": "14323",
        "nombre": "COLEGIO JOSEFINA MAGASICH ARZE",
        "cod_comuna": "5109",
        "comuna": "VIÑA DEL MAR",
        "origen": 1,
        "tipo_estab": 2,
        "tipo_glosa": "Escuela Particular Subvencionado",
        "matricula_total": 34,
        "mat_sala_cuna": 0,
        "mat_medio": 0,
        "mat_transicion": 34,
        "slep_sostenedor": null,
        "slep_procedencia": "sin_dato"
      },
      "geometry": {
        "type": "Point",
        "coordinates": [
          -71.492653,
          -32.999561
        ]
      }
    },
    {
      "type": "Feature",
      "properties": {
        "id_estab": "14516",
        "nombre": "ESCUELA ESPECIAL CANEC",
        "cod_comuna": "5109",
        "comuna": "VIÑA DEL MAR",
        "origen": 1,
        "tipo_estab": 2,
        "tipo_glosa": "Escuela Particular Subvencionado",
        "matricula_total": 16,
        "mat_sala_cuna": 0,
        "mat_medio": 0,
        "mat_transicion": 16,
        "slep_sostenedor": null,
        "slep_procedencia": "sin_dato"
      },
      "geometry": {
        "type": "Point",
        "coordinates": [
          -71.54234,
          -33.029199
        ]
      }
    },
    {
      "type": "Feature",
      "properties": {
        "id_estab": "1681",
        "nombre": "COLEGIO REPUBLICA DE COLOMBIA",
        "cod_comuna": "5109",
        "comuna": "VIÑA DEL MAR",
        "origen": 1,
        "tipo_estab": 4,
        "tipo_glosa": "Escuela Servicio Local de Educacion",
        "matricula_total": 41,
        "mat_sala_cuna": 0,
        "mat_medio": 0,
        "mat_transicion": 41,
        "slep_sostenedor": "Costa Central",
        "slep_procedencia": "declarada_2025"
      },
      "geometry": {
        "type": "Point",
        "coordinates": [
          -71.545883,
          -33.014671
        ]
      }
    },
    {
      "type": "Feature",
      "properties": {
        "id_estab": "1728",
        "nombre": "ESCUELA BASICA LUISA NIETO DE HAMEL",
        "cod_comuna": "5109",
        "comuna": "VIÑA DEL MAR",
        "origen": 1,
        "tipo_estab": 4,
        "tipo_glosa": "Escuela Servicio Local de Educacion",
        "matricula_total": 11,
        "mat_sala_cuna": 0,
        "mat_medio": 0,
        "mat_transicion": 11,
        "slep_sostenedor": "Costa Central",
        "slep_procedencia": "declarada_2025"
      },
      "geometry": {
        "type": "Point",
        "coordinates": [
          -71.530128,
          -32.97393
        ]
      }
    },
    {
      "type": "Feature",
      "properties": {
        "id_estab": "14851",
        "nombre": "JARDIN INFANTIL TIA MONONA",
        "cod_comuna": "5109",
        "comuna": "VIÑA DEL MAR",
        "origen": 1,
        "tipo_estab": 2,
        "tipo_glosa": "Escuela Particular Subvencionado",
        "matricula_total": 29,
        "mat_sala_cuna": 0,
        "mat_medio": 0,
        "mat_transicion": 29,
        "slep_sostenedor": null,
        "slep_procedencia": "sin_dato"
      },
      "geometry": {
        "type": "Point",
        "coordinates": [
          -71.52143,
          -33.02797
        ]
      }
    },
    {
      "type": "Feature",
      "properties": {
        "id_estab": "14396",
        "nombre": "COLEGIO MEDIOAMBIENTAL LAS AMAPOLAS",
        "cod_comuna": "5109",
        "comuna": "VIÑA DEL MAR",
        "origen": 1,
        "tipo_estab": 2,
        "tipo_glosa": "Escuela Particular Subvencionado",
        "matricula_total": 6,
        "mat_sala_cuna": 0,
        "mat_medio": 0,
        "mat_transicion": 6,
        "slep_sostenedor": null,
        "slep_procedencia": "sin_dato"
      },
      "geometry": {
        "type": "Point",
        "coordinates": [
          -71.499382,
          -33.008228
        ]
      }
    },
    {
      "type": "Feature",
      "properties": {
        "id_estab": "1682",
        "nombre": "COLEGIO MIRAFLORES",
        "cod_comuna": "5109",
        "comuna": "VIÑA DEL MAR",
        "origen": 1,
        "tipo_estab": 4,
        "tipo_glosa": "Escuela Servicio Local de Educacion",
        "matricula_total": 31,
        "mat_sala_cuna": 0,
        "mat_medio": 0,
        "mat_transicion": 31,
        "slep_sostenedor": "Costa Central",
        "slep_procedencia": "declarada_2025"
      },
      "geometry": {
        "type": "Point",
        "coordinates": [
          -71.517014,
          -33.02219
        ]
      }
    },
    {
      "type": "Feature",
      "properties": {
        "id_estab": "14904",
        "nombre": "ESCUELA DE PARVULOS CASCANUECES",
        "cod_comuna": "5109",
        "comuna": "VIÑA DEL MAR",
        "origen": 1,
        "tipo_estab": 2,
        "tipo_glosa": "Escuela Particular Subvencionado",
        "matricula_total": 43,
        "mat_sala_cuna": 0,
        "mat_medio": 0,
        "mat_transicion": 43,
        "slep_sostenedor": null,
        "slep_procedencia": "sin_dato"
      },
      "geometry": {
        "type": "Point",
        "coordinates": [
          -71.49426,
          -33.00005
        ]
      }
    },
    {
      "type": "Feature",
      "properties": {
        "id_estab": "20518",
        "nombre": "ESCUELA ESPECIAL DE LENGUAJE AGUA SANTA",
        "cod_comuna": "5109",
        "comuna": "VIÑA DEL MAR",
        "origen": 1,
        "tipo_estab": 2,
        "tipo_glosa": "Escuela Particular Subvencionado",
        "matricula_total": 39,
        "mat_sala_cuna": 0,
        "mat_medio": 13,
        "mat_transicion": 26,
        "slep_sostenedor": null,
        "slep_procedencia": "sin_dato"
      },
      "geometry": {
        "type": "Point",
        "coordinates": [
          -71.559212,
          -33.054508
        ]
      }
    },
    {
      "type": "Feature",
      "properties": {
        "id_estab": "1746",
        "nombre": "INST. DESARR. PARA NINOS CON S.DOWN",
        "cod_comuna": "5109",
        "comuna": "VIÑA DEL MAR",
        "origen": 1,
        "tipo_estab": 2,
        "tipo_glosa": "Escuela Particular Subvencionado",
        "matricula_total": 8,
        "mat_sala_cuna": 0,
        "mat_medio": 0,
        "mat_transicion": 8,
        "slep_sostenedor": null,
        "slep_procedencia": "sin_dato"
      },
      "geometry": {
        "type": "Point",
        "coordinates": [
          -71.54128,
          -33.01853
        ]
      }
    },
    {
      "type": "Feature",
      "properties": {
        "id_estab": "40212",
        "nombre": "ESCUELA ESPECIAL DE LENGUAJE CHISPITAS ALEGRE",
        "cod_comuna": "5109",
        "comuna": "VIÑA DEL MAR",
        "origen": 1,
        "tipo_estab": 2,
        "tipo_glosa": "Escuela Particular Subvencionado",
        "matricula_total": 60,
        "mat_sala_cuna": 0,
        "mat_medio": 15,
        "mat_transicion": 45,
        "slep_sostenedor": null,
        "slep_procedencia": "sin_dato"
      },
      "geometry": {
        "type": "Point",
        "coordinates": [
          -71.49491,
          -33.021687
        ]
      }
    },
    {
      "type": "Feature",
      "properties": {
        "id_estab": "1668",
        "nombre": "ESCUELA ESPECIAL RAPA NUI",
        "cod_comuna": "5109",
        "comuna": "VIÑA DEL MAR",
        "origen": 1,
        "tipo_estab": 4,
        "tipo_glosa": "Escuela Servicio Local de Educacion",
        "matricula_total": 26,
        "mat_sala_cuna": 0,
        "mat_medio": 3,
        "mat_transicion": 23,
        "slep_sostenedor": "Costa Central",
        "slep_procedencia": "declarada_2025"
      },
      "geometry": {
        "type": "Point",
        "coordinates": [
          -71.521667,
          -32.993954
        ]
      }
    },
    {
      "type": "Feature",
      "properties": {
        "id_estab": "1732",
        "nombre": "ESCUELA VIOLETA PARRA",
        "cod_comuna": "5109",
        "comuna": "VIÑA DEL MAR",
        "origen": 1,
        "tipo_estab": 4,
        "tipo_glosa": "Escuela Servicio Local de Educacion",
        "matricula_total": 24,
        "mat_sala_cuna": 0,
        "mat_medio": 0,
        "mat_transicion": 24,
        "slep_sostenedor": "Costa Central",
        "slep_procedencia": "declarada_2025"
      },
      "geometry": {
        "type": "Point",
        "coordinates": [
          -71.531647,
          -33.04184
        ]
      }
    },
    {
      "type": "Feature",
      "properties": {
        "id_estab": "1752",
        "nombre": "ESCUELA PARTICULAR SANTA FILOMENA",
        "cod_comuna": "5109",
        "comuna": "VIÑA DEL MAR",
        "origen": 1,
        "tipo_estab": 2,
        "tipo_glosa": "Escuela Particular Subvencionado",
        "matricula_total": 71,
        "mat_sala_cuna": 0,
        "mat_medio": 0,
        "mat_transicion": 71,
        "slep_sostenedor": null,
        "slep_procedencia": "sin_dato"
      },
      "geometry": {
        "type": "Point",
        "coordinates": [
          -71.542839,
          -33.026291
        ]
      }
    },
    {
      "type": "Feature",
      "properties": {
        "id_estab": "14903",
        "nombre": "ESC.ESP.DE LENG.NIÑO DIVINO",
        "cod_comuna": "5109",
        "comuna": "VIÑA DEL MAR",
        "origen": 1,
        "tipo_estab": 2,
        "tipo_glosa": "Escuela Particular Subvencionado",
        "matricula_total": 84,
        "mat_sala_cuna": 0,
        "mat_medio": 30,
        "mat_transicion": 54,
        "slep_sostenedor": null,
        "slep_procedencia": "sin_dato"
      },
      "geometry": {
        "type": "Point",
        "coordinates": [
          -71.54806,
          -33.04391
        ]
      }
    },
    {
      "type": "Feature",
      "properties": {
        "id_estab": "14490",
        "nombre": "COLEGIO MANANTIAL",
        "cod_comuna": "5109",
        "comuna": "VIÑA DEL MAR",
        "origen": 1,
        "tipo_estab": 2,
        "tipo_glosa": "Escuela Particular Subvencionado",
        "matricula_total": 35,
        "mat_sala_cuna": 0,
        "mat_medio": 0,
        "mat_transicion": 35,
        "slep_sostenedor": null,
        "slep_procedencia": "sin_dato"
      },
      "geometry": {
        "type": "Point",
        "coordinates": [
          -71.501404,
          -32.999439
        ]
      }
    },
    {
      "type": "Feature",
      "properties": {
        "id_estab": "1686",
        "nombre": "ESCUELA TEODORO LOWEY",
        "cod_comuna": "5109",
        "comuna": "VIÑA DEL MAR",
        "origen": 1,
        "tipo_estab": 4,
        "tipo_glosa": "Escuela Servicio Local de Educacion",
        "matricula_total": 61,
        "mat_sala_cuna": 0,
        "mat_medio": 0,
        "mat_transicion": 61,
        "slep_sostenedor": "Costa Central",
        "slep_procedencia": "declarada_2025"
      },
      "geometry": {
        "type": "Point",
        "coordinates": [
          -71.580948,
          -33.030399
        ]
      }
    },
    {
      "type": "Feature",
      "properties": {
        "id_estab": "40413",
        "nombre": "ESC.ESP.DE LENGUAJE Y J.INFANTIL CARITAS",
        "cod_comuna": "5109",
        "comuna": "VIÑA DEL MAR",
        "origen": 1,
        "tipo_estab": 2,
        "tipo_glosa": "Escuela Particular Subvencionado",
        "matricula_total": 122,
        "mat_sala_cuna": 0,
        "mat_medio": 25,
        "mat_transicion": 97,
        "slep_sostenedor": null,
        "slep_procedencia": "sin_dato"
      },
      "geometry": {
        "type": "Point",
        "coordinates": [
          -71.53659,
          -33.053402
        ]
      }
    },
    {
      "type": "Feature",
      "properties": {
        "id_estab": "14616",
        "nombre": "COLEGIO LOS PRINCIPES",
        "cod_comuna": "5109",
        "comuna": "VIÑA DEL MAR",
        "origen": 1,
        "tipo_estab": 2,
        "tipo_glosa": "Escuela Particular Subvencionado",
        "matricula_total": 120,
        "mat_sala_cuna": 0,
        "mat_medio": 27,
        "mat_transicion": 93,
        "slep_sostenedor": null,
        "slep_procedencia": "sin_dato"
      },
      "geometry": {
        "type": "Point",
        "coordinates": [
          -71.502151,
          -33.01326
        ]
      }
    },
    {
      "type": "Feature",
      "properties": {
        "id_estab": "14608",
        "nombre": "COLEGIO JUANITA FERNANDEZ",
        "cod_comuna": "5109",
        "comuna": "VIÑA DEL MAR",
        "origen": 1,
        "tipo_estab": 2,
        "tipo_glosa": "Escuela Particular Subvencionado",
        "matricula_total": 83,
        "mat_sala_cuna": 0,
        "mat_medio": 0,
        "mat_transicion": 83,
        "slep_sostenedor": null,
        "slep_procedencia": "sin_dato"
      },
      "geometry": {
        "type": "Point",
        "coordinates": [
          -71.497887,
          -33.00436
        ]
      }
    },
    {
      "type": "Feature",
      "properties": {
        "id_estab": "40042",
        "nombre": "COLEGIO CASTILLA Y ARAGON",
        "cod_comuna": "5109",
        "comuna": "VIÑA DEL MAR",
        "origen": 1,
        "tipo_estab": 2,
        "tipo_glosa": "Escuela Particular Subvencionado",
        "matricula_total": 93,
        "mat_sala_cuna": 0,
        "mat_medio": 11,
        "mat_transicion": 82,
        "slep_sostenedor": null,
        "slep_procedencia": "sin_dato"
      },
      "geometry": {
        "type": "Point",
        "coordinates": [
          -71.515244,
          -32.994991
        ]
      }
    },
    {
      "type": "Feature",
      "properties": {
        "id_estab": "1795",
        "nombre": "COLEGIO SAN IGNACIO",
        "cod_comuna": "5109",
        "comuna": "VIÑA DEL MAR",
        "origen": 1,
        "tipo_estab": 2,
        "tipo_glosa": "Escuela Particular Subvencionado",
        "matricula_total": 91,
        "mat_sala_cuna": 0,
        "mat_medio": 0,
        "mat_transicion": 91,
        "slep_sostenedor": null,
        "slep_procedencia": "sin_dato"
      },
      "geometry": {
        "type": "Point",
        "coordinates": [
          -71.530472,
          -33.032051
        ]
      }
    },
    {
      "type": "Feature",
      "properties": {
        "id_estab": "40090",
        "nombre": "ESCUELA ESPECIAL SANATORIO MARITIMO SN JUAN D",
        "cod_comuna": "5109",
        "comuna": "VIÑA DEL MAR",
        "origen": 1,
        "tipo_estab": 2,
        "tipo_glosa": "Escuela Particular Subvencionado",
        "matricula_total": 23,
        "mat_sala_cuna": 0,
        "mat_medio": 13,
        "mat_transicion": 10,
        "slep_sostenedor": null,
        "slep_procedencia": "sin_dato"
      },
      "geometry": {
        "type": "Point",
        "coordinates": [
          -71.52319,
          -32.9935
        ]
      }
    },
    {
      "type": "Feature",
      "properties": {
        "id_estab": "14521",
        "nombre": "ESC. SAINT PATRICK SCHOOL",
        "cod_comuna": "5109",
        "comuna": "VIÑA DEL MAR",
        "origen": 1,
        "tipo_estab": 2,
        "tipo_glosa": "Escuela Particular Subvencionado",
        "matricula_total": 75,
        "mat_sala_cuna": 0,
        "mat_medio": 0,
        "mat_transicion": 75,
        "slep_sostenedor": null,
        "slep_procedencia": "sin_dato"
      },
      "geometry": {
        "type": "Point",
        "coordinates": [
          -71.537254,
          -33.00491
        ]
      }
    },
    {
      "type": "Feature",
      "properties": {
        "id_estab": "40155",
        "nombre": "COLEGIO DIEGO VELÁZQUEZ",
        "cod_comuna": "5109",
        "comuna": "VIÑA DEL MAR",
        "origen": 1,
        "tipo_estab": 2,
        "tipo_glosa": "Escuela Particular Subvencionado",
        "matricula_total": 50,
        "mat_sala_cuna": 0,
        "mat_medio": 10,
        "mat_transicion": 40,
        "slep_sostenedor": null,
        "slep_procedencia": "sin_dato"
      },
      "geometry": {
        "type": "Point",
        "coordinates": [
          -71.495872,
          -33.002918
        ]
      }
    },
    {
      "type": "Feature",
      "properties": {
        "id_estab": "1712",
        "nombre": "ESCUELA VILLA MONTE",
        "cod_comuna": "5109",
        "comuna": "VIÑA DEL MAR",
        "origen": 1,
        "tipo_estab": 4,
        "tipo_glosa": "Escuela Servicio Local de Educacion",
        "matricula_total": 18,
        "mat_sala_cuna": 0,
        "mat_medio": 0,
        "mat_transicion": 18,
        "slep_sostenedor": "Costa Central",
        "slep_procedencia": "declarada_2025"
      },
      "geometry": {
        "type": "Point",
        "coordinates": [
          -71.558472,
          -33.04427
        ]
      }
    },
    {
      "type": "Feature",
      "properties": {
        "id_estab": "40170",
        "nombre": "ESCUELA ESPECIAL DE LENGUAJE COMPAÑIA DE JESU",
        "cod_comuna": "5109",
        "comuna": "VIÑA DEL MAR",
        "origen": 1,
        "tipo_estab": 2,
        "tipo_glosa": "Escuela Particular Subvencionado",
        "matricula_total": 336,
        "mat_sala_cuna": 0,
        "mat_medio": 157,
        "mat_transicion": 179,
        "slep_sostenedor": null,
        "slep_procedencia": "sin_dato"
      },
      "geometry": {
        "type": "Point",
        "coordinates": [
          -71.495735,
          -33.012653
        ]
      }
    },
    {
      "type": "Feature",
      "properties": {
        "id_estab": "1708",
        "nombre": "ESCUELA ENRIQUE CARDENAS RIVERA",
        "cod_comuna": "5109",
        "comuna": "VIÑA DEL MAR",
        "origen": 1,
        "tipo_estab": 4,
        "tipo_glosa": "Escuela Servicio Local de Educacion",
        "matricula_total": 15,
        "mat_sala_cuna": 0,
        "mat_medio": 0,
        "mat_transicion": 15,
        "slep_sostenedor": "Costa Central",
        "slep_procedencia": "declarada_2025"
      },
      "geometry": {
        "type": "Point",
        "coordinates": [
          -71.485519,
          -32.994518
        ]
      }
    },
    {
      "type": "Feature",
      "properties": {
        "id_estab": "1703",
        "nombre": "ESCUELA PRESIDENTE JOSE MANUEL BALMACEDA",
        "cod_comuna": "5109",
        "comuna": "VIÑA DEL MAR",
        "origen": 1,
        "tipo_estab": 4,
        "tipo_glosa": "Escuela Servicio Local de Educacion",
        "matricula_total": 9,
        "mat_sala_cuna": 0,
        "mat_medio": 0,
        "mat_transicion": 9,
        "slep_sostenedor": "Costa Central",
        "slep_procedencia": "declarada_2025"
      },
      "geometry": {
        "type": "Point",
        "coordinates": [
          -71.569817,
          -33.025101
        ]
      }
    },
    {
      "type": "Feature",
      "properties": {
        "id_estab": "1678",
        "nombre": "ESCUELA UNESCO",
        "cod_comuna": "5109",
        "comuna": "VIÑA DEL MAR",
        "origen": 1,
        "tipo_estab": 4,
        "tipo_glosa": "Escuela Servicio Local de Educacion",
        "matricula_total": 24,
        "mat_sala_cuna": 0,
        "mat_medio": 0,
        "mat_transicion": 24,
        "slep_sostenedor": "Costa Central",
        "slep_procedencia": "declarada_2025"
      },
      "geometry": {
        "type": "Point",
        "coordinates": [
          -71.513771,
          -32.996132
        ]
      }
    },
    {
      "type": "Feature",
      "properties": {
        "id_estab": "14862",
        "nombre": "COLEGIO NAZAREO",
        "cod_comuna": "5109",
        "comuna": "VIÑA DEL MAR",
        "origen": 1,
        "tipo_estab": 2,
        "tipo_glosa": "Escuela Particular Subvencionado",
        "matricula_total": 27,
        "mat_sala_cuna": 0,
        "mat_medio": 0,
        "mat_transicion": 27,
        "slep_sostenedor": null,
        "slep_procedencia": "sin_dato"
      },
      "geometry": {
        "type": "Point",
        "coordinates": [
          -71.478378,
          -32.994431
        ]
      }
    },
    {
      "type": "Feature",
      "properties": {
        "id_estab": "1777",
        "nombre": "COLEGIO SAINT DOMINIC",
        "cod_comuna": "5109",
        "comuna": "VIÑA DEL MAR",
        "origen": 1,
        "tipo_estab": 3,
        "tipo_glosa": "Escuela Particular Pagado",
        "matricula_total": 89,
        "mat_sala_cuna": 0,
        "mat_medio": 15,
        "mat_transicion": 74,
        "slep_sostenedor": null,
        "slep_procedencia": "sin_dato"
      },
      "geometry": {
        "type": "Point",
        "coordinates": [
          -71.548,
          -33.0171
        ]
      }
    },
    {
      "type": "Feature",
      "properties": {
        "id_estab": "12312",
        "nombre": "COLEGIO REBECA FERNANDEZ",
        "cod_comuna": "5109",
        "comuna": "VIÑA DEL MAR",
        "origen": 1,
        "tipo_estab": 2,
        "tipo_glosa": "Escuela Particular Subvencionado",
        "matricula_total": 41,
        "mat_sala_cuna": 0,
        "mat_medio": 0,
        "mat_transicion": 41,
        "slep_sostenedor": null,
        "slep_procedencia": "sin_dato"
      },
      "geometry": {
        "type": "Point",
        "coordinates": [
          -71.480904,
          -32.999039
        ]
      }
    },
    {
      "type": "Feature",
      "properties": {
        "id_estab": "12171",
        "nombre": "ESCUELA BASICA HUMBERTO VILCHEZ ALZAMORA",
        "cod_comuna": "5109",
        "comuna": "VIÑA DEL MAR",
        "origen": 1,
        "tipo_estab": 4,
        "tipo_glosa": "Escuela Servicio Local de Educacion",
        "matricula_total": 44,
        "mat_sala_cuna": 0,
        "mat_medio": 0,
        "mat_transicion": 44,
        "slep_sostenedor": "Costa Central",
        "slep_procedencia": "declarada_2025"
      },
      "geometry": {
        "type": "Point",
        "coordinates": [
          -71.546341,
          -33.012791
        ]
      }
    },
    {
      "type": "Feature",
      "properties": {
        "id_estab": "14924",
        "nombre": "ESC.ESP. DE LENGUAJE ACUARELA DEL MAR",
        "cod_comuna": "5109",
        "comuna": "VIÑA DEL MAR",
        "origen": 1,
        "tipo_estab": 2,
        "tipo_glosa": "Escuela Particular Subvencionado",
        "matricula_total": 81,
        "mat_sala_cuna": 0,
        "mat_medio": 40,
        "mat_transicion": 41,
        "slep_sostenedor": null,
        "slep_procedencia": "sin_dato"
      },
      "geometry": {
        "type": "Point",
        "coordinates": [
          -71.52421,
          -33.05178
        ]
      }
    },
    {
      "type": "Feature",
      "properties": {
        "id_estab": "1842",
        "nombre": "COLEGIO SAN ANDRES",
        "cod_comuna": "5109",
        "comuna": "VIÑA DEL MAR",
        "origen": 1,
        "tipo_estab": 2,
        "tipo_glosa": "Escuela Particular Subvencionado",
        "matricula_total": 36,
        "mat_sala_cuna": 0,
        "mat_medio": 0,
        "mat_transicion": 36,
        "slep_sostenedor": null,
        "slep_procedencia": "sin_dato"
      },
      "geometry": {
        "type": "Point",
        "coordinates": [
          -71.563766,
          -33.047081
        ]
      }
    },
    {
      "type": "Feature",
      "properties": {
        "id_estab": "14799",
        "nombre": "CTRO. DE RECURSOS ALTAVIDA",
        "cod_comuna": "5109",
        "comuna": "VIÑA DEL MAR",
        "origen": 1,
        "tipo_estab": 2,
        "tipo_glosa": "Escuela Particular Subvencionado",
        "matricula_total": 12,
        "mat_sala_cuna": 0,
        "mat_medio": 2,
        "mat_transicion": 10,
        "slep_sostenedor": null,
        "slep_procedencia": "sin_dato"
      },
      "geometry": {
        "type": "Point",
        "coordinates": [
          -71.530245,
          -33.031013
        ]
      }
    },
    {
      "type": "Feature",
      "properties": {
        "id_estab": "14801",
        "nombre": "COLEGIO LAS PALMAS",
        "cod_comuna": "5109",
        "comuna": "VIÑA DEL MAR",
        "origen": 1,
        "tipo_estab": 2,
        "tipo_glosa": "Escuela Particular Subvencionado",
        "matricula_total": 55,
        "mat_sala_cuna": 0,
        "mat_medio": 0,
        "mat_transicion": 55,
        "slep_sostenedor": null,
        "slep_procedencia": "sin_dato"
      },
      "geometry": {
        "type": "Point",
        "coordinates": [
          -71.535179,
          -33.057899
        ]
      }
    },
    {
      "type": "Feature",
      "properties": {
        "id_estab": "14629",
        "nombre": "COLEGIO CASTELIANO",
        "cod_comuna": "5109",
        "comuna": "VIÑA DEL MAR",
        "origen": 1,
        "tipo_estab": 2,
        "tipo_glosa": "Escuela Particular Subvencionado",
        "matricula_total": 69,
        "mat_sala_cuna": 0,
        "mat_medio": 0,
        "mat_transicion": 69,
        "slep_sostenedor": null,
        "slep_procedencia": "sin_dato"
      },
      "geometry": {
        "type": "Point",
        "coordinates": [
          -71.503036,
          -33.027901
        ]
      }
    },
    {
      "type": "Feature",
      "properties": {
        "id_estab": "1748",
        "nombre": "COLEGIO ESPANOL MARIA REINA",
        "cod_comuna": "5109",
        "comuna": "VIÑA DEL MAR",
        "origen": 1,
        "tipo_estab": 2,
        "tipo_glosa": "Escuela Particular Subvencionado",
        "matricula_total": 78,
        "mat_sala_cuna": 0,
        "mat_medio": 0,
        "mat_transicion": 78,
        "slep_sostenedor": null,
        "slep_procedencia": "sin_dato"
      },
      "geometry": {
        "type": "Point",
        "coordinates": [
          -71.485527,
          -33.002289
        ]
      }
    },
    {
      "type": "Feature",
      "properties": {
        "id_estab": "1667",
        "nombre": "ESCUELA ESPECIAL ADOLFO TANNENBAUM B.",
        "cod_comuna": "5109",
        "comuna": "VIÑA DEL MAR",
        "origen": 1,
        "tipo_estab": 4,
        "tipo_glosa": "Escuela Servicio Local de Educacion",
        "matricula_total": 61,
        "mat_sala_cuna": 0,
        "mat_medio": 9,
        "mat_transicion": 52,
        "slep_sostenedor": "Costa Central",
        "slep_procedencia": "declarada_2025"
      },
      "geometry": {
        "type": "Point",
        "coordinates": [
          -71.520111,
          -32.998711
        ]
      }
    },
    {
      "type": "Feature",
      "properties": {
        "id_estab": "14954",
        "nombre": "ESCUELA ESPECIAL DE LENGUAJE NUBECITAS",
        "cod_comuna": "5109",
        "comuna": "VIÑA DEL MAR",
        "origen": 1,
        "tipo_estab": 2,
        "tipo_glosa": "Escuela Particular Subvencionado",
        "matricula_total": 125,
        "mat_sala_cuna": 0,
        "mat_medio": 40,
        "mat_transicion": 85,
        "slep_sostenedor": null,
        "slep_procedencia": "sin_dato"
      },
      "geometry": {
        "type": "Point",
        "coordinates": [
          -71.53767,
          -33.0455
        ]
      }
    },
    {
      "type": "Feature",
      "properties": {
        "id_estab": "1669",
        "nombre": "ESCUELA ESPECIAL JUANITA DE AGUIRRE CERDA",
        "cod_comuna": "5109",
        "comuna": "VIÑA DEL MAR",
        "origen": 1,
        "tipo_estab": 4,
        "tipo_glosa": "Escuela Servicio Local de Educacion",
        "matricula_total": 39,
        "mat_sala_cuna": 0,
        "mat_medio": 7,
        "mat_transicion": 32,
        "slep_sostenedor": "Costa Central",
        "slep_procedencia": "declarada_2025"
      },
      "geometry": {
        "type": "Point",
        "coordinates": [
          -71.543945,
          -33.026665
        ]
      }
    },
    {
      "type": "Feature",
      "properties": {
        "id_estab": "1735",
        "nombre": "LICEO PARROQUIAL SAN ANTONIO",
        "cod_comuna": "5109",
        "comuna": "VIÑA DEL MAR",
        "origen": 1,
        "tipo_estab": 2,
        "tipo_glosa": "Escuela Particular Subvencionado",
        "matricula_total": 193,
        "mat_sala_cuna": 0,
        "mat_medio": 0,
        "mat_transicion": 193,
        "slep_sostenedor": null,
        "slep_procedencia": "sin_dato"
      },
      "geometry": {
        "type": "Point",
        "coordinates": [
          -71.542717,
          -33.013119
        ]
      }
    },
    {
      "type": "Feature",
      "properties": {
        "id_estab": "1796",
        "nombre": "COLEGIO COMPAÑIA DE MARIA",
        "cod_comuna": "5109",
        "comuna": "VIÑA DEL MAR",
        "origen": 1,
        "tipo_estab": 3,
        "tipo_glosa": "Escuela Particular Pagado",
        "matricula_total": 41,
        "mat_sala_cuna": 0,
        "mat_medio": 9,
        "mat_transicion": 32,
        "slep_sostenedor": null,
        "slep_procedencia": "sin_dato"
      },
      "geometry": {
        "type": "Point",
        "coordinates": [
          -71.57289,
          -33.026549
        ]
      }
    },
    {
      "type": "Feature",
      "properties": {
        "id_estab": "1692",
        "nombre": "ESCUELA ARTURO PRAT CHACON",
        "cod_comuna": "5109",
        "comuna": "VIÑA DEL MAR",
        "origen": 1,
        "tipo_estab": 4,
        "tipo_glosa": "Escuela Servicio Local de Educacion",
        "matricula_total": 59,
        "mat_sala_cuna": 0,
        "mat_medio": 0,
        "mat_transicion": 59,
        "slep_sostenedor": "Costa Central",
        "slep_procedencia": "declarada_2025"
      },
      "geometry": {
        "type": "Point",
        "coordinates": [
          -71.515404,
          -33.019539
        ]
      }
    },
    {
      "type": "Feature",
      "properties": {
        "id_estab": "40342",
        "nombre": "ESCUELA ESPEC. DE LENGUAJE REY CARLOS",
        "cod_comuna": "5109",
        "comuna": "VIÑA DEL MAR",
        "origen": 1,
        "tipo_estab": 2,
        "tipo_glosa": "Escuela Particular Subvencionado",
        "matricula_total": 82,
        "mat_sala_cuna": 0,
        "mat_medio": 35,
        "mat_transicion": 47,
        "slep_sostenedor": null,
        "slep_procedencia": "sin_dato"
      },
      "geometry": {
        "type": "Point",
        "coordinates": [
          -71.573875,
          -33.042625
        ]
      }
    },
    {
      "type": "Feature",
      "properties": {
        "id_estab": "14779",
        "nombre": "COLEGIO MAR ABIERTO",
        "cod_comuna": "5109",
        "comuna": "VIÑA DEL MAR",
        "origen": 1,
        "tipo_estab": 2,
        "tipo_glosa": "Escuela Particular Subvencionado",
        "matricula_total": 48,
        "mat_sala_cuna": 0,
        "mat_medio": 0,
        "mat_transicion": 48,
        "slep_sostenedor": null,
        "slep_procedencia": "sin_dato"
      },
      "geometry": {
        "type": "Point",
        "coordinates": [
          -71.627228,
          -33.042061
        ]
      }
    },
    {
      "type": "Feature",
      "properties": {
        "id_estab": "1720",
        "nombre": "ESCUELA MARCELA PAZ",
        "cod_comuna": "5109",
        "comuna": "VIÑA DEL MAR",
        "origen": 1,
        "tipo_estab": 4,
        "tipo_glosa": "Escuela Servicio Local de Educacion",
        "matricula_total": 20,
        "mat_sala_cuna": 0,
        "mat_medio": 0,
        "mat_transicion": 20,
        "slep_sostenedor": "Costa Central",
        "slep_procedencia": "declarada_2025"
      },
      "geometry": {
        "type": "Point",
        "coordinates": [
          -71.557411,
          -33.031891
        ]
      }
    },
    {
      "type": "Feature",
      "properties": {
        "id_estab": "52303",
        "nombre": "RAYÉN",
        "cod_comuna": "5109",
        "comuna": "VIÑA DEL MAR",
        "origen": 3,
        "tipo_estab": 7,
        "tipo_glosa": "INTEGRA Administracion Directa",
        "matricula_total": 124,
        "mat_sala_cuna": 27,
        "mat_medio": 84,
        "mat_transicion": 13,
        "slep_sostenedor": null,
        "slep_procedencia": "sin_dato"
      },
      "geometry": {
        "type": "Point",
        "coordinates": [
          -71.593756,
          -33.070775
        ]
      }
    },
    {
      "type": "Feature",
      "properties": {
        "id_estab": "14832",
        "nombre": "ESC.ESP.DE LENGUAJE DIVINA MISERICORDIA",
        "cod_comuna": "5109",
        "comuna": "VIÑA DEL MAR",
        "origen": 1,
        "tipo_estab": 2,
        "tipo_glosa": "Escuela Particular Subvencionado",
        "matricula_total": 87,
        "mat_sala_cuna": 0,
        "mat_medio": 41,
        "mat_transicion": 46,
        "slep_sostenedor": null,
        "slep_procedencia": "sin_dato"
      },
      "geometry": {
        "type": "Point",
        "coordinates": [
          -71.49411,
          -33.019104
        ]
      }
    },
    {
      "type": "Feature",
      "properties": {
        "id_estab": "1755",
        "nombre": "COLEGIO ANA MARIA JANER",
        "cod_comuna": "5109",
        "comuna": "VIÑA DEL MAR",
        "origen": 1,
        "tipo_estab": 2,
        "tipo_glosa": "Escuela Particular Subvencionado",
        "matricula_total": 77,
        "mat_sala_cuna": 0,
        "mat_medio": 0,
        "mat_transicion": 77,
        "slep_sostenedor": null,
        "slep_procedencia": "sin_dato"
      },
      "geometry": {
        "type": "Point",
        "coordinates": [
          -71.527588,
          -33.024479
        ]
      }
    },
    {
      "type": "Feature",
      "properties": {
        "id_estab": "1758",
        "nombre": "ESCUELA DE PARVULOS CRISOLITO",
        "cod_comuna": "5109",
        "comuna": "VIÑA DEL MAR",
        "origen": 1,
        "tipo_estab": 2,
        "tipo_glosa": "Escuela Particular Subvencionado",
        "matricula_total": 74,
        "mat_sala_cuna": 0,
        "mat_medio": 0,
        "mat_transicion": 74,
        "slep_sostenedor": null,
        "slep_procedencia": "sin_dato"
      },
      "geometry": {
        "type": "Point",
        "coordinates": [
          -71.51106,
          -33.023308
        ]
      }
    },
    {
      "type": "Feature",
      "properties": {
        "id_estab": "14753",
        "nombre": "COLEGIO MONTEALEGRE",
        "cod_comuna": "5109",
        "comuna": "VIÑA DEL MAR",
        "origen": 1,
        "tipo_estab": 2,
        "tipo_glosa": "Escuela Particular Subvencionado",
        "matricula_total": 37,
        "mat_sala_cuna": 0,
        "mat_medio": 0,
        "mat_transicion": 37,
        "slep_sostenedor": null,
        "slep_procedencia": "sin_dato"
      },
      "geometry": {
        "type": "Point",
        "coordinates": [
          -71.529648,
          -33.031448
        ]
      }
    },
    {
      "type": "Feature",
      "properties": {
        "id_estab": "31455",
        "nombre": "ESC. ESP. DE LENGUAJE Y JARDIN INFANTIL PEUMAYEN",
        "cod_comuna": "5109",
        "comuna": "VIÑA DEL MAR",
        "origen": 1,
        "tipo_estab": 2,
        "tipo_glosa": "Escuela Particular Subvencionado",
        "matricula_total": 24,
        "mat_sala_cuna": 0,
        "mat_medio": 10,
        "mat_transicion": 14,
        "slep_sostenedor": null,
        "slep_procedencia": "sin_dato"
      },
      "geometry": {
        "type": "Point",
        "coordinates": [
          -71.49614,
          -33.022
        ]
      }
    },
    {
      "type": "Feature",
      "properties": {
        "id_estab": "1684",
        "nombre": "ESCUELA LIBERTADOR BERNARDO O^HIGGINS",
        "cod_comuna": "5109",
        "comuna": "VIÑA DEL MAR",
        "origen": 1,
        "tipo_estab": 4,
        "tipo_glosa": "Escuela Servicio Local de Educacion",
        "matricula_total": 21,
        "mat_sala_cuna": 0,
        "mat_medio": 0,
        "mat_transicion": 21,
        "slep_sostenedor": "Costa Central",
        "slep_procedencia": "declarada_2025"
      },
      "geometry": {
        "type": "Point",
        "coordinates": [
          -71.549049,
          -33.02055
        ]
      }
    },
    {
      "type": "Feature",
      "properties": {
        "id_estab": "1724",
        "nombre": "ESCUELA PRESIDENTE EDUARDO FREI MONTALVA",
        "cod_comuna": "5109",
        "comuna": "VIÑA DEL MAR",
        "origen": 1,
        "tipo_estab": 4,
        "tipo_glosa": "Escuela Servicio Local de Educacion",
        "matricula_total": 30,
        "mat_sala_cuna": 0,
        "mat_medio": 0,
        "mat_transicion": 30,
        "slep_sostenedor": "Costa Central",
        "slep_procedencia": "declarada_2025"
      },
      "geometry": {
        "type": "Point",
        "coordinates": [
          -71.547432,
          -33.037529
        ]
      }
    },
    {
      "type": "Feature",
      "properties": {
        "id_estab": "1721",
        "nombre": "ESCUELA BASICA REPUBLICA DEL LIBANO",
        "cod_comuna": "5109",
        "comuna": "VIÑA DEL MAR",
        "origen": 1,
        "tipo_estab": 4,
        "tipo_glosa": "Escuela Servicio Local de Educacion",
        "matricula_total": 21,
        "mat_sala_cuna": 0,
        "mat_medio": 0,
        "mat_transicion": 21,
        "slep_sostenedor": "Costa Central",
        "slep_procedencia": "declarada_2025"
      },
      "geometry": {
        "type": "Point",
        "coordinates": [
          -71.506943,
          -33.017021
        ]
      }
    },
    {
      "type": "Feature",
      "properties": {
        "id_estab": "14387",
        "nombre": "COLEGIO SAN NICOLAS EL OLIVAR",
        "cod_comuna": "5109",
        "comuna": "VIÑA DEL MAR",
        "origen": 1,
        "tipo_estab": 2,
        "tipo_glosa": "Escuela Particular Subvencionado",
        "matricula_total": 44,
        "mat_sala_cuna": 0,
        "mat_medio": 0,
        "mat_transicion": 44,
        "slep_sostenedor": null,
        "slep_procedencia": "sin_dato"
      },
      "geometry": {
        "type": "Point",
        "coordinates": [
          -71.494492,
          -33.029831
        ]
      }
    },
    {
      "type": "Feature",
      "properties": {
        "id_estab": "14351",
        "nombre": "COLEGIO SAINT GREGORY COLLEGE",
        "cod_comuna": "5109",
        "comuna": "VIÑA DEL MAR",
        "origen": 1,
        "tipo_estab": 2,
        "tipo_glosa": "Escuela Particular Subvencionado",
        "matricula_total": 29,
        "mat_sala_cuna": 0,
        "mat_medio": 0,
        "mat_transicion": 29,
        "slep_sostenedor": null,
        "slep_procedencia": "sin_dato"
      },
      "geometry": {
        "type": "Point",
        "coordinates": [
          -71.488724,
          -32.996498
        ]
      }
    },
    {
      "type": "Feature",
      "properties": {
        "id_estab": "1698",
        "nombre": "ESCUELA PAUL HARRIS",
        "cod_comuna": "5109",
        "comuna": "VIÑA DEL MAR",
        "origen": 1,
        "tipo_estab": 4,
        "tipo_glosa": "Escuela Servicio Local de Educacion",
        "matricula_total": 42,
        "mat_sala_cuna": 0,
        "mat_medio": 0,
        "mat_transicion": 42,
        "slep_sostenedor": "Costa Central",
        "slep_procedencia": "declarada_2025"
      },
      "geometry": {
        "type": "Point",
        "coordinates": [
          -71.546791,
          -33.03941
        ]
      }
    },
    {
      "type": "Feature",
      "properties": {
        "id_estab": "14747",
        "nombre": "JARDIN INFANTIL MI PEQUENO MUNDO",
        "cod_comuna": "5109",
        "comuna": "VIÑA DEL MAR",
        "origen": 1,
        "tipo_estab": 2,
        "tipo_glosa": "Escuela Particular Subvencionado",
        "matricula_total": 51,
        "mat_sala_cuna": 0,
        "mat_medio": 0,
        "mat_transicion": 51,
        "slep_sostenedor": null,
        "slep_procedencia": "sin_dato"
      },
      "geometry": {
        "type": "Point",
        "coordinates": [
          -71.50999,
          -33.02379
        ]
      }
    },
    {
      "type": "Feature",
      "properties": {
        "id_estab": "1677",
        "nombre": "ESCUELA BASICA REPUBLICA DEL ECUADOR",
        "cod_comuna": "5109",
        "comuna": "VIÑA DEL MAR",
        "origen": 1,
        "tipo_estab": 4,
        "tipo_glosa": "Escuela Servicio Local de Educacion",
        "matricula_total": 28,
        "mat_sala_cuna": 0,
        "mat_medio": 0,
        "mat_transicion": 28,
        "slep_sostenedor": "Costa Central",
        "slep_procedencia": "declarada_2025"
      },
      "geometry": {
        "type": "Point",
        "coordinates": [
          -71.55555,
          -33.023701
        ]
      }
    },
    {
      "type": "Feature",
      "properties": {
        "id_estab": "1683",
        "nombre": "ESCUELA BASICA SANTA JULIA",
        "cod_comuna": "5109",
        "comuna": "VIÑA DEL MAR",
        "origen": 1,
        "tipo_estab": 4,
        "tipo_glosa": "Escuela Servicio Local de Educacion",
        "matricula_total": 26,
        "mat_sala_cuna": 0,
        "mat_medio": 0,
        "mat_transicion": 26,
        "slep_sostenedor": "Costa Central",
        "slep_procedencia": "declarada_2025"
      },
      "geometry": {
        "type": "Point",
        "coordinates": [
          -71.506783,
          -33.002491
        ]
      }
    },
    {
      "type": "Feature",
      "properties": {
        "id_estab": "1750",
        "nombre": "COL. INMACULADA DE LOURDES",
        "cod_comuna": "5109",
        "comuna": "VIÑA DEL MAR",
        "origen": 1,
        "tipo_estab": 2,
        "tipo_glosa": "Escuela Particular Subvencionado",
        "matricula_total": 40,
        "mat_sala_cuna": 0,
        "mat_medio": 0,
        "mat_transicion": 40,
        "slep_sostenedor": null,
        "slep_procedencia": "sin_dato"
      },
      "geometry": {
        "type": "Point",
        "coordinates": [
          -71.56131,
          -33.02906
        ]
      }
    },
    {
      "type": "Feature",
      "properties": {
        "id_estab": "1716",
        "nombre": "ESCUELA VILLA INDEPENDENCIA",
        "cod_comuna": "5109",
        "comuna": "VIÑA DEL MAR",
        "origen": 1,
        "tipo_estab": 4,
        "tipo_glosa": "Escuela Servicio Local de Educacion",
        "matricula_total": 30,
        "mat_sala_cuna": 0,
        "mat_medio": 0,
        "mat_transicion": 30,
        "slep_sostenedor": "Costa Central",
        "slep_procedencia": "declarada_2025"
      },
      "geometry": {
        "type": "Point",
        "coordinates": [
          -71.501556,
          -33.021511
        ]
      }
    },
    {
      "type": "Feature",
      "properties": {
        "id_estab": "1718",
        "nombre": "ESCUELA EDUARDO LEZANA PINCHEIRA",
        "cod_comuna": "5109",
        "comuna": "VIÑA DEL MAR",
        "origen": 1,
        "tipo_estab": 4,
        "tipo_glosa": "Escuela Servicio Local de Educacion",
        "matricula_total": 17,
        "mat_sala_cuna": 0,
        "mat_medio": 0,
        "mat_transicion": 17,
        "slep_sostenedor": "Costa Central",
        "slep_procedencia": "declarada_2025"
      },
      "geometry": {
        "type": "Point",
        "coordinates": [
          -71.494431,
          -32.988831
        ]
      }
    },
    {
      "type": "Feature",
      "properties": {
        "id_estab": "1705",
        "nombre": "ESCUELA PRESIDENTE SALVADOR ALLENDE",
        "cod_comuna": "5109",
        "comuna": "VIÑA DEL MAR",
        "origen": 1,
        "tipo_estab": 4,
        "tipo_glosa": "Escuela Servicio Local de Educacion",
        "matricula_total": 27,
        "mat_sala_cuna": 0,
        "mat_medio": 0,
        "mat_transicion": 27,
        "slep_sostenedor": "Costa Central",
        "slep_procedencia": "declarada_2025"
      },
      "geometry": {
        "type": "Point",
        "coordinates": [
          -71.50383,
          -32.99501
        ]
      }
    },
    {
      "type": "Feature",
      "properties": {
        "id_estab": "1738",
        "nombre": "LICEO NUESTRA SRA.DE LA PAZ",
        "cod_comuna": "5109",
        "comuna": "VIÑA DEL MAR",
        "origen": 1,
        "tipo_estab": 2,
        "tipo_glosa": "Escuela Particular Subvencionado",
        "matricula_total": 97,
        "mat_sala_cuna": 0,
        "mat_medio": 0,
        "mat_transicion": 97,
        "slep_sostenedor": null,
        "slep_procedencia": "sin_dato"
      },
      "geometry": {
        "type": "Point",
        "coordinates": [
          -71.541618,
          -33.00153
        ]
      }
    },
    {
      "type": "Feature",
      "properties": {
        "id_estab": "1756",
        "nombre": "COLEGIO CLAUDIO MATTE",
        "cod_comuna": "5109",
        "comuna": "VIÑA DEL MAR",
        "origen": 1,
        "tipo_estab": 2,
        "tipo_glosa": "Escuela Particular Subvencionado",
        "matricula_total": 84,
        "mat_sala_cuna": 0,
        "mat_medio": 0,
        "mat_transicion": 84,
        "slep_sostenedor": null,
        "slep_procedencia": "sin_dato"
      },
      "geometry": {
        "type": "Point",
        "coordinates": [
          -71.505501,
          -33.0084
        ]
      }
    },
    {
      "type": "Feature",
      "properties": {
        "id_estab": "1714",
        "nombre": "ESCUELA SANTA MARIA DE AGUA SANTA",
        "cod_comuna": "5109",
        "comuna": "VIÑA DEL MAR",
        "origen": 1,
        "tipo_estab": 4,
        "tipo_glosa": "Escuela Servicio Local de Educacion",
        "matricula_total": 11,
        "mat_sala_cuna": 0,
        "mat_medio": 0,
        "mat_transicion": 11,
        "slep_sostenedor": "Costa Central",
        "slep_procedencia": "declarada_2025"
      },
      "geometry": {
        "type": "Point",
        "coordinates": [
          -71.570549,
          -33.03495
        ]
      }
    },
    {
      "type": "Feature",
      "properties": {
        "id_estab": "1774",
        "nombre": "SEMINARIO SAN RAFAEL",
        "cod_comuna": "5109",
        "comuna": "VIÑA DEL MAR",
        "origen": 1,
        "tipo_estab": 3,
        "tipo_glosa": "Escuela Particular Pagado",
        "matricula_total": 89,
        "mat_sala_cuna": 0,
        "mat_medio": 0,
        "mat_transicion": 89,
        "slep_sostenedor": null,
        "slep_procedencia": "sin_dato"
      },
      "geometry": {
        "type": "Point",
        "coordinates": [
          -71.53193,
          -33.034479
        ]
      }
    },
    {
      "type": "Feature",
      "properties": {
        "id_estab": "1781",
        "nombre": "ALLIANCE FRANCAISE DE VALPARAISO",
        "cod_comuna": "5109",
        "comuna": "VIÑA DEL MAR",
        "origen": 1,
        "tipo_estab": 3,
        "tipo_glosa": "Escuela Particular Pagado",
        "matricula_total": 127,
        "mat_sala_cuna": 0,
        "mat_medio": 32,
        "mat_transicion": 95,
        "slep_sostenedor": null,
        "slep_procedencia": "sin_dato"
      },
      "geometry": {
        "type": "Point",
        "coordinates": [
          -71.54104,
          -32.957881
        ]
      }
    },
    {
      "type": "Feature",
      "properties": {
        "id_estab": "14500",
        "nombre": "ESC. DE LENGUAJE PIPAN VINA",
        "cod_comuna": "5109",
        "comuna": "VIÑA DEL MAR",
        "origen": 1,
        "tipo_estab": 2,
        "tipo_glosa": "Escuela Particular Subvencionado",
        "matricula_total": 124,
        "mat_sala_cuna": 0,
        "mat_medio": 49,
        "mat_transicion": 75,
        "slep_sostenedor": null,
        "slep_procedencia": "sin_dato"
      },
      "geometry": {
        "type": "Point",
        "coordinates": [
          -71.55676,
          -33.02963
        ]
      }
    },
    {
      "type": "Feature",
      "properties": {
        "id_estab": "1722",
        "nombre": "ESCUELA BASICA DR ALDO FRANCIA BOIDO",
        "cod_comuna": "5109",
        "comuna": "VIÑA DEL MAR",
        "origen": 1,
        "tipo_estab": 4,
        "tipo_glosa": "Escuela Servicio Local de Educacion",
        "matricula_total": 19,
        "mat_sala_cuna": 0,
        "mat_medio": 0,
        "mat_transicion": 19,
        "slep_sostenedor": "Costa Central",
        "slep_procedencia": "declarada_2025"
      },
      "geometry": {
        "type": "Point",
        "coordinates": [
          -71.551392,
          -33.027431
        ]
      }
    },
    {
      "type": "Feature",
      "properties": {
        "id_estab": "1761",
        "nombre": "COLEGIO FRIENDLY HIGH SCHOOL",
        "cod_comuna": "5109",
        "comuna": "VIÑA DEL MAR",
        "origen": 1,
        "tipo_estab": 2,
        "tipo_glosa": "Escuela Particular Subvencionado",
        "matricula_total": 41,
        "mat_sala_cuna": 0,
        "mat_medio": 0,
        "mat_transicion": 41,
        "slep_sostenedor": null,
        "slep_procedencia": "sin_dato"
      },
      "geometry": {
        "type": "Point",
        "coordinates": [
          -71.584557,
          -33.02832
        ]
      }
    },
    {
      "type": "Feature",
      "properties": {
        "id_estab": "14572",
        "nombre": "ESC.ESPECIAL DE LENGUAJE PALABRITAS",
        "cod_comuna": "5109",
        "comuna": "VIÑA DEL MAR",
        "origen": 1,
        "tipo_estab": 2,
        "tipo_glosa": "Escuela Particular Subvencionado",
        "matricula_total": 82,
        "mat_sala_cuna": 0,
        "mat_medio": 37,
        "mat_transicion": 45,
        "slep_sostenedor": null,
        "slep_procedencia": "sin_dato"
      },
      "geometry": {
        "type": "Point",
        "coordinates": [
          -71.49293,
          -33.00087
        ]
      }
    },
    {
      "type": "Feature",
      "properties": {
        "id_estab": "14703",
        "nombre": "THE KINGSTOWN SCHOOL",
        "cod_comuna": "5109",
        "comuna": "VIÑA DEL MAR",
        "origen": 1,
        "tipo_estab": 2,
        "tipo_glosa": "Escuela Particular Subvencionado",
        "matricula_total": 69,
        "mat_sala_cuna": 0,
        "mat_medio": 0,
        "mat_transicion": 69,
        "slep_sostenedor": null,
        "slep_procedencia": "sin_dato"
      },
      "geometry": {
        "type": "Point",
        "coordinates": [
          -71.49601,
          -32.995449
        ]
      }
    },
    {
      "type": "Feature",
      "properties": {
        "id_estab": "1704",
        "nombre": "ESCUELA BASICA JOHN KENNEDY",
        "cod_comuna": "5109",
        "comuna": "VIÑA DEL MAR",
        "origen": 1,
        "tipo_estab": 4,
        "tipo_glosa": "Escuela Servicio Local de Educacion",
        "matricula_total": 26,
        "mat_sala_cuna": 0,
        "mat_medio": 0,
        "mat_transicion": 26,
        "slep_sostenedor": "Costa Central",
        "slep_procedencia": "declarada_2025"
      },
      "geometry": {
        "type": "Point",
        "coordinates": [
          -71.502678,
          -33.035591
        ]
      }
    },
    {
      "type": "Feature",
      "properties": {
        "id_estab": "1776",
        "nombre": "SAINT PETER´S SCHOOL",
        "cod_comuna": "5109",
        "comuna": "VIÑA DEL MAR",
        "origen": 1,
        "tipo_estab": 3,
        "tipo_glosa": "Escuela Particular Pagado",
        "matricula_total": 89,
        "mat_sala_cuna": 0,
        "mat_medio": 14,
        "mat_transicion": 75,
        "slep_sostenedor": null,
        "slep_procedencia": "sin_dato"
      },
      "geometry": {
        "type": "Point",
        "coordinates": [
          -71.56663,
          -33.022439
        ]
      }
    },
    {
      "type": "Feature",
      "properties": {
        "id_estab": "1751",
        "nombre": "ESCUELA PARTICULAR HUGO ERRAZURIZ",
        "cod_comuna": "5109",
        "comuna": "VIÑA DEL MAR",
        "origen": 1,
        "tipo_estab": 2,
        "tipo_glosa": "Escuela Particular Subvencionado",
        "matricula_total": 36,
        "mat_sala_cuna": 0,
        "mat_medio": 0,
        "mat_transicion": 36,
        "slep_sostenedor": null,
        "slep_procedencia": "sin_dato"
      },
      "geometry": {
        "type": "Point",
        "coordinates": [
          -71.542702,
          -33.027
        ]
      }
    },
    {
      "type": "Feature",
      "properties": {
        "id_estab": "40030",
        "nombre": "ESC. ESP. DE LENGUAJE CARITA FELIZ",
        "cod_comuna": "5109",
        "comuna": "VIÑA DEL MAR",
        "origen": 1,
        "tipo_estab": 2,
        "tipo_glosa": "Escuela Particular Subvencionado",
        "matricula_total": 72,
        "mat_sala_cuna": 0,
        "mat_medio": 23,
        "mat_transicion": 49,
        "slep_sostenedor": null,
        "slep_procedencia": "sin_dato"
      },
      "geometry": {
        "type": "Point",
        "coordinates": [
          -71.536316,
          -33.054043
        ]
      }
    },
    {
      "type": "Feature",
      "properties": {
        "id_estab": "14839",
        "nombre": "ESC. ESP. DE LENG. Y JARDIN INFANTIL NUBELUZ",
        "cod_comuna": "5109",
        "comuna": "VIÑA DEL MAR",
        "origen": 1,
        "tipo_estab": 2,
        "tipo_glosa": "Escuela Particular Subvencionado",
        "matricula_total": 34,
        "mat_sala_cuna": 0,
        "mat_medio": 0,
        "mat_transicion": 34,
        "slep_sostenedor": null,
        "slep_procedencia": "sin_dato"
      },
      "geometry": {
        "type": "Point",
        "coordinates": [
          -71.54408,
          -33.03622
        ]
      }
    },
    {
      "type": "Feature",
      "properties": {
        "id_estab": "14878",
        "nombre": "ESCUELA DE PARVULOS EBENEZERITO",
        "cod_comuna": "5109",
        "comuna": "VIÑA DEL MAR",
        "origen": 1,
        "tipo_estab": 2,
        "tipo_glosa": "Escuela Particular Subvencionado",
        "matricula_total": 30,
        "mat_sala_cuna": 0,
        "mat_medio": 0,
        "mat_transicion": 30,
        "slep_sostenedor": null,
        "slep_procedencia": "sin_dato"
      },
      "geometry": {
        "type": "Point",
        "coordinates": [
          -71.506874,
          -33.02349
        ]
      }
    },
    {
      "type": "Feature",
      "properties": {
        "id_estab": "1839",
        "nombre": "COLEGIO ALEMAN DE VALPARAISO",
        "cod_comuna": "5109",
        "comuna": "VIÑA DEL MAR",
        "origen": 1,
        "tipo_estab": 3,
        "tipo_glosa": "Escuela Particular Pagado",
        "matricula_total": 256,
        "mat_sala_cuna": 0,
        "mat_medio": 59,
        "mat_transicion": 197,
        "slep_sostenedor": null,
        "slep_procedencia": "sin_dato"
      },
      "geometry": {
        "type": "Point",
        "coordinates": [
          -71.52785,
          -33.036098
        ]
      }
    },
    {
      "type": "Feature",
      "properties": {
        "id_estab": "1791",
        "nombre": "SAINT PAUL´S SCHOOL",
        "cod_comuna": "5109",
        "comuna": "VIÑA DEL MAR",
        "origen": 1,
        "tipo_estab": 3,
        "tipo_glosa": "Escuela Particular Pagado",
        "matricula_total": 41,
        "mat_sala_cuna": 0,
        "mat_medio": 0,
        "mat_transicion": 41,
        "slep_sostenedor": null,
        "slep_procedencia": "sin_dato"
      },
      "geometry": {
        "type": "Point",
        "coordinates": [
          -71.56238,
          -33.029573
        ]
      }
    },
    {
      "type": "Feature",
      "properties": {
        "id_estab": "1789",
        "nombre": "COLEGIO PROFESOR HUGUET",
        "cod_comuna": "5109",
        "comuna": "VIÑA DEL MAR",
        "origen": 1,
        "tipo_estab": 3,
        "tipo_glosa": "Escuela Particular Pagado",
        "matricula_total": 21,
        "mat_sala_cuna": 0,
        "mat_medio": 4,
        "mat_transicion": 17,
        "slep_sostenedor": null,
        "slep_procedencia": "sin_dato"
      },
      "geometry": {
        "type": "Point",
        "coordinates": [
          -71.56386,
          -33.026557
        ]
      }
    },
    {
      "type": "Feature",
      "properties": {
        "id_estab": "14494",
        "nombre": "COLEGIO EVANGELICO LABRANZA DE DIOS",
        "cod_comuna": "5109",
        "comuna": "VIÑA DEL MAR",
        "origen": 1,
        "tipo_estab": 2,
        "tipo_glosa": "Escuela Particular Subvencionado",
        "matricula_total": 13,
        "mat_sala_cuna": 0,
        "mat_medio": 0,
        "mat_transicion": 13,
        "slep_sostenedor": null,
        "slep_procedencia": "sin_dato"
      },
      "geometry": {
        "type": "Point",
        "coordinates": [
          -71.530098,
          -33.036709
        ]
      }
    },
    {
      "type": "Feature",
      "properties": {
        "id_estab": "1691",
        "nombre": "ESCUELA LORD COCHRANE",
        "cod_comuna": "5109",
        "comuna": "VIÑA DEL MAR",
        "origen": 1,
        "tipo_estab": 4,
        "tipo_glosa": "Escuela Servicio Local de Educacion",
        "matricula_total": 26,
        "mat_sala_cuna": 0,
        "mat_medio": 0,
        "mat_transicion": 26,
        "slep_sostenedor": "Costa Central",
        "slep_procedencia": "declarada_2025"
      },
      "geometry": {
        "type": "Point",
        "coordinates": [
          -71.578857,
          -33.034721
        ]
      }
    },
    {
      "type": "Feature",
      "properties": {
        "id_estab": "1697",
        "nombre": "ESCUELA GASTON OSSA SAINT MARIE",
        "cod_comuna": "5109",
        "comuna": "VIÑA DEL MAR",
        "origen": 1,
        "tipo_estab": 4,
        "tipo_glosa": "Escuela Servicio Local de Educacion",
        "matricula_total": 20,
        "mat_sala_cuna": 0,
        "mat_medio": 0,
        "mat_transicion": 20,
        "slep_sostenedor": "Costa Central",
        "slep_procedencia": "declarada_2025"
      },
      "geometry": {
        "type": "Point",
        "coordinates": [
          -71.484123,
          -33.03278
        ]
      }
    },
    {
      "type": "Feature",
      "properties": {
        "id_estab": "40034",
        "nombre": "ESC.ESP. DE LENGUAJE PATITO MARINO",
        "cod_comuna": "5109",
        "comuna": "VIÑA DEL MAR",
        "origen": 1,
        "tipo_estab": 2,
        "tipo_glosa": "Escuela Particular Subvencionado",
        "matricula_total": 110,
        "mat_sala_cuna": 0,
        "mat_medio": 45,
        "mat_transicion": 65,
        "slep_sostenedor": null,
        "slep_procedencia": "sin_dato"
      },
      "geometry": {
        "type": "Point",
        "coordinates": [
          -71.50612,
          -33.008633
        ]
      }
    },
    {
      "type": "Feature",
      "properties": {
        "id_estab": "31456",
        "nombre": "ESCUELA ESPECIAL DE LENGUAJE ANGELITOS",
        "cod_comuna": "5109",
        "comuna": "VIÑA DEL MAR",
        "origen": 1,
        "tipo_estab": 2,
        "tipo_glosa": "Escuela Particular Subvencionado",
        "matricula_total": 108,
        "mat_sala_cuna": 0,
        "mat_medio": 33,
        "mat_transicion": 75,
        "slep_sostenedor": null,
        "slep_procedencia": "sin_dato"
      },
      "geometry": {
        "type": "Point",
        "coordinates": [
          -71.50402,
          -33.010494
        ]
      }
    },
    {
      "type": "Feature",
      "properties": {
        "id_estab": "1701",
        "nombre": "ESCUELA LA PARVA",
        "cod_comuna": "5109",
        "comuna": "VIÑA DEL MAR",
        "origen": 1,
        "tipo_estab": 4,
        "tipo_glosa": "Escuela Servicio Local de Educacion",
        "matricula_total": 16,
        "mat_sala_cuna": 0,
        "mat_medio": 0,
        "mat_transicion": 16,
        "slep_sostenedor": "Costa Central",
        "slep_procedencia": "declarada_2025"
      },
      "geometry": {
        "type": "Point",
        "coordinates": [
          -71.514473,
          -33.007351
        ]
      }
    },
    {
      "type": "Feature",
      "properties": {
        "id_estab": "1788",
        "nombre": "THE MACKAY SCHOOL",
        "cod_comuna": "5109",
        "comuna": "VIÑA DEL MAR",
        "origen": 1,
        "tipo_estab": 3,
        "tipo_glosa": "Escuela Particular Pagado",
        "matricula_total": 149,
        "mat_sala_cuna": 0,
        "mat_medio": 33,
        "mat_transicion": 116,
        "slep_sostenedor": null,
        "slep_procedencia": "sin_dato"
      },
      "geometry": {
        "type": "Point",
        "coordinates": [
          -71.53618,
          -32.972987
        ]
      }
    },
    {
      "type": "Feature",
      "properties": {
        "id_estab": "14354",
        "nombre": "ESCUELA DE PARVULOS LILIPUT",
        "cod_comuna": "5109",
        "comuna": "VIÑA DEL MAR",
        "origen": 1,
        "tipo_estab": 2,
        "tipo_glosa": "Escuela Particular Subvencionado",
        "matricula_total": 18,
        "mat_sala_cuna": 0,
        "mat_medio": 0,
        "mat_transicion": 18,
        "slep_sostenedor": null,
        "slep_procedencia": "sin_dato"
      },
      "geometry": {
        "type": "Point",
        "coordinates": [
          -71.51792,
          -33.00022
        ]
      }
    },
    {
      "type": "Feature",
      "properties": {
        "id_estab": "1693",
        "nombre": "ESCUELA BASICA 21 DE MAYO",
        "cod_comuna": "5109",
        "comuna": "VIÑA DEL MAR",
        "origen": 1,
        "tipo_estab": 4,
        "tipo_glosa": "Escuela Servicio Local de Educacion",
        "matricula_total": 14,
        "mat_sala_cuna": 0,
        "mat_medio": 0,
        "mat_transicion": 14,
        "slep_sostenedor": "Costa Central",
        "slep_procedencia": "declarada_2025"
      },
      "geometry": {
        "type": "Point",
        "coordinates": [
          -71.569771,
          -33.045479
        ]
      }
    },
    {
      "type": "Feature",
      "properties": {
        "id_estab": "1631",
        "nombre": "COLEGIO DE LOS SAGRADOS CORAZONES, PADRES FRANCESES",
        "cod_comuna": "5109",
        "comuna": "VIÑA DEL MAR",
        "origen": 1,
        "tipo_estab": 3,
        "tipo_glosa": "Escuela Particular Pagado",
        "matricula_total": 161,
        "mat_sala_cuna": 0,
        "mat_medio": 39,
        "mat_transicion": 122,
        "slep_sostenedor": null,
        "slep_procedencia": "sin_dato"
      },
      "geometry": {
        "type": "Point",
        "coordinates": [
          -71.526852,
          -33.017607
        ]
      }
    },
    {
      "type": "Feature",
      "properties": {
        "id_estab": "14716",
        "nombre": "PAN AMERICAN COLLEGE VINA DEL MAR",
        "cod_comuna": "5109",
        "comuna": "VIÑA DEL MAR",
        "origen": 1,
        "tipo_estab": 2,
        "tipo_glosa": "Escuela Particular Subvencionado",
        "matricula_total": 45,
        "mat_sala_cuna": 0,
        "mat_medio": 0,
        "mat_transicion": 45,
        "slep_sostenedor": null,
        "slep_procedencia": "sin_dato"
      },
      "geometry": {
        "type": "Point",
        "coordinates": [
          -71.5336,
          -33.029819
        ]
      }
    },
    {
      "type": "Feature",
      "properties": {
        "id_estab": "1696",
        "nombre": "ESCUELA BASICA CHORRILOS",
        "cod_comuna": "5109",
        "comuna": "VIÑA DEL MAR",
        "origen": 1,
        "tipo_estab": 4,
        "tipo_glosa": "Escuela Servicio Local de Educacion",
        "matricula_total": 38,
        "mat_sala_cuna": 0,
        "mat_medio": 0,
        "mat_transicion": 38,
        "slep_sostenedor": "Costa Central",
        "slep_procedencia": "declarada_2025"
      },
      "geometry": {
        "type": "Point",
        "coordinates": [
          -71.531387,
          -33.035389
        ]
      }
    },
    {
      "type": "Feature",
      "properties": {
        "id_estab": "1688",
        "nombre": "ESCUELA ALMIRANTE LUIS GOMEZ CARRENO",
        "cod_comuna": "5109",
        "comuna": "VIÑA DEL MAR",
        "origen": 1,
        "tipo_estab": 4,
        "tipo_glosa": "Escuela Servicio Local de Educacion",
        "matricula_total": 22,
        "mat_sala_cuna": 0,
        "mat_medio": 0,
        "mat_transicion": 22,
        "slep_sostenedor": "Costa Central",
        "slep_procedencia": "declarada_2025"
      },
      "geometry": {
        "type": "Point",
        "coordinates": [
          -71.522377,
          -32.992889
        ]
      }
    },
    {
      "type": "Feature",
      "properties": {
        "id_estab": "1772",
        "nombre": "COLEGIO BLANCA VERGARA",
        "cod_comuna": "5109",
        "comuna": "VIÑA DEL MAR",
        "origen": 1,
        "tipo_estab": 2,
        "tipo_glosa": "Escuela Particular Subvencionado",
        "matricula_total": 23,
        "mat_sala_cuna": 0,
        "mat_medio": 0,
        "mat_transicion": 23,
        "slep_sostenedor": null,
        "slep_procedencia": "sin_dato"
      },
      "geometry": {
        "type": "Point",
        "coordinates": [
          -71.541443,
          -33.037048
        ]
      }
    },
    {
      "type": "Feature",
      "properties": {
        "id_estab": "1709",
        "nombre": "ESCUELA PATRICIO LYNCH Z.",
        "cod_comuna": "5109",
        "comuna": "VIÑA DEL MAR",
        "origen": 1,
        "tipo_estab": 4,
        "tipo_glosa": "Escuela Servicio Local de Educacion",
        "matricula_total": 13,
        "mat_sala_cuna": 0,
        "mat_medio": 0,
        "mat_transicion": 13,
        "slep_sostenedor": "Costa Central",
        "slep_procedencia": "declarada_2025"
      },
      "geometry": {
        "type": "Point",
        "coordinates": [
          -71.519142,
          -33.02454
        ]
      }
    },
    {
      "type": "Feature",
      "properties": {
        "id_estab": "1680",
        "nombre": "ESCUELA ORLANDO PENA CARVAJAL",
        "cod_comuna": "5109",
        "comuna": "VIÑA DEL MAR",
        "origen": 1,
        "tipo_estab": 4,
        "tipo_glosa": "Escuela Servicio Local de Educacion",
        "matricula_total": 18,
        "mat_sala_cuna": 0,
        "mat_medio": 0,
        "mat_transicion": 18,
        "slep_sostenedor": "Costa Central",
        "slep_procedencia": "declarada_2025"
      },
      "geometry": {
        "type": "Point",
        "coordinates": [
          -71.521744,
          -32.99205
        ]
      }
    },
    {
      "type": "Feature",
      "properties": {
        "id_estab": "1801",
        "nombre": "COLEGIO MARIA AUXILIADORA",
        "cod_comuna": "5109",
        "comuna": "VIÑA DEL MAR",
        "origen": 1,
        "tipo_estab": 2,
        "tipo_glosa": "Escuela Particular Subvencionado",
        "matricula_total": 99,
        "mat_sala_cuna": 0,
        "mat_medio": 0,
        "mat_transicion": 99,
        "slep_sostenedor": null,
        "slep_procedencia": "sin_dato"
      },
      "geometry": {
        "type": "Point",
        "coordinates": [
          -71.549751,
          -33.01841
        ]
      }
    },
    {
      "type": "Feature",
      "properties": {
        "id_estab": "14937",
        "nombre": "ESCUELA ESPECIAL DE LENGUAJE ANTARES",
        "cod_comuna": "5109",
        "comuna": "VIÑA DEL MAR",
        "origen": 1,
        "tipo_estab": 2,
        "tipo_glosa": "Escuela Particular Subvencionado",
        "matricula_total": 80,
        "mat_sala_cuna": 0,
        "mat_medio": 30,
        "mat_transicion": 50,
        "slep_sostenedor": null,
        "slep_procedencia": "sin_dato"
      },
      "geometry": {
        "type": "Point",
        "coordinates": [
          -71.54543,
          -33.01858
        ]
      }
    },
    {
      "type": "Feature",
      "properties": {
        "id_estab": "40049",
        "nombre": "CTRO.ESTIM.DEL LENGUAJE SAN VALENTIN",
        "cod_comuna": "5109",
        "comuna": "VIÑA DEL MAR",
        "origen": 1,
        "tipo_estab": 2,
        "tipo_glosa": "Escuela Particular Subvencionado",
        "matricula_total": 57,
        "mat_sala_cuna": 0,
        "mat_medio": 21,
        "mat_transicion": 36,
        "slep_sostenedor": null,
        "slep_procedencia": "sin_dato"
      },
      "geometry": {
        "type": "Point",
        "coordinates": [
          -71.557457,
          -33.051289
        ]
      }
    },
    {
      "type": "Feature",
      "properties": {
        "id_estab": "14334",
        "nombre": "COLEGIO CAPELLAN PASCAL",
        "cod_comuna": "5109",
        "comuna": "VIÑA DEL MAR",
        "origen": 1,
        "tipo_estab": 3,
        "tipo_glosa": "Escuela Particular Pagado",
        "matricula_total": 59,
        "mat_sala_cuna": 0,
        "mat_medio": 0,
        "mat_transicion": 59,
        "slep_sostenedor": null,
        "slep_procedencia": "sin_dato"
      },
      "geometry": {
        "type": "Point",
        "coordinates": [
          -71.54514,
          -32.994585
        ]
      }
    },
    {
      "type": "Feature",
      "properties": {
        "id_estab": "1695",
        "nombre": "ESCUELA PEDRO AGUIRRE CERDA",
        "cod_comuna": "5109",
        "comuna": "VIÑA DEL MAR",
        "origen": 1,
        "tipo_estab": 4,
        "tipo_glosa": "Escuela Servicio Local de Educacion",
        "matricula_total": 25,
        "mat_sala_cuna": 0,
        "mat_medio": 0,
        "mat_transicion": 25,
        "slep_sostenedor": "Costa Central",
        "slep_procedencia": "declarada_2025"
      },
      "geometry": {
        "type": "Point",
        "coordinates": [
          -71.538147,
          -33.007271
        ]
      }
    },
    {
      "type": "Feature",
      "properties": {
        "id_estab": "14685",
        "nombre": "COLEGIO CENTILEN",
        "cod_comuna": "5109",
        "comuna": "VIÑA DEL MAR",
        "origen": 1,
        "tipo_estab": 2,
        "tipo_glosa": "Escuela Particular Subvencionado",
        "matricula_total": 140,
        "mat_sala_cuna": 0,
        "mat_medio": 59,
        "mat_transicion": 81,
        "slep_sostenedor": null,
        "slep_procedencia": "sin_dato"
      },
      "geometry": {
        "type": "Point",
        "coordinates": [
          -71.48799,
          -32.996777
        ]
      }
    },
    {
      "type": "Feature",
      "properties": {
        "id_estab": "1685",
        "nombre": "ESCUELA DR. OSCAR MARIN SOCIAS",
        "cod_comuna": "5109",
        "comuna": "VIÑA DEL MAR",
        "origen": 1,
        "tipo_estab": 4,
        "tipo_glosa": "Escuela Servicio Local de Educacion",
        "matricula_total": 34,
        "mat_sala_cuna": 0,
        "mat_medio": 0,
        "mat_transicion": 34,
        "slep_sostenedor": "Costa Central",
        "slep_procedencia": "declarada_2025"
      },
      "geometry": {
        "type": "Point",
        "coordinates": [
          -71.538948,
          -33.04771
        ]
      }
    },
    {
      "type": "Feature",
      "properties": {
        "id_estab": "40240",
        "nombre": "ESCUELA ESPECIAL DE LENGUAJE ARCOIRIS",
        "cod_comuna": "5109",
        "comuna": "VIÑA DEL MAR",
        "origen": 1,
        "tipo_estab": 2,
        "tipo_glosa": "Escuela Particular Subvencionado",
        "matricula_total": 82,
        "mat_sala_cuna": 0,
        "mat_medio": 41,
        "mat_transicion": 41,
        "slep_sostenedor": null,
        "slep_procedencia": "sin_dato"
      },
      "geometry": {
        "type": "Point",
        "coordinates": [
          -71.49408,
          -33.03072
        ]
      }
    },
    {
      "type": "Feature",
      "properties": {
        "id_estab": "40393",
        "nombre": "SCUOLA ITALIANA ARTURO DELL´ ORO VIÑA DEL MAR",
        "cod_comuna": "5109",
        "comuna": "VIÑA DEL MAR",
        "origen": 1,
        "tipo_estab": 3,
        "tipo_glosa": "Escuela Particular Pagado",
        "matricula_total": 94,
        "mat_sala_cuna": 0,
        "mat_medio": 14,
        "mat_transicion": 80,
        "slep_sostenedor": null,
        "slep_procedencia": "sin_dato"
      },
      "geometry": {
        "type": "Point",
        "coordinates": [
          -71.53063,
          -33.028767
        ]
      }
    },
    {
      "type": "Feature",
      "properties": {
        "id_estab": "14305",
        "nombre": "CENTRO ASPAUT VIÑA DEL MAR",
        "cod_comuna": "5109",
        "comuna": "VIÑA DEL MAR",
        "origen": 1,
        "tipo_estab": 2,
        "tipo_glosa": "Escuela Particular Subvencionado",
        "matricula_total": 7,
        "mat_sala_cuna": 0,
        "mat_medio": 0,
        "mat_transicion": 7,
        "slep_sostenedor": null,
        "slep_procedencia": "sin_dato"
      },
      "geometry": {
        "type": "Point",
        "coordinates": [
          -71.52879,
          -33.006207
        ]
      }
    },
    {
      "type": "Feature",
      "properties": {
        "id_estab": "1780",
        "nombre": "COLEGIO PATMOS",
        "cod_comuna": "5109",
        "comuna": "VIÑA DEL MAR",
        "origen": 1,
        "tipo_estab": 3,
        "tipo_glosa": "Escuela Particular Pagado",
        "matricula_total": 22,
        "mat_sala_cuna": 0,
        "mat_medio": 0,
        "mat_transicion": 22,
        "slep_sostenedor": null,
        "slep_procedencia": "sin_dato"
      },
      "geometry": {
        "type": "Point",
        "coordinates": [
          -71.56417,
          -33.030617
        ]
      }
    },
    {
      "type": "Feature",
      "properties": {
        "id_estab": "1702",
        "nombre": "ESCUELA CANAL BEAGLE",
        "cod_comuna": "5109",
        "comuna": "VIÑA DEL MAR",
        "origen": 1,
        "tipo_estab": 4,
        "tipo_glosa": "Escuela Servicio Local de Educacion",
        "matricula_total": 15,
        "mat_sala_cuna": 0,
        "mat_medio": 0,
        "mat_transicion": 15,
        "slep_sostenedor": "Costa Central",
        "slep_procedencia": "declarada_2025"
      },
      "geometry": {
        "type": "Point",
        "coordinates": [
          -71.511711,
          -33.04026
        ]
      }
    },
    {
      "type": "Feature",
      "properties": {
        "id_estab": "14738",
        "nombre": "JARDIN INFANTIL TRES OSITOS",
        "cod_comuna": "5109",
        "comuna": "VIÑA DEL MAR",
        "origen": 1,
        "tipo_estab": 2,
        "tipo_glosa": "Escuela Particular Subvencionado",
        "matricula_total": 10,
        "mat_sala_cuna": 0,
        "mat_medio": 0,
        "mat_transicion": 10,
        "slep_sostenedor": null,
        "slep_procedencia": "sin_dato"
      },
      "geometry": {
        "type": "Point",
        "coordinates": [
          -71.56233,
          -33.04769
        ]
      }
    },
    {
      "type": "Feature",
      "properties": {
        "id_estab": "1775",
        "nombre": "COLEGIO ARABE",
        "cod_comuna": "5109",
        "comuna": "VIÑA DEL MAR",
        "origen": 1,
        "tipo_estab": 3,
        "tipo_glosa": "Escuela Particular Pagado",
        "matricula_total": 25,
        "mat_sala_cuna": 0,
        "mat_medio": 0,
        "mat_transicion": 25,
        "slep_sostenedor": null,
        "slep_procedencia": "sin_dato"
      },
      "geometry": {
        "type": "Point",
        "coordinates": [
          -71.54102,
          -33.019159
        ]
      }
    },
    {
      "type": "Feature",
      "properties": {
        "id_estab": "1792",
        "nombre": "COLEGIO DE LOS SAGRADOS CORAZONES (ALVAREZ)",
        "cod_comuna": "5109",
        "comuna": "VIÑA DEL MAR",
        "origen": 1,
        "tipo_estab": 3,
        "tipo_glosa": "Escuela Particular Pagado",
        "matricula_total": 38,
        "mat_sala_cuna": 0,
        "mat_medio": 0,
        "mat_transicion": 38,
        "slep_sostenedor": null,
        "slep_procedencia": "sin_dato"
      },
      "geometry": {
        "type": "Point",
        "coordinates": [
          -71.55938,
          -33.025546
        ]
      }
    },
    {
      "type": "Feature",
      "properties": {
        "id_estab": "1749",
        "nombre": "COLEGIO EXCMO. CARDENAL RAUL SILVA HENRIQUEZ",
        "cod_comuna": "5109",
        "comuna": "VIÑA DEL MAR",
        "origen": 1,
        "tipo_estab": 2,
        "tipo_glosa": "Escuela Particular Subvencionado",
        "matricula_total": 11,
        "mat_sala_cuna": 0,
        "mat_medio": 0,
        "mat_transicion": 11,
        "slep_sostenedor": null,
        "slep_procedencia": "sin_dato"
      },
      "geometry": {
        "type": "Point",
        "coordinates": [
          -71.538139,
          -33.029259
        ]
      }
    },
    {
      "type": "Feature",
      "properties": {
        "id_estab": "14255",
        "nombre": "ESCUELA DE PARVULOS LOBITO MARINO",
        "cod_comuna": "5109",
        "comuna": "VIÑA DEL MAR",
        "origen": 1,
        "tipo_estab": 3,
        "tipo_glosa": "Escuela Particular Pagado",
        "matricula_total": 120,
        "mat_sala_cuna": 0,
        "mat_medio": 89,
        "mat_transicion": 31,
        "slep_sostenedor": null,
        "slep_procedencia": "sin_dato"
      },
      "geometry": {
        "type": "Point",
        "coordinates": [
          -71.54462,
          -32.985622
        ]
      }
    },
    {
      "type": "Feature",
      "properties": {
        "id_estab": "40001",
        "nombre": "ESCUELA DE PARVULOS OSITO",
        "cod_comuna": "5109",
        "comuna": "VIÑA DEL MAR",
        "origen": 1,
        "tipo_estab": 2,
        "tipo_glosa": "Escuela Particular Subvencionado",
        "matricula_total": 22,
        "mat_sala_cuna": 0,
        "mat_medio": 0,
        "mat_transicion": 22,
        "slep_sostenedor": null,
        "slep_procedencia": "sin_dato"
      },
      "geometry": {
        "type": "Point",
        "coordinates": [
          -71.50491,
          -33.022713
        ]
      }
    },
    {
      "type": "Feature",
      "properties": {
        "id_estab": "14353",
        "nombre": "ESCUELA DE PARVULOS PALOMA",
        "cod_comuna": "5109",
        "comuna": "VIÑA DEL MAR",
        "origen": 1,
        "tipo_estab": 3,
        "tipo_glosa": "Escuela Particular Pagado",
        "matricula_total": 26,
        "mat_sala_cuna": 0,
        "mat_medio": 10,
        "mat_transicion": 16,
        "slep_sostenedor": null,
        "slep_procedencia": "sin_dato"
      },
      "geometry": {
        "type": "Point",
        "coordinates": [
          -71.51792,
          -33.00022
        ]
      }
    },
    {
      "type": "Feature",
      "properties": {
        "id_estab": "40089",
        "nombre": "ESCUELA ESPECIAL DE LENGUAJE LOS ALMENDROS",
        "cod_comuna": "5109",
        "comuna": "VIÑA DEL MAR",
        "origen": 1,
        "tipo_estab": 2,
        "tipo_glosa": "Escuela Particular Subvencionado",
        "matricula_total": 71,
        "mat_sala_cuna": 0,
        "mat_medio": 36,
        "mat_transicion": 35,
        "slep_sostenedor": null,
        "slep_procedencia": "sin_dato"
      },
      "geometry": {
        "type": "Point",
        "coordinates": [
          -71.50365,
          -33.019463
        ]
      }
    },
    {
      "type": "Feature",
      "properties": {
        "id_estab": "14316",
        "nombre": "COLEGIO EMANUEL",
        "cod_comuna": "5109",
        "comuna": "VIÑA DEL MAR",
        "origen": 1,
        "tipo_estab": 2,
        "tipo_glosa": "Escuela Particular Subvencionado",
        "matricula_total": 38,
        "mat_sala_cuna": 0,
        "mat_medio": 0,
        "mat_transicion": 38,
        "slep_sostenedor": null,
        "slep_procedencia": "sin_dato"
      },
      "geometry": {
        "type": "Point",
        "coordinates": [
          -71.531326,
          -32.98365
        ]
      }
    },
    {
      "type": "Feature",
      "properties": {
        "id_estab": "14280",
        "nombre": "COLEGIO SAGRADA FAMILIA",
        "cod_comuna": "5109",
        "comuna": "VIÑA DEL MAR",
        "origen": 1,
        "tipo_estab": 3,
        "tipo_glosa": "Escuela Particular Pagado",
        "matricula_total": 151,
        "mat_sala_cuna": 0,
        "mat_medio": 50,
        "mat_transicion": 101,
        "slep_sostenedor": null,
        "slep_procedencia": "sin_dato"
      },
      "geometry": {
        "type": "Point",
        "coordinates": [
          -71.54852,
          -33.049656
        ]
      }
    },
    {
      "type": "Feature",
      "properties": {
        "id_estab": "5109020",
        "nombre": "TIA MICHELLE",
        "cod_comuna": "5109",
        "comuna": "VIÑA DEL MAR",
        "origen": 2,
        "tipo_estab": 6,
        "tipo_glosa": "JUNJI VTF",
        "matricula_total": 92,
        "mat_sala_cuna": 31,
        "mat_medio": 61,
        "mat_transicion": 0,
        "slep_sostenedor": "Costa Central",
        "slep_procedencia": "declarada_2025"
      },
      "geometry": {
        "type": "Point",
        "coordinates": [
          -71.547557,
          -33.048977
        ]
      }
    },
    {
      "type": "Feature",
      "properties": {
        "id_estab": "52301",
        "nombre": "FRESIA",
        "cod_comuna": "5109",
        "comuna": "VIÑA DEL MAR",
        "origen": 3,
        "tipo_estab": 7,
        "tipo_glosa": "INTEGRA Administracion Directa",
        "matricula_total": 94,
        "mat_sala_cuna": 38,
        "mat_medio": 56,
        "mat_transicion": 0,
        "slep_sostenedor": null,
        "slep_procedencia": "sin_dato"
      },
      "geometry": {
        "type": "Point",
        "coordinates": [
          -71.584463,
          -33.079272
        ]
      }
    },
    {
      "type": "Feature",
      "properties": {
        "id_estab": "5109024",
        "nombre": "HERMANOS CLARK(TIA CECILIA)",
        "cod_comuna": "5109",
        "comuna": "VIÑA DEL MAR",
        "origen": 2,
        "tipo_estab": 6,
        "tipo_glosa": "JUNJI VTF",
        "matricula_total": 145,
        "mat_sala_cuna": 57,
        "mat_medio": 88,
        "mat_transicion": 0,
        "slep_sostenedor": "Costa Central",
        "slep_procedencia": "declarada_2025"
      },
      "geometry": {
        "type": "Point",
        "coordinates": [
          -71.562134,
          -33.033525
        ]
      }
    },
    {
      "type": "Feature",
      "properties": {
        "id_estab": "5109023",
        "nombre": "LOS PALTITOS",
        "cod_comuna": "5109",
        "comuna": "VIÑA DEL MAR",
        "origen": 2,
        "tipo_estab": 6,
        "tipo_glosa": "JUNJI VTF",
        "matricula_total": 108,
        "mat_sala_cuna": 37,
        "mat_medio": 62,
        "mat_transicion": 9,
        "slep_sostenedor": "Costa Central",
        "slep_procedencia": "declarada_2025"
      },
      "geometry": {
        "type": "Point",
        "coordinates": [
          -71.502934,
          -32.99249
        ]
      }
    },
    {
      "type": "Feature",
      "properties": {
        "id_estab": "14941",
        "nombre": "ESCUELA ESPECIAL DE LENGUAJE CARIÑOSITOS",
        "cod_comuna": "5109",
        "comuna": "VIÑA DEL MAR",
        "origen": 1,
        "tipo_estab": 2,
        "tipo_glosa": "Escuela Particular Subvencionado",
        "matricula_total": 17,
        "mat_sala_cuna": 0,
        "mat_medio": 7,
        "mat_transicion": 10,
        "slep_sostenedor": null,
        "slep_procedencia": "sin_dato"
      },
      "geometry": {
        "type": "Point",
        "coordinates": [
          -71.51113,
          -33.021214
        ]
      }
    },
    {
      "type": "Feature",
      "properties": {
        "id_estab": "5109016",
        "nombre": "TIA VIRGINIA",
        "cod_comuna": "5109",
        "comuna": "VIÑA DEL MAR",
        "origen": 2,
        "tipo_estab": 6,
        "tipo_glosa": "JUNJI VTF",
        "matricula_total": 114,
        "mat_sala_cuna": 38,
        "mat_medio": 76,
        "mat_transicion": 0,
        "slep_sostenedor": "Costa Central",
        "slep_procedencia": "declarada_2025"
      },
      "geometry": {
        "type": "Point",
        "coordinates": [
          -71.485563,
          -32.994371
        ]
      }
    },
    {
      "type": "Feature",
      "properties": {
        "id_estab": "1787",
        "nombre": "HEBREO DR. JAIM WEITZMAN",
        "cod_comuna": "5109",
        "comuna": "VIÑA DEL MAR",
        "origen": 1,
        "tipo_estab": 3,
        "tipo_glosa": "Escuela Particular Pagado",
        "matricula_total": 18,
        "mat_sala_cuna": 0,
        "mat_medio": 0,
        "mat_transicion": 18,
        "slep_sostenedor": null,
        "slep_procedencia": "sin_dato"
      },
      "geometry": {
        "type": "Point",
        "coordinates": [
          -71.55628,
          -33.026777
        ]
      }
    },
    {
      "type": "Feature",
      "properties": {
        "id_estab": "1844",
        "nombre": "COLEGIO FRANCO INGLES",
        "cod_comuna": "5109",
        "comuna": "VIÑA DEL MAR",
        "origen": 1,
        "tipo_estab": 3,
        "tipo_glosa": "Escuela Particular Pagado",
        "matricula_total": 5,
        "mat_sala_cuna": 0,
        "mat_medio": 0,
        "mat_transicion": 5,
        "slep_sostenedor": null,
        "slep_procedencia": "sin_dato"
      },
      "geometry": {
        "type": "Point",
        "coordinates": [
          -71.5498,
          -33.021425
        ]
      }
    },
    {
      "type": "Feature",
      "properties": {
        "id_estab": "1717",
        "nombre": "ESCUELA CARDENAL JOSE MARIA CARO",
        "cod_comuna": "5109",
        "comuna": "VIÑA DEL MAR",
        "origen": 1,
        "tipo_estab": 4,
        "tipo_glosa": "Escuela Servicio Local de Educacion",
        "matricula_total": 18,
        "mat_sala_cuna": 0,
        "mat_medio": 0,
        "mat_transicion": 18,
        "slep_sostenedor": "Costa Central",
        "slep_procedencia": "declarada_2025"
      },
      "geometry": {
        "type": "Point",
        "coordinates": [
          -71.534973,
          -33.03878
        ]
      }
    },
    {
      "type": "Feature",
      "properties": {
        "id_estab": "1700",
        "nombre": "ESCUELA DOCTOR ADRIANO MACHADO PARDO",
        "cod_comuna": "5109",
        "comuna": "VIÑA DEL MAR",
        "origen": 1,
        "tipo_estab": 4,
        "tipo_glosa": "Escuela Servicio Local de Educacion",
        "matricula_total": 32,
        "mat_sala_cuna": 0,
        "mat_medio": 0,
        "mat_transicion": 32,
        "slep_sostenedor": "Costa Central",
        "slep_procedencia": "declarada_2025"
      },
      "geometry": {
        "type": "Point",
        "coordinates": [
          -71.567467,
          -33.040649
        ]
      }
    },
    {
      "type": "Feature",
      "properties": {
        "id_estab": "14394",
        "nombre": "ESCUELA DE PARVULOS SAN LUIS",
        "cod_comuna": "5109",
        "comuna": "VIÑA DEL MAR",
        "origen": 1,
        "tipo_estab": 2,
        "tipo_glosa": "Escuela Particular Subvencionado",
        "matricula_total": 5,
        "mat_sala_cuna": 0,
        "mat_medio": 0,
        "mat_transicion": 5,
        "slep_sostenedor": null,
        "slep_procedencia": "sin_dato"
      },
      "geometry": {
        "type": "Point",
        "coordinates": [
          -71.512924,
          -33.022614
        ]
      }
    },
    {
      "type": "Feature",
      "properties": {
        "id_estab": "1763",
        "nombre": "CENTRO TRAT. INTEGRAL LAS DALIAS",
        "cod_comuna": "5109",
        "comuna": "VIÑA DEL MAR",
        "origen": 1,
        "tipo_estab": 2,
        "tipo_glosa": "Escuela Particular Subvencionado",
        "matricula_total": 16,
        "mat_sala_cuna": 0,
        "mat_medio": 8,
        "mat_transicion": 8,
        "slep_sostenedor": null,
        "slep_procedencia": "sin_dato"
      },
      "geometry": {
        "type": "Point",
        "coordinates": [
          -71.521255,
          -33.022373
        ]
      }
    },
    {
      "type": "Feature",
      "properties": {
        "id_estab": "5109026",
        "nombre": "LAS PALMERITAS DE FORESTAL",
        "cod_comuna": "5109",
        "comuna": "VIÑA DEL MAR",
        "origen": 2,
        "tipo_estab": 5,
        "tipo_glosa": "JUNJI Administracion Directa",
        "matricula_total": 94,
        "mat_sala_cuna": 26,
        "mat_medio": 68,
        "mat_transicion": 0,
        "slep_sostenedor": null,
        "slep_procedencia": "sin_dato"
      },
      "geometry": {
        "type": "Point",
        "coordinates": [
          -71.537534,
          -33.05826
        ]
      }
    },
    {
      "type": "Feature",
      "properties": {
        "id_estab": "5109005",
        "nombre": "ESTRELLITA DEL FUTURO",
        "cod_comuna": "5109",
        "comuna": "VIÑA DEL MAR",
        "origen": 2,
        "tipo_estab": 5,
        "tipo_glosa": "JUNJI Administracion Directa",
        "matricula_total": 81,
        "mat_sala_cuna": 28,
        "mat_medio": 53,
        "mat_transicion": 0,
        "slep_sostenedor": null,
        "slep_procedencia": "sin_dato"
      },
      "geometry": {
        "type": "Point",
        "coordinates": [
          -71.528247,
          -32.989741
        ]
      }
    },
    {
      "type": "Feature",
      "properties": {
        "id_estab": "14257",
        "nombre": "ESCUELA DE PARVULOS LOS DELFINES",
        "cod_comuna": "5109",
        "comuna": "VIÑA DEL MAR",
        "origen": 1,
        "tipo_estab": 3,
        "tipo_glosa": "Escuela Particular Pagado",
        "matricula_total": 109,
        "mat_sala_cuna": 0,
        "mat_medio": 83,
        "mat_transicion": 26,
        "slep_sostenedor": null,
        "slep_procedencia": "sin_dato"
      },
      "geometry": {
        "type": "Point",
        "coordinates": [
          -71.54353,
          -33.00374
        ]
      }
    },
    {
      "type": "Feature",
      "properties": {
        "id_estab": "52406",
        "nombre": "PUERTO AYSÉN",
        "cod_comuna": "5109",
        "comuna": "VIÑA DEL MAR",
        "origen": 3,
        "tipo_estab": 7,
        "tipo_glosa": "INTEGRA Administracion Directa",
        "matricula_total": 135,
        "mat_sala_cuna": 37,
        "mat_medio": 98,
        "mat_transicion": 0,
        "slep_sostenedor": null,
        "slep_procedencia": "sin_dato"
      },
      "geometry": {
        "type": "Point",
        "coordinates": [
          -71.536956,
          -33.051737
        ]
      }
    },
    {
      "type": "Feature",
      "properties": {
        "id_estab": "5109025",
        "nombre": "LAS PALMAS CHILENAS",
        "cod_comuna": "5109",
        "comuna": "VIÑA DEL MAR",
        "origen": 2,
        "tipo_estab": 6,
        "tipo_glosa": "JUNJI VTF",
        "matricula_total": 100,
        "mat_sala_cuna": 37,
        "mat_medio": 63,
        "mat_transicion": 0,
        "slep_sostenedor": "Costa Central",
        "slep_procedencia": "declarada_2025"
      },
      "geometry": {
        "type": "Point",
        "coordinates": [
          -71.537076,
          -33.062748
        ]
      }
    },
    {
      "type": "Feature",
      "properties": {
        "id_estab": "5109002",
        "nombre": "PINOCHO",
        "cod_comuna": "5109",
        "comuna": "VIÑA DEL MAR",
        "origen": 2,
        "tipo_estab": 5,
        "tipo_glosa": "JUNJI Administracion Directa",
        "matricula_total": 190,
        "mat_sala_cuna": 70,
        "mat_medio": 120,
        "mat_transicion": 0,
        "slep_sostenedor": null,
        "slep_procedencia": "sin_dato"
      },
      "geometry": {
        "type": "Point",
        "coordinates": [
          -71.521667,
          -33.020981
        ]
      }
    },
    {
      "type": "Feature",
      "properties": {
        "id_estab": "5109007",
        "nombre": "RAYITO DE SOL",
        "cod_comuna": "5109",
        "comuna": "VIÑA DEL MAR",
        "origen": 2,
        "tipo_estab": 5,
        "tipo_glosa": "JUNJI Administracion Directa",
        "matricula_total": 148,
        "mat_sala_cuna": 64,
        "mat_medio": 84,
        "mat_transicion": 0,
        "slep_sostenedor": null,
        "slep_procedencia": "sin_dato"
      },
      "geometry": {
        "type": "Point",
        "coordinates": [
          -71.515177,
          -33.01991
        ]
      }
    },
    {
      "type": "Feature",
      "properties": {
        "id_estab": "5109003",
        "nombre": "LOS PINITOS",
        "cod_comuna": "5109",
        "comuna": "VIÑA DEL MAR",
        "origen": 2,
        "tipo_estab": 5,
        "tipo_glosa": "JUNJI Administracion Directa",
        "matricula_total": 150,
        "mat_sala_cuna": 60,
        "mat_medio": 90,
        "mat_transicion": 0,
        "slep_sostenedor": null,
        "slep_procedencia": "sin_dato"
      },
      "geometry": {
        "type": "Point",
        "coordinates": [
          -71.490284,
          -33.002307
        ]
      }
    },
    {
      "type": "Feature",
      "properties": {
        "id_estab": "52413",
        "nombre": "SOL NACIENTE",
        "cod_comuna": "5109",
        "comuna": "VIÑA DEL MAR",
        "origen": 3,
        "tipo_estab": 7,
        "tipo_glosa": "INTEGRA Administracion Directa",
        "matricula_total": 117,
        "mat_sala_cuna": 38,
        "mat_medio": 79,
        "mat_transicion": 0,
        "slep_sostenedor": null,
        "slep_procedencia": "sin_dato"
      },
      "geometry": {
        "type": "Point",
        "coordinates": [
          -71.506248,
          -33.02141
        ]
      }
    },
    {
      "type": "Feature",
      "properties": {
        "id_estab": "52412",
        "nombre": "AMAUTTA",
        "cod_comuna": "5109",
        "comuna": "VIÑA DEL MAR",
        "origen": 3,
        "tipo_estab": 7,
        "tipo_glosa": "INTEGRA Administracion Directa",
        "matricula_total": 83,
        "mat_sala_cuna": 37,
        "mat_medio": 46,
        "mat_transicion": 0,
        "slep_sostenedor": null,
        "slep_procedencia": "sin_dato"
      },
      "geometry": {
        "type": "Point",
        "coordinates": [
          -71.475111,
          -32.99913
        ]
      }
    },
    {
      "type": "Feature",
      "properties": {
        "id_estab": "52403",
        "nombre": "APRENDEMOS JUGANDO",
        "cod_comuna": "5109",
        "comuna": "VIÑA DEL MAR",
        "origen": 3,
        "tipo_estab": 7,
        "tipo_glosa": "INTEGRA Administracion Directa",
        "matricula_total": 123,
        "mat_sala_cuna": 33,
        "mat_medio": 90,
        "mat_transicion": 0,
        "slep_sostenedor": null,
        "slep_procedencia": "sin_dato"
      },
      "geometry": {
        "type": "Point",
        "coordinates": [
          -71.566758,
          -33.039748
        ]
      }
    },
    {
      "type": "Feature",
      "properties": {
        "id_estab": "5109019",
        "nombre": "PEQUEÑOS PASITOS",
        "cod_comuna": "5109",
        "comuna": "VIÑA DEL MAR",
        "origen": 2,
        "tipo_estab": 6,
        "tipo_glosa": "JUNJI VTF",
        "matricula_total": 58,
        "mat_sala_cuna": 23,
        "mat_medio": 35,
        "mat_transicion": 0,
        "slep_sostenedor": "Costa Central",
        "slep_procedencia": "declarada_2025"
      },
      "geometry": {
        "type": "Point",
        "coordinates": [
          -71.496571,
          -33.014971
        ]
      }
    },
    {
      "type": "Feature",
      "properties": {
        "id_estab": "40000",
        "nombre": "ESC. PARVULOS CASITA DE CRISTAL",
        "cod_comuna": "5109",
        "comuna": "VIÑA DEL MAR",
        "origen": 1,
        "tipo_estab": 2,
        "tipo_glosa": "Escuela Particular Subvencionado",
        "matricula_total": 14,
        "mat_sala_cuna": 0,
        "mat_medio": 0,
        "mat_transicion": 14,
        "slep_sostenedor": null,
        "slep_procedencia": "sin_dato"
      },
      "geometry": {
        "type": "Point",
        "coordinates": [
          -71.49532,
          -32.995937
        ]
      }
    },
    {
      "type": "Feature",
      "properties": {
        "id_estab": "5109017",
        "nombre": "LOS 7 ENANITOS",
        "cod_comuna": "5109",
        "comuna": "VIÑA DEL MAR",
        "origen": 2,
        "tipo_estab": 6,
        "tipo_glosa": "JUNJI VTF",
        "matricula_total": 3,
        "mat_sala_cuna": 0,
        "mat_medio": 3,
        "mat_transicion": 0,
        "slep_sostenedor": "Costa Central",
        "slep_procedencia": "declarada_2025"
      },
      "geometry": {
        "type": "Point",
        "coordinates": [
          -71.490271,
          -33.022661
        ]
      }
    },
    {
      "type": "Feature",
      "properties": {
        "id_estab": "5109004",
        "nombre": "PANTERA ROSA",
        "cod_comuna": "5109",
        "comuna": "VIÑA DEL MAR",
        "origen": 2,
        "tipo_estab": 5,
        "tipo_glosa": "JUNJI Administracion Directa",
        "matricula_total": 103,
        "mat_sala_cuna": 50,
        "mat_medio": 53,
        "mat_transicion": 0,
        "slep_sostenedor": null,
        "slep_procedencia": "sin_dato"
      },
      "geometry": {
        "type": "Point",
        "coordinates": [
          -71.518969,
          -32.99752
        ]
      }
    },
    {
      "type": "Feature",
      "properties": {
        "id_estab": "5109133",
        "nombre": "PMI-MANITOS A LA OBRA",
        "cod_comuna": "5109",
        "comuna": "VIÑA DEL MAR",
        "origen": 2,
        "tipo_estab": 5,
        "tipo_glosa": "JUNJI Administracion Directa",
        "matricula_total": 20,
        "mat_sala_cuna": 0,
        "mat_medio": 19,
        "mat_transicion": 1,
        "slep_sostenedor": null,
        "slep_procedencia": "sin_dato"
      },
      "geometry": {
        "type": "Point",
        "coordinates": [
          -71.480303,
          -33.029001
        ]
      }
    },
    {
      "type": "Feature",
      "properties": {
        "id_estab": "5109021",
        "nombre": "MI PEQUEÑO MUNDO",
        "cod_comuna": "5109",
        "comuna": "VIÑA DEL MAR",
        "origen": 2,
        "tipo_estab": 6,
        "tipo_glosa": "JUNJI VTF",
        "matricula_total": 53,
        "mat_sala_cuna": 20,
        "mat_medio": 33,
        "mat_transicion": 0,
        "slep_sostenedor": "Costa Central",
        "slep_procedencia": "declarada_2025"
      },
      "geometry": {
        "type": "Point",
        "coordinates": [
          -71.546168,
          -33.01345
        ]
      }
    },
    {
      "type": "Feature",
      "properties": {
        "id_estab": "5109014",
        "nombre": "SEMILLITAS DE ESPERANZA",
        "cod_comuna": "5109",
        "comuna": "VIÑA DEL MAR",
        "origen": 2,
        "tipo_estab": 6,
        "tipo_glosa": "JUNJI VTF",
        "matricula_total": 41,
        "mat_sala_cuna": 13,
        "mat_medio": 28,
        "mat_transicion": 0,
        "slep_sostenedor": "Costa Central",
        "slep_procedencia": "declarada_2025"
      },
      "geometry": {
        "type": "Point",
        "coordinates": [
          -71.51442,
          -33.007371
        ]
      }
    },
    {
      "type": "Feature",
      "properties": {
        "id_estab": "5109015",
        "nombre": "MI DULCE VILLA",
        "cod_comuna": "5109",
        "comuna": "VIÑA DEL MAR",
        "origen": 2,
        "tipo_estab": 6,
        "tipo_glosa": "JUNJI VTF",
        "matricula_total": 32,
        "mat_sala_cuna": 0,
        "mat_medio": 32,
        "mat_transicion": 0,
        "slep_sostenedor": "Costa Central",
        "slep_procedencia": "declarada_2025"
      },
      "geometry": {
        "type": "Point",
        "coordinates": [
          -71.502869,
          -33.035602
        ]
      }
    },
    {
      "type": "Feature",
      "properties": {
        "id_estab": "5109001",
        "nombre": "BANDERITA",
        "cod_comuna": "5109",
        "comuna": "VIÑA DEL MAR",
        "origen": 2,
        "tipo_estab": 5,
        "tipo_glosa": "JUNJI Administracion Directa",
        "matricula_total": 61,
        "mat_sala_cuna": 8,
        "mat_medio": 53,
        "mat_transicion": 0,
        "slep_sostenedor": null,
        "slep_procedencia": "sin_dato"
      },
      "geometry": {
        "type": "Point",
        "coordinates": [
          -71.507694,
          -33.007001
        ]
      }
    },
    {
      "type": "Feature",
      "properties": {
        "id_estab": "5109013",
        "nombre": "BROTES NUEVOS",
        "cod_comuna": "5109",
        "comuna": "VIÑA DEL MAR",
        "origen": 2,
        "tipo_estab": 6,
        "tipo_glosa": "JUNJI VTF",
        "matricula_total": 27,
        "mat_sala_cuna": 0,
        "mat_medio": 27,
        "mat_transicion": 0,
        "slep_sostenedor": null,
        "slep_procedencia": "sin_dato"
      },
      "geometry": {
        "type": "Point",
        "coordinates": [
          -71.511794,
          -33.008285
        ]
      }
    },
    {
      "type": "Feature",
      "properties": {
        "id_estab": "52407",
        "nombre": "LAS LOMITAS",
        "cod_comuna": "5109",
        "comuna": "VIÑA DEL MAR",
        "origen": 3,
        "tipo_estab": 7,
        "tipo_glosa": "INTEGRA Administracion Directa",
        "matricula_total": 27,
        "mat_sala_cuna": 0,
        "mat_medio": 24,
        "mat_transicion": 3,
        "slep_sostenedor": null,
        "slep_procedencia": "sin_dato"
      },
      "geometry": {
        "type": "Point",
        "coordinates": [
          -71.500715,
          -33.012966
        ]
      }
    },
    {
      "type": "Feature",
      "properties": {
        "id_estab": "1819",
        "nombre": "COLLEGE CHRETIEN FRANCAIS LE BEAU JOUR",
        "cod_comuna": "5109",
        "comuna": "VIÑA DEL MAR",
        "origen": 1,
        "tipo_estab": 2,
        "tipo_glosa": "Escuela Particular Subvencionado",
        "matricula_total": 9,
        "mat_sala_cuna": 0,
        "mat_medio": 0,
        "mat_transicion": 9,
        "slep_sostenedor": null,
        "slep_procedencia": "sin_dato"
      },
      "geometry": {
        "type": "Point",
        "coordinates": [
          -71.535133,
          -33.004631
        ]
      }
    },
    {
      "type": "Feature",
      "properties": {
        "id_estab": "5109125",
        "nombre": "LUCERITO",
        "cod_comuna": "5109",
        "comuna": "VIÑA DEL MAR",
        "origen": 2,
        "tipo_estab": 5,
        "tipo_glosa": "JUNJI Administracion Directa",
        "matricula_total": 20,
        "mat_sala_cuna": 0,
        "mat_medio": 16,
        "mat_transicion": 4,
        "slep_sostenedor": null,
        "slep_procedencia": "sin_dato"
      },
      "geometry": {
        "type": "Point",
        "coordinates": [
          -71.531462,
          -33.048694
        ]
      }
    },
    {
      "type": "Feature",
      "properties": {
        "id_estab": "5109127",
        "nombre": "PITUFOS RE-CREATIVOS",
        "cod_comuna": "5109",
        "comuna": "VIÑA DEL MAR",
        "origen": 2,
        "tipo_estab": 5,
        "tipo_glosa": "JUNJI Administracion Directa",
        "matricula_total": 11,
        "mat_sala_cuna": 0,
        "mat_medio": 9,
        "mat_transicion": 2,
        "slep_sostenedor": null,
        "slep_procedencia": "sin_dato"
      },
      "geometry": {
        "type": "Point",
        "coordinates": [
          -71.479939,
          -33.005646
        ]
      }
    },
    {
      "type": "Feature",
      "properties": {
        "id_estab": "5109115",
        "nombre": "LOS GRILLITOS",
        "cod_comuna": "5109",
        "comuna": "VIÑA DEL MAR",
        "origen": 2,
        "tipo_estab": 5,
        "tipo_glosa": "JUNJI Administracion Directa",
        "matricula_total": 18,
        "mat_sala_cuna": 0,
        "mat_medio": 16,
        "mat_transicion": 2,
        "slep_sostenedor": null,
        "slep_procedencia": "sin_dato"
      },
      "geometry": {
        "type": "Point",
        "coordinates": [
          -71.534647,
          -33.041955
        ]
      }
    },
    {
      "type": "Feature",
      "properties": {
        "id_estab": "5109106",
        "nombre": "LOS LEONCITOS",
        "cod_comuna": "5109",
        "comuna": "VIÑA DEL MAR",
        "origen": 2,
        "tipo_estab": 5,
        "tipo_glosa": "JUNJI Administracion Directa",
        "matricula_total": 20,
        "mat_sala_cuna": 0,
        "mat_medio": 18,
        "mat_transicion": 2,
        "slep_sostenedor": null,
        "slep_procedencia": "sin_dato"
      },
      "geometry": {
        "type": "Point",
        "coordinates": [
          -71.503084,
          -33.00464
        ]
      }
    },
    {
      "type": "Feature",
      "properties": {
        "id_estab": "5109011",
        "nombre": "TIA COTY",
        "cod_comuna": "5109",
        "comuna": "VIÑA DEL MAR",
        "origen": 2,
        "tipo_estab": 6,
        "tipo_glosa": "JUNJI VTF",
        "matricula_total": 33,
        "mat_sala_cuna": 33,
        "mat_medio": 0,
        "mat_transicion": 0,
        "slep_sostenedor": "Costa Central",
        "slep_procedencia": "declarada_2025"
      },
      "geometry": {
        "type": "Point",
        "coordinates": [
          -71.544006,
          -33.010608
        ]
      }
    },
    {
      "type": "Feature",
      "properties": {
        "id_estab": "5109104",
        "nombre": "LOS CONEJITOS",
        "cod_comuna": "5109",
        "comuna": "VIÑA DEL MAR",
        "origen": 2,
        "tipo_estab": 5,
        "tipo_glosa": "JUNJI Administracion Directa",
        "matricula_total": 17,
        "mat_sala_cuna": 0,
        "mat_medio": 16,
        "mat_transicion": 1,
        "slep_sostenedor": null,
        "slep_procedencia": "sin_dato"
      },
      "geometry": {
        "type": "Point",
        "coordinates": [
          -71.530888,
          -33.005298
        ]
      }
    },
    {
      "type": "Feature",
      "properties": {
        "id_estab": "52408",
        "nombre": "S.C. NUEVO AMANECER",
        "cod_comuna": "5109",
        "comuna": "VIÑA DEL MAR",
        "origen": 3,
        "tipo_estab": 7,
        "tipo_glosa": "INTEGRA Administracion Directa",
        "matricula_total": 17,
        "mat_sala_cuna": 17,
        "mat_medio": 0,
        "mat_transicion": 0,
        "slep_sostenedor": null,
        "slep_procedencia": "sin_dato"
      },
      "geometry": {
        "type": "Point",
        "coordinates": [
          -71.513829,
          -33.007145
        ]
      }
    },
    {
      "type": "Feature",
      "properties": {
        "id_estab": "5109116",
        "nombre": "LAS TORTUGUITAS",
        "cod_comuna": "5109",
        "comuna": "VIÑA DEL MAR",
        "origen": 2,
        "tipo_estab": 5,
        "tipo_glosa": "JUNJI Administracion Directa",
        "matricula_total": 13,
        "mat_sala_cuna": 0,
        "mat_medio": 12,
        "mat_transicion": 1,
        "slep_sostenedor": null,
        "slep_procedencia": "sin_dato"
      },
      "geometry": {
        "type": "Point",
        "coordinates": [
          -71.543299,
          -33.044674
        ]
      }
    },
    {
      "type": "Feature",
      "properties": {
        "id_estab": "16943",
        "nombre": "JARDIN INFANTIL EL RINCÓN DEL SAPOSOPITO",
        "cod_comuna": "5109",
        "comuna": "VIÑA DEL MAR",
        "origen": 1,
        "tipo_estab": 3,
        "tipo_glosa": "Escuela Particular Pagado",
        "matricula_total": 27,
        "mat_sala_cuna": 4,
        "mat_medio": 17,
        "mat_transicion": 6,
        "slep_sostenedor": null,
        "slep_procedencia": "sin_dato"
      },
      "geometry": {
        "type": "Point",
        "coordinates": [
          -71.53195,
          -33.033717
        ]
      }
    },
    {
      "type": "Feature",
      "properties": {
        "id_estab": "42161",
        "nombre": "ESCUELA ESPECIAL PARA NIÑOS CON AUTISMO NUESTRO MUNDO DIVERSO",
        "cod_comuna": "5301",
        "comuna": "LOS ANDES",
        "origen": 1,
        "tipo_estab": 2,
        "tipo_glosa": "Escuela Particular Subvencionado",
        "matricula_total": 48,
        "mat_sala_cuna": 0,
        "mat_medio": 16,
        "mat_transicion": 32,
        "slep_sostenedor": null,
        "slep_procedencia": "sin_dato"
      },
      "geometry": {
        "type": "Point",
        "coordinates": [
          -70.362485,
          -32.495107
        ]
      }
    },
    {
      "type": "Feature",
      "properties": {
        "id_estab": "1218",
        "nombre": "ESCUELA PARTICULAR JEAN PIAGET",
        "cod_comuna": "5301",
        "comuna": "LOS ANDES",
        "origen": 1,
        "tipo_estab": 2,
        "tipo_glosa": "Escuela Particular Subvencionado",
        "matricula_total": 78,
        "mat_sala_cuna": 0,
        "mat_medio": 0,
        "mat_transicion": 78,
        "slep_sostenedor": null,
        "slep_procedencia": "sin_dato"
      },
      "geometry": {
        "type": "Point",
        "coordinates": [
          -70.588547,
          -32.851681
        ]
      }
    },
    {
      "type": "Feature",
      "properties": {
        "id_estab": "13206",
        "nombre": "ESCUELA ESPECIAL MUNDO COLOR",
        "cod_comuna": "5301",
        "comuna": "LOS ANDES",
        "origen": 1,
        "tipo_estab": 2,
        "tipo_glosa": "Escuela Particular Subvencionado",
        "matricula_total": 10,
        "mat_sala_cuna": 0,
        "mat_medio": 0,
        "mat_transicion": 10,
        "slep_sostenedor": null,
        "slep_procedencia": "sin_dato"
      },
      "geometry": {
        "type": "Point",
        "coordinates": [
          -70.61741,
          -32.817043
        ]
      }
    },
    {
      "type": "Feature",
      "properties": {
        "id_estab": "1200",
        "nombre": "ESCUELA JOHN KENNEDY",
        "cod_comuna": "5301",
        "comuna": "LOS ANDES",
        "origen": 1,
        "tipo_estab": 1,
        "tipo_glosa": "Escuela Municipal",
        "matricula_total": 32,
        "mat_sala_cuna": 0,
        "mat_medio": 0,
        "mat_transicion": 32,
        "slep_sostenedor": null,
        "slep_procedencia": "sin_dato"
      },
      "geometry": {
        "type": "Point",
        "coordinates": [
          -70.601334,
          -32.838112
        ]
      }
    },
    {
      "type": "Feature",
      "properties": {
        "id_estab": "1201",
        "nombre": "ESCUELA ESPECIAL VALLE ANDINO",
        "cod_comuna": "5301",
        "comuna": "LOS ANDES",
        "origen": 1,
        "tipo_estab": 1,
        "tipo_glosa": "Escuela Municipal",
        "matricula_total": 7,
        "mat_sala_cuna": 0,
        "mat_medio": 0,
        "mat_transicion": 7,
        "slep_sostenedor": null,
        "slep_procedencia": "sin_dato"
      },
      "geometry": {
        "type": "Point",
        "coordinates": [
          -70.604492,
          -32.827141
        ]
      }
    },
    {
      "type": "Feature",
      "properties": {
        "id_estab": "1216",
        "nombre": "ESCUELA PARTICULAR HUMBERTO CASARINO",
        "cod_comuna": "5301",
        "comuna": "LOS ANDES",
        "origen": 1,
        "tipo_estab": 2,
        "tipo_glosa": "Escuela Particular Subvencionado",
        "matricula_total": 47,
        "mat_sala_cuna": 0,
        "mat_medio": 0,
        "mat_transicion": 47,
        "slep_sostenedor": null,
        "slep_procedencia": "sin_dato"
      },
      "geometry": {
        "type": "Point",
        "coordinates": [
          -70.600906,
          -32.84277
        ]
      }
    },
    {
      "type": "Feature",
      "properties": {
        "id_estab": "1225",
        "nombre": "INSTITUTO CHACABUCO",
        "cod_comuna": "5301",
        "comuna": "LOS ANDES",
        "origen": 1,
        "tipo_estab": 3,
        "tipo_glosa": "Escuela Particular Pagado",
        "matricula_total": 90,
        "mat_sala_cuna": 0,
        "mat_medio": 0,
        "mat_transicion": 90,
        "slep_sostenedor": null,
        "slep_procedencia": "sin_dato"
      },
      "geometry": {
        "type": "Point",
        "coordinates": [
          -70.59502,
          -32.830241
        ]
      }
    },
    {
      "type": "Feature",
      "properties": {
        "id_estab": "1213",
        "nombre": "LICEO PARTICULAR MIXTO LOS ANDES",
        "cod_comuna": "5301",
        "comuna": "LOS ANDES",
        "origen": 1,
        "tipo_estab": 2,
        "tipo_glosa": "Escuela Particular Subvencionado",
        "matricula_total": 85,
        "mat_sala_cuna": 0,
        "mat_medio": 0,
        "mat_transicion": 85,
        "slep_sostenedor": null,
        "slep_procedencia": "sin_dato"
      },
      "geometry": {
        "type": "Point",
        "coordinates": [
          -70.613663,
          -32.82795
        ]
      }
    },
    {
      "type": "Feature",
      "properties": {
        "id_estab": "1203",
        "nombre": "ESCUELA GABRIELA MISTRAL",
        "cod_comuna": "5301",
        "comuna": "LOS ANDES",
        "origen": 1,
        "tipo_estab": 1,
        "tipo_glosa": "Escuela Municipal",
        "matricula_total": 52,
        "mat_sala_cuna": 0,
        "mat_medio": 0,
        "mat_transicion": 52,
        "slep_sostenedor": null,
        "slep_procedencia": "sin_dato"
      },
      "geometry": {
        "type": "Point",
        "coordinates": [
          -70.576141,
          -32.83149
        ]
      }
    },
    {
      "type": "Feature",
      "properties": {
        "id_estab": "1211",
        "nombre": "ESCUELA IGNACIO CARRERA PINTO",
        "cod_comuna": "5301",
        "comuna": "LOS ANDES",
        "origen": 1,
        "tipo_estab": 1,
        "tipo_glosa": "Escuela Municipal",
        "matricula_total": 32,
        "mat_sala_cuna": 0,
        "mat_medio": 0,
        "mat_transicion": 32,
        "slep_sostenedor": null,
        "slep_procedencia": "sin_dato"
      },
      "geometry": {
        "type": "Point",
        "coordinates": [
          -70.595299,
          -32.845539
        ]
      }
    },
    {
      "type": "Feature",
      "properties": {
        "id_estab": "1197",
        "nombre": "ESCUELA ESPANA",
        "cod_comuna": "5301",
        "comuna": "LOS ANDES",
        "origen": 1,
        "tipo_estab": 1,
        "tipo_glosa": "Escuela Municipal",
        "matricula_total": 132,
        "mat_sala_cuna": 0,
        "mat_medio": 0,
        "mat_transicion": 132,
        "slep_sostenedor": null,
        "slep_procedencia": "sin_dato"
      },
      "geometry": {
        "type": "Point",
        "coordinates": [
          -70.593643,
          -32.83403
        ]
      }
    },
    {
      "type": "Feature",
      "properties": {
        "id_estab": "1215",
        "nombre": "ESCUELA PARTICULAR SAN JOSE",
        "cod_comuna": "5301",
        "comuna": "LOS ANDES",
        "origen": 1,
        "tipo_estab": 2,
        "tipo_glosa": "Escuela Particular Subvencionado",
        "matricula_total": 98,
        "mat_sala_cuna": 0,
        "mat_medio": 0,
        "mat_transicion": 98,
        "slep_sostenedor": null,
        "slep_procedencia": "sin_dato"
      },
      "geometry": {
        "type": "Point",
        "coordinates": [
          -70.597954,
          -32.82938
        ]
      }
    },
    {
      "type": "Feature",
      "properties": {
        "id_estab": "1217",
        "nombre": "LICEO SANTA CLARA",
        "cod_comuna": "5301",
        "comuna": "LOS ANDES",
        "origen": 1,
        "tipo_estab": 2,
        "tipo_glosa": "Escuela Particular Subvencionado",
        "matricula_total": 76,
        "mat_sala_cuna": 0,
        "mat_medio": 0,
        "mat_transicion": 76,
        "slep_sostenedor": null,
        "slep_procedencia": "sin_dato"
      },
      "geometry": {
        "type": "Point",
        "coordinates": [
          -70.598709,
          -32.840691
        ]
      }
    },
    {
      "type": "Feature",
      "properties": {
        "id_estab": "1202",
        "nombre": "ESCUELA FERROVIARIA",
        "cod_comuna": "5301",
        "comuna": "LOS ANDES",
        "origen": 1,
        "tipo_estab": 1,
        "tipo_glosa": "Escuela Municipal",
        "matricula_total": 37,
        "mat_sala_cuna": 0,
        "mat_medio": 0,
        "mat_transicion": 37,
        "slep_sostenedor": null,
        "slep_procedencia": "sin_dato"
      },
      "geometry": {
        "type": "Point",
        "coordinates": [
          -70.607521,
          -32.829861
        ]
      }
    },
    {
      "type": "Feature",
      "properties": {
        "id_estab": "11203",
        "nombre": "COLEGIO PARTICULAR CLAUDIO GAY",
        "cod_comuna": "5301",
        "comuna": "LOS ANDES",
        "origen": 1,
        "tipo_estab": 2,
        "tipo_glosa": "Escuela Particular Subvencionado",
        "matricula_total": 71,
        "mat_sala_cuna": 0,
        "mat_medio": 0,
        "mat_transicion": 71,
        "slep_sostenedor": null,
        "slep_procedencia": "sin_dato"
      },
      "geometry": {
        "type": "Point",
        "coordinates": [
          -70.591339,
          -32.847198
        ]
      }
    },
    {
      "type": "Feature",
      "properties": {
        "id_estab": "14670",
        "nombre": "COLEGIO SAN SEBASTIAN",
        "cod_comuna": "5301",
        "comuna": "LOS ANDES",
        "origen": 1,
        "tipo_estab": 2,
        "tipo_glosa": "Escuela Particular Subvencionado",
        "matricula_total": 31,
        "mat_sala_cuna": 0,
        "mat_medio": 0,
        "mat_transicion": 31,
        "slep_sostenedor": null,
        "slep_procedencia": "sin_dato"
      },
      "geometry": {
        "type": "Point",
        "coordinates": [
          -70.6418,
          -32.830769
        ]
      }
    },
    {
      "type": "Feature",
      "properties": {
        "id_estab": "14201",
        "nombre": "LICEO MIXTO LOS ANDES",
        "cod_comuna": "5301",
        "comuna": "LOS ANDES",
        "origen": 1,
        "tipo_estab": 2,
        "tipo_glosa": "Escuela Particular Subvencionado",
        "matricula_total": 69,
        "mat_sala_cuna": 0,
        "mat_medio": 0,
        "mat_transicion": 69,
        "slep_sostenedor": null,
        "slep_procedencia": "sin_dato"
      },
      "geometry": {
        "type": "Point",
        "coordinates": [
          -70.599281,
          -32.83633
        ]
      }
    },
    {
      "type": "Feature",
      "properties": {
        "id_estab": "1204",
        "nombre": "ESCUELA BASICA GRAL.JOSE MIGUEL CARRERA",
        "cod_comuna": "5301",
        "comuna": "LOS ANDES",
        "origen": 1,
        "tipo_estab": 1,
        "tipo_glosa": "Escuela Municipal",
        "matricula_total": 18,
        "mat_sala_cuna": 0,
        "mat_medio": 0,
        "mat_transicion": 18,
        "slep_sostenedor": null,
        "slep_procedencia": "sin_dato"
      },
      "geometry": {
        "type": "Point",
        "coordinates": [
          -70.605003,
          -32.827621
        ]
      }
    },
    {
      "type": "Feature",
      "properties": {
        "id_estab": "1220",
        "nombre": "ESCUELA PARTICULAR N°27 EDÉN DEL NIÑO",
        "cod_comuna": "5301",
        "comuna": "LOS ANDES",
        "origen": 1,
        "tipo_estab": 2,
        "tipo_glosa": "Escuela Particular Subvencionado",
        "matricula_total": 20,
        "mat_sala_cuna": 0,
        "mat_medio": 0,
        "mat_transicion": 20,
        "slep_sostenedor": null,
        "slep_procedencia": "sin_dato"
      },
      "geometry": {
        "type": "Point",
        "coordinates": [
          -70.597923,
          -32.83136
        ]
      }
    },
    {
      "type": "Feature",
      "properties": {
        "id_estab": "16988",
        "nombre": "ESCUELA ESPECIAL DE LENGUAJE MAKIATO",
        "cod_comuna": "5301",
        "comuna": "LOS ANDES",
        "origen": 1,
        "tipo_estab": 2,
        "tipo_glosa": "Escuela Particular Subvencionado",
        "matricula_total": 57,
        "mat_sala_cuna": 0,
        "mat_medio": 19,
        "mat_transicion": 38,
        "slep_sostenedor": null,
        "slep_procedencia": "sin_dato"
      },
      "geometry": {
        "type": "Point",
        "coordinates": [
          -70.62,
          -32.81793
        ]
      }
    },
    {
      "type": "Feature",
      "properties": {
        "id_estab": "1198",
        "nombre": "LICEO REPUBLICA ARGENTINA",
        "cod_comuna": "5301",
        "comuna": "LOS ANDES",
        "origen": 1,
        "tipo_estab": 1,
        "tipo_glosa": "Escuela Municipal",
        "matricula_total": 29,
        "mat_sala_cuna": 0,
        "mat_medio": 0,
        "mat_transicion": 29,
        "slep_sostenedor": null,
        "slep_procedencia": "sin_dato"
      },
      "geometry": {
        "type": "Point",
        "coordinates": [
          -70.603348,
          -32.833179
        ]
      }
    },
    {
      "type": "Feature",
      "properties": {
        "id_estab": "1226",
        "nombre": "COLEGIO MARIA MONTESSORI",
        "cod_comuna": "5301",
        "comuna": "LOS ANDES",
        "origen": 1,
        "tipo_estab": 3,
        "tipo_glosa": "Escuela Particular Pagado",
        "matricula_total": 19,
        "mat_sala_cuna": 0,
        "mat_medio": 0,
        "mat_transicion": 19,
        "slep_sostenedor": null,
        "slep_procedencia": "sin_dato"
      },
      "geometry": {
        "type": "Point",
        "coordinates": [
          -70.609057,
          -32.831645
        ]
      }
    },
    {
      "type": "Feature",
      "properties": {
        "id_estab": "16989",
        "nombre": "CAMBRIDGE COLLEGE",
        "cod_comuna": "5301",
        "comuna": "LOS ANDES",
        "origen": 1,
        "tipo_estab": 3,
        "tipo_glosa": "Escuela Particular Pagado",
        "matricula_total": 29,
        "mat_sala_cuna": 0,
        "mat_medio": 2,
        "mat_transicion": 27,
        "slep_sostenedor": null,
        "slep_procedencia": "sin_dato"
      },
      "geometry": {
        "type": "Point",
        "coordinates": [
          -70.597551,
          -32.83549
        ]
      }
    },
    {
      "type": "Feature",
      "properties": {
        "id_estab": "14589",
        "nombre": "COLEGIO TRAST.DE LA COMUNIC MATICES",
        "cod_comuna": "5301",
        "comuna": "LOS ANDES",
        "origen": 1,
        "tipo_estab": 2,
        "tipo_glosa": "Escuela Particular Subvencionado",
        "matricula_total": 48,
        "mat_sala_cuna": 0,
        "mat_medio": 10,
        "mat_transicion": 38,
        "slep_sostenedor": null,
        "slep_procedencia": "sin_dato"
      },
      "geometry": {
        "type": "Point",
        "coordinates": [
          -70.60764,
          -32.84069
        ]
      }
    },
    {
      "type": "Feature",
      "properties": {
        "id_estab": "14762",
        "nombre": "COLEGIO PARTICULAR ANDES-CHILE",
        "cod_comuna": "5301",
        "comuna": "LOS ANDES",
        "origen": 1,
        "tipo_estab": 3,
        "tipo_glosa": "Escuela Particular Pagado",
        "matricula_total": 21,
        "mat_sala_cuna": 0,
        "mat_medio": 0,
        "mat_transicion": 21,
        "slep_sostenedor": null,
        "slep_procedencia": "sin_dato"
      },
      "geometry": {
        "type": "Point",
        "coordinates": [
          -70.605777,
          -32.83038
        ]
      }
    },
    {
      "type": "Feature",
      "properties": {
        "id_estab": "1229",
        "nombre": "COLEGIO PARTICULAR BREGA COLLEGE",
        "cod_comuna": "5301",
        "comuna": "LOS ANDES",
        "origen": 1,
        "tipo_estab": 3,
        "tipo_glosa": "Escuela Particular Pagado",
        "matricula_total": 55,
        "mat_sala_cuna": 0,
        "mat_medio": 3,
        "mat_transicion": 52,
        "slep_sostenedor": null,
        "slep_procedencia": "sin_dato"
      },
      "geometry": {
        "type": "Point",
        "coordinates": [
          -70.60548,
          -32.828587
        ]
      }
    },
    {
      "type": "Feature",
      "properties": {
        "id_estab": "14588",
        "nombre": "ESCUELA DE TRAST. DE LENGUAJE CELAN PAICAVÝ",
        "cod_comuna": "5301",
        "comuna": "LOS ANDES",
        "origen": 1,
        "tipo_estab": 2,
        "tipo_glosa": "Escuela Particular Subvencionado",
        "matricula_total": 56,
        "mat_sala_cuna": 0,
        "mat_medio": 9,
        "mat_transicion": 47,
        "slep_sostenedor": null,
        "slep_procedencia": "sin_dato"
      },
      "geometry": {
        "type": "Point",
        "coordinates": [
          -70.60764,
          -32.84069
        ]
      }
    },
    {
      "type": "Feature",
      "properties": {
        "id_estab": "31452",
        "nombre": "ESCUELA ESPECIAL DE LENGUAJE ARIKI MAU",
        "cod_comuna": "5301",
        "comuna": "LOS ANDES",
        "origen": 1,
        "tipo_estab": 2,
        "tipo_glosa": "Escuela Particular Subvencionado",
        "matricula_total": 49,
        "mat_sala_cuna": 0,
        "mat_medio": 29,
        "mat_transicion": 20,
        "slep_sostenedor": null,
        "slep_procedencia": "sin_dato"
      },
      "geometry": {
        "type": "Point",
        "coordinates": [
          -70.59233,
          -32.83167
        ]
      }
    },
    {
      "type": "Feature",
      "properties": {
        "id_estab": "1210",
        "nombre": "ESCUELA EL SAUCE",
        "cod_comuna": "5301",
        "comuna": "LOS ANDES",
        "origen": 1,
        "tipo_estab": 1,
        "tipo_glosa": "Escuela Municipal",
        "matricula_total": 32,
        "mat_sala_cuna": 0,
        "mat_medio": 0,
        "mat_transicion": 32,
        "slep_sostenedor": null,
        "slep_procedencia": "sin_dato"
      },
      "geometry": {
        "type": "Point",
        "coordinates": [
          -70.548027,
          -32.8353
        ]
      }
    },
    {
      "type": "Feature",
      "properties": {
        "id_estab": "1221",
        "nombre": "COLEGIO ALCAZAR",
        "cod_comuna": "5301",
        "comuna": "LOS ANDES",
        "origen": 1,
        "tipo_estab": 2,
        "tipo_glosa": "Escuela Particular Subvencionado",
        "matricula_total": 26,
        "mat_sala_cuna": 0,
        "mat_medio": 0,
        "mat_transicion": 26,
        "slep_sostenedor": null,
        "slep_procedencia": "sin_dato"
      },
      "geometry": {
        "type": "Point",
        "coordinates": [
          -70.601418,
          -32.835819
        ]
      }
    },
    {
      "type": "Feature",
      "properties": {
        "id_estab": "14945",
        "nombre": "ESC. ESP. DE LENGUAJE CUMBRES DE ACONCAGUA",
        "cod_comuna": "5301",
        "comuna": "LOS ANDES",
        "origen": 1,
        "tipo_estab": 2,
        "tipo_glosa": "Escuela Particular Subvencionado",
        "matricula_total": 60,
        "mat_sala_cuna": 0,
        "mat_medio": 20,
        "mat_transicion": 40,
        "slep_sostenedor": null,
        "slep_procedencia": "sin_dato"
      },
      "geometry": {
        "type": "Point",
        "coordinates": [
          -70.60284,
          -32.834194
        ]
      }
    },
    {
      "type": "Feature",
      "properties": {
        "id_estab": "14578",
        "nombre": "ESC.TRAST.DE LA COM. Y LENG. LAS VIOLETAS",
        "cod_comuna": "5301",
        "comuna": "LOS ANDES",
        "origen": 1,
        "tipo_estab": 2,
        "tipo_glosa": "Escuela Particular Subvencionado",
        "matricula_total": 49,
        "mat_sala_cuna": 0,
        "mat_medio": 17,
        "mat_transicion": 32,
        "slep_sostenedor": null,
        "slep_procedencia": "sin_dato"
      },
      "geometry": {
        "type": "Point",
        "coordinates": [
          -70.60976,
          -32.829254
        ]
      }
    },
    {
      "type": "Feature",
      "properties": {
        "id_estab": "1208",
        "nombre": "ESCUELA BASICA RIO BLANCO",
        "cod_comuna": "5301",
        "comuna": "LOS ANDES",
        "origen": 1,
        "tipo_estab": 1,
        "tipo_glosa": "Escuela Municipal",
        "matricula_total": 21,
        "mat_sala_cuna": 0,
        "mat_medio": 0,
        "mat_transicion": 21,
        "slep_sostenedor": null,
        "slep_procedencia": "sin_dato"
      },
      "geometry": {
        "type": "Point",
        "coordinates": [
          -70.304443,
          -32.909729
        ]
      }
    },
    {
      "type": "Feature",
      "properties": {
        "id_estab": "5301002",
        "nombre": "NARANJÍN",
        "cod_comuna": "5301",
        "comuna": "LOS ANDES",
        "origen": 2,
        "tipo_estab": 5,
        "tipo_glosa": "JUNJI Administracion Directa",
        "matricula_total": 83,
        "mat_sala_cuna": 35,
        "mat_medio": 48,
        "mat_transicion": 0,
        "slep_sostenedor": null,
        "slep_procedencia": "sin_dato"
      },
      "geometry": {
        "type": "Point",
        "coordinates": [
          -70.603201,
          -32.838491
        ]
      }
    },
    {
      "type": "Feature",
      "properties": {
        "id_estab": "40362",
        "nombre": "JARDIN INFANTIL REMOLINO",
        "cod_comuna": "5301",
        "comuna": "LOS ANDES",
        "origen": 1,
        "tipo_estab": 2,
        "tipo_glosa": "Escuela Particular Subvencionado",
        "matricula_total": 5,
        "mat_sala_cuna": 0,
        "mat_medio": 0,
        "mat_transicion": 5,
        "slep_sostenedor": null,
        "slep_procedencia": "sin_dato"
      },
      "geometry": {
        "type": "Point",
        "coordinates": [
          -70.603134,
          -32.828026
        ]
      }
    },
    {
      "type": "Feature",
      "properties": {
        "id_estab": "5301003",
        "nombre": "RAYITO DE LUZ",
        "cod_comuna": "5301",
        "comuna": "LOS ANDES",
        "origen": 2,
        "tipo_estab": 5,
        "tipo_glosa": "JUNJI Administracion Directa",
        "matricula_total": 123,
        "mat_sala_cuna": 31,
        "mat_medio": 92,
        "mat_transicion": 0,
        "slep_sostenedor": null,
        "slep_procedencia": "sin_dato"
      },
      "geometry": {
        "type": "Point",
        "coordinates": [
          -70.61326,
          -32.84101
        ]
      }
    },
    {
      "type": "Feature",
      "properties": {
        "id_estab": "5301007",
        "nombre": "CUNCUNA, RAYITO DE LUNA",
        "cod_comuna": "5301",
        "comuna": "LOS ANDES",
        "origen": 2,
        "tipo_estab": 6,
        "tipo_glosa": "JUNJI VTF",
        "matricula_total": 76,
        "mat_sala_cuna": 28,
        "mat_medio": 48,
        "mat_transicion": 0,
        "slep_sostenedor": "Los Andes",
        "slep_procedencia": "derivada_comuna"
      },
      "geometry": {
        "type": "Point",
        "coordinates": [
          -70.59375,
          -32.854677
        ]
      }
    },
    {
      "type": "Feature",
      "properties": {
        "id_estab": "5301001",
        "nombre": "FOSFORITO",
        "cod_comuna": "5301",
        "comuna": "LOS ANDES",
        "origen": 2,
        "tipo_estab": 5,
        "tipo_glosa": "JUNJI Administracion Directa",
        "matricula_total": 26,
        "mat_sala_cuna": 6,
        "mat_medio": 20,
        "mat_transicion": 0,
        "slep_sostenedor": null,
        "slep_procedencia": "sin_dato"
      },
      "geometry": {
        "type": "Point",
        "coordinates": [
          -70.609832,
          -32.843245
        ]
      }
    },
    {
      "type": "Feature",
      "properties": {
        "id_estab": "5301005",
        "nombre": "LUZ DE LUNA",
        "cod_comuna": "5301",
        "comuna": "LOS ANDES",
        "origen": 2,
        "tipo_estab": 6,
        "tipo_glosa": "JUNJI VTF",
        "matricula_total": 82,
        "mat_sala_cuna": 30,
        "mat_medio": 52,
        "mat_transicion": 0,
        "slep_sostenedor": "Los Andes",
        "slep_procedencia": "derivada_comuna"
      },
      "geometry": {
        "type": "Point",
        "coordinates": [
          -70.576126,
          -32.831097
        ]
      }
    },
    {
      "type": "Feature",
      "properties": {
        "id_estab": "5301004",
        "nombre": "PORTALITOS DE DANIELA",
        "cod_comuna": "5301",
        "comuna": "LOS ANDES",
        "origen": 2,
        "tipo_estab": 6,
        "tipo_glosa": "JUNJI VTF",
        "matricula_total": 44,
        "mat_sala_cuna": 18,
        "mat_medio": 26,
        "mat_transicion": 0,
        "slep_sostenedor": "Los Andes",
        "slep_procedencia": "derivada_comuna"
      },
      "geometry": {
        "type": "Point",
        "coordinates": [
          -70.619591,
          -32.812587
        ]
      }
    },
    {
      "type": "Feature",
      "properties": {
        "id_estab": "5301121",
        "nombre": "MIS PRIMEROS PASOS",
        "cod_comuna": "5301",
        "comuna": "LOS ANDES",
        "origen": 2,
        "tipo_estab": 5,
        "tipo_glosa": "JUNJI Administracion Directa",
        "matricula_total": 11,
        "mat_sala_cuna": 0,
        "mat_medio": 11,
        "mat_transicion": 0,
        "slep_sostenedor": null,
        "slep_procedencia": "sin_dato"
      },
      "geometry": {
        "type": "Point",
        "coordinates": [
          -70.303912,
          -32.909512
        ]
      }
    },
    {
      "type": "Feature",
      "properties": {
        "id_estab": "14755",
        "nombre": "ESCUELA DE LENGUAJE MIS VIOLETAS",
        "cod_comuna": "5301",
        "comuna": "LOS ANDES",
        "origen": 1,
        "tipo_estab": 2,
        "tipo_glosa": "Escuela Particular Subvencionado",
        "matricula_total": 28,
        "mat_sala_cuna": 0,
        "mat_medio": 15,
        "mat_transicion": 13,
        "slep_sostenedor": null,
        "slep_procedencia": "sin_dato"
      },
      "geometry": {
        "type": "Point",
        "coordinates": [
          -70.59284,
          -32.847664
        ]
      }
    },
    {
      "type": "Feature",
      "properties": {
        "id_estab": "50802",
        "nombre": "PAMPANITOS ALTO DEL PUERTO",
        "cod_comuna": "5301",
        "comuna": "LOS ANDES",
        "origen": 3,
        "tipo_estab": 7,
        "tipo_glosa": "INTEGRA Administracion Directa",
        "matricula_total": 81,
        "mat_sala_cuna": 27,
        "mat_medio": 54,
        "mat_transicion": 0,
        "slep_sostenedor": null,
        "slep_procedencia": "sin_dato"
      },
      "geometry": {
        "type": "Point",
        "coordinates": [
          -70.630597,
          -32.84369
        ]
      }
    },
    {
      "type": "Feature",
      "properties": {
        "id_estab": "5301009",
        "nombre": "SUEÑOS DE CORDILLERA",
        "cod_comuna": "5301",
        "comuna": "LOS ANDES",
        "origen": 2,
        "tipo_estab": 5,
        "tipo_glosa": "JUNJI Administracion Directa",
        "matricula_total": 36,
        "mat_sala_cuna": 11,
        "mat_medio": 25,
        "mat_transicion": 0,
        "slep_sostenedor": null,
        "slep_procedencia": "sin_dato"
      },
      "geometry": {
        "type": "Point",
        "coordinates": [
          -70.5724,
          -32.83568
        ]
      }
    },
    {
      "type": "Feature",
      "properties": {
        "id_estab": "5301006",
        "nombre": "MI MUNDO DE COLORES",
        "cod_comuna": "5301",
        "comuna": "LOS ANDES",
        "origen": 2,
        "tipo_estab": 6,
        "tipo_glosa": "JUNJI VTF",
        "matricula_total": 52,
        "mat_sala_cuna": 20,
        "mat_medio": 32,
        "mat_transicion": 0,
        "slep_sostenedor": "Los Andes",
        "slep_procedencia": "derivada_comuna"
      },
      "geometry": {
        "type": "Point",
        "coordinates": [
          -70.603427,
          -32.833687
        ]
      }
    },
    {
      "type": "Feature",
      "properties": {
        "id_estab": "5301008",
        "nombre": "PASITOS ANDINOS",
        "cod_comuna": "5301",
        "comuna": "LOS ANDES",
        "origen": 2,
        "tipo_estab": 6,
        "tipo_glosa": "JUNJI VTF",
        "matricula_total": 46,
        "mat_sala_cuna": 18,
        "mat_medio": 28,
        "mat_transicion": 0,
        "slep_sostenedor": "Los Andes",
        "slep_procedencia": "derivada_comuna"
      },
      "geometry": {
        "type": "Point",
        "coordinates": [
          -70.606282,
          -32.826881
        ]
      }
    },
    {
      "type": "Feature",
      "properties": {
        "id_estab": "1252",
        "nombre": "ESCUELA BASICA VALLE ALEGRE",
        "cod_comuna": "5302",
        "comuna": "CALLE LARGA",
        "origen": 1,
        "tipo_estab": 1,
        "tipo_glosa": "Escuela Municipal",
        "matricula_total": 12,
        "mat_sala_cuna": 0,
        "mat_medio": 0,
        "mat_transicion": 12,
        "slep_sostenedor": null,
        "slep_procedencia": "sin_dato"
      },
      "geometry": {
        "type": "Point",
        "coordinates": [
          -70.662666,
          -32.857368
        ]
      }
    },
    {
      "type": "Feature",
      "properties": {
        "id_estab": "1256",
        "nombre": "COLEGIO PARTICULAR SAN JOSE",
        "cod_comuna": "5302",
        "comuna": "CALLE LARGA",
        "origen": 1,
        "tipo_estab": 2,
        "tipo_glosa": "Escuela Particular Subvencionado",
        "matricula_total": 30,
        "mat_sala_cuna": 0,
        "mat_medio": 0,
        "mat_transicion": 30,
        "slep_sostenedor": null,
        "slep_procedencia": "sin_dato"
      },
      "geometry": {
        "type": "Point",
        "coordinates": [
          -70.628227,
          -32.856899
        ]
      }
    },
    {
      "type": "Feature",
      "properties": {
        "id_estab": "1248",
        "nombre": "ESCUELA BASICA LA PAMPILLA",
        "cod_comuna": "5302",
        "comuna": "CALLE LARGA",
        "origen": 1,
        "tipo_estab": 1,
        "tipo_glosa": "Escuela Municipal",
        "matricula_total": 23,
        "mat_sala_cuna": 0,
        "mat_medio": 0,
        "mat_transicion": 23,
        "slep_sostenedor": null,
        "slep_procedencia": "sin_dato"
      },
      "geometry": {
        "type": "Point",
        "coordinates": [
          -70.624107,
          -32.858551
        ]
      }
    },
    {
      "type": "Feature",
      "properties": {
        "id_estab": "14414",
        "nombre": "COLEGIO EDUCENTER",
        "cod_comuna": "5302",
        "comuna": "CALLE LARGA",
        "origen": 1,
        "tipo_estab": 2,
        "tipo_glosa": "Escuela Particular Subvencionado",
        "matricula_total": 72,
        "mat_sala_cuna": 0,
        "mat_medio": 0,
        "mat_transicion": 72,
        "slep_sostenedor": null,
        "slep_procedencia": "sin_dato"
      },
      "geometry": {
        "type": "Point",
        "coordinates": [
          -70.606506,
          -32.85247
        ]
      }
    },
    {
      "type": "Feature",
      "properties": {
        "id_estab": "1249",
        "nombre": "ESCUELA BASICA PEDRO AGUIRRE CERDA",
        "cod_comuna": "5302",
        "comuna": "CALLE LARGA",
        "origen": 1,
        "tipo_estab": 1,
        "tipo_glosa": "Escuela Municipal",
        "matricula_total": 20,
        "mat_sala_cuna": 0,
        "mat_medio": 0,
        "mat_transicion": 20,
        "slep_sostenedor": null,
        "slep_procedencia": "sin_dato"
      },
      "geometry": {
        "type": "Point",
        "coordinates": [
          -70.619431,
          -32.86895
        ]
      }
    },
    {
      "type": "Feature",
      "properties": {
        "id_estab": "14931",
        "nombre": "ESCUELA ESP.DE LENGUAJE VOCES DEL VALLE",
        "cod_comuna": "5302",
        "comuna": "CALLE LARGA",
        "origen": 1,
        "tipo_estab": 2,
        "tipo_glosa": "Escuela Particular Subvencionado",
        "matricula_total": 140,
        "mat_sala_cuna": 0,
        "mat_medio": 45,
        "mat_transicion": 95,
        "slep_sostenedor": null,
        "slep_procedencia": "sin_dato"
      },
      "geometry": {
        "type": "Point",
        "coordinates": [
          -70.60635,
          -32.860935
        ]
      }
    },
    {
      "type": "Feature",
      "properties": {
        "id_estab": "1247",
        "nombre": "ESCUELA BASICA MARIA ISABEL DE BROWN",
        "cod_comuna": "5302",
        "comuna": "CALLE LARGA",
        "origen": 1,
        "tipo_estab": 1,
        "tipo_glosa": "Escuela Municipal",
        "matricula_total": 12,
        "mat_sala_cuna": 0,
        "mat_medio": 0,
        "mat_transicion": 12,
        "slep_sostenedor": null,
        "slep_procedencia": "sin_dato"
      },
      "geometry": {
        "type": "Point",
        "coordinates": [
          -70.651497,
          -32.8722
        ]
      }
    },
    {
      "type": "Feature",
      "properties": {
        "id_estab": "14217",
        "nombre": "SUN VALLEY COLLEGE",
        "cod_comuna": "5302",
        "comuna": "CALLE LARGA",
        "origen": 1,
        "tipo_estab": 3,
        "tipo_glosa": "Escuela Particular Pagado",
        "matricula_total": 90,
        "mat_sala_cuna": 0,
        "mat_medio": 33,
        "mat_transicion": 57,
        "slep_sostenedor": null,
        "slep_procedencia": "sin_dato"
      },
      "geometry": {
        "type": "Point",
        "coordinates": [
          -70.58512,
          -32.860901
        ]
      }
    },
    {
      "type": "Feature",
      "properties": {
        "id_estab": "1251",
        "nombre": "ESCUELA BASICA CRISTO REDENTOR",
        "cod_comuna": "5302",
        "comuna": "CALLE LARGA",
        "origen": 1,
        "tipo_estab": 1,
        "tipo_glosa": "Escuela Municipal",
        "matricula_total": 31,
        "mat_sala_cuna": 0,
        "mat_medio": 0,
        "mat_transicion": 31,
        "slep_sostenedor": null,
        "slep_procedencia": "sin_dato"
      },
      "geometry": {
        "type": "Point",
        "coordinates": [
          -70.59169,
          -32.887718
        ]
      }
    },
    {
      "type": "Feature",
      "properties": {
        "id_estab": "1250",
        "nombre": "ESCUELA VICTOR KOERNER",
        "cod_comuna": "5302",
        "comuna": "CALLE LARGA",
        "origen": 1,
        "tipo_estab": 1,
        "tipo_glosa": "Escuela Municipal",
        "matricula_total": 11,
        "mat_sala_cuna": 0,
        "mat_medio": 0,
        "mat_transicion": 11,
        "slep_sostenedor": null,
        "slep_procedencia": "sin_dato"
      },
      "geometry": {
        "type": "Point",
        "coordinates": [
          -70.613243,
          -32.843189
        ]
      }
    },
    {
      "type": "Feature",
      "properties": {
        "id_estab": "5302003",
        "nombre": "LOS ANGELITOS",
        "cod_comuna": "5302",
        "comuna": "CALLE LARGA",
        "origen": 2,
        "tipo_estab": 6,
        "tipo_glosa": "JUNJI VTF",
        "matricula_total": 41,
        "mat_sala_cuna": 11,
        "mat_medio": 30,
        "mat_transicion": 0,
        "slep_sostenedor": "Los Andes",
        "slep_procedencia": "derivada_comuna"
      },
      "geometry": {
        "type": "Point",
        "coordinates": [
          -70.592199,
          -32.888127
        ]
      }
    },
    {
      "type": "Feature",
      "properties": {
        "id_estab": "5302001",
        "nombre": "RINCONCITO",
        "cod_comuna": "5302",
        "comuna": "CALLE LARGA",
        "origen": 2,
        "tipo_estab": 6,
        "tipo_glosa": "JUNJI VTF",
        "matricula_total": 64,
        "mat_sala_cuna": 27,
        "mat_medio": 37,
        "mat_transicion": 0,
        "slep_sostenedor": "Los Andes",
        "slep_procedencia": "derivada_comuna"
      },
      "geometry": {
        "type": "Point",
        "coordinates": [
          -70.627519,
          -32.856062
        ]
      }
    },
    {
      "type": "Feature",
      "properties": {
        "id_estab": "5302002",
        "nombre": "ESTRELLITA DEL VALLE",
        "cod_comuna": "5302",
        "comuna": "CALLE LARGA",
        "origen": 2,
        "tipo_estab": 6,
        "tipo_glosa": "JUNJI VTF",
        "matricula_total": 37,
        "mat_sala_cuna": 13,
        "mat_medio": 24,
        "mat_transicion": 0,
        "slep_sostenedor": "Los Andes",
        "slep_procedencia": "derivada_comuna"
      },
      "geometry": {
        "type": "Point",
        "coordinates": [
          -70.660223,
          -32.859583
        ]
      }
    },
    {
      "type": "Feature",
      "properties": {
        "id_estab": "1257",
        "nombre": "CENTRO DE FORMACIÓN ACADÉMICA PERFECTO DE LA FUENTE DEL VILLAR",
        "cod_comuna": "5303",
        "comuna": "RINCONADA",
        "origen": 1,
        "tipo_estab": 1,
        "tipo_glosa": "Escuela Municipal",
        "matricula_total": 50,
        "mat_sala_cuna": 0,
        "mat_medio": 0,
        "mat_transicion": 50,
        "slep_sostenedor": null,
        "slep_procedencia": "sin_dato"
      },
      "geometry": {
        "type": "Point",
        "coordinates": [
          -70.691704,
          -32.832932
        ]
      }
    },
    {
      "type": "Feature",
      "properties": {
        "id_estab": "1259",
        "nombre": "ESCUELA BASICA MANUEL LEON SALINAS",
        "cod_comuna": "5303",
        "comuna": "RINCONADA",
        "origen": 1,
        "tipo_estab": 1,
        "tipo_glosa": "Escuela Municipal",
        "matricula_total": 28,
        "mat_sala_cuna": 0,
        "mat_medio": 0,
        "mat_transicion": 28,
        "slep_sostenedor": null,
        "slep_procedencia": "sin_dato"
      },
      "geometry": {
        "type": "Point",
        "coordinates": [
          -70.694656,
          -32.859428
        ]
      }
    },
    {
      "type": "Feature",
      "properties": {
        "id_estab": "1260",
        "nombre": "LICEO PARROQUIAL TERESITA DE LOS ANDES",
        "cod_comuna": "5303",
        "comuna": "RINCONADA",
        "origen": 1,
        "tipo_estab": 2,
        "tipo_glosa": "Escuela Particular Subvencionado",
        "matricula_total": 52,
        "mat_sala_cuna": 0,
        "mat_medio": 0,
        "mat_transicion": 52,
        "slep_sostenedor": null,
        "slep_procedencia": "sin_dato"
      },
      "geometry": {
        "type": "Point",
        "coordinates": [
          -70.686813,
          -32.84053
        ]
      }
    },
    {
      "type": "Feature",
      "properties": {
        "id_estab": "40122",
        "nombre": "ESC.ESP.DE LENG. MI PEQUEÑO RINCON",
        "cod_comuna": "5303",
        "comuna": "RINCONADA",
        "origen": 1,
        "tipo_estab": 2,
        "tipo_glosa": "Escuela Particular Subvencionado",
        "matricula_total": 45,
        "mat_sala_cuna": 0,
        "mat_medio": 13,
        "mat_transicion": 32,
        "slep_sostenedor": null,
        "slep_procedencia": "sin_dato"
      },
      "geometry": {
        "type": "Point",
        "coordinates": [
          -70.68268,
          -32.84691
        ]
      }
    },
    {
      "type": "Feature",
      "properties": {
        "id_estab": "1258",
        "nombre": "ESCUELA BASICA EMIGDIO GALDAMES ROBLES",
        "cod_comuna": "5303",
        "comuna": "RINCONADA",
        "origen": 1,
        "tipo_estab": 1,
        "tipo_glosa": "Escuela Municipal",
        "matricula_total": 34,
        "mat_sala_cuna": 0,
        "mat_medio": 0,
        "mat_transicion": 34,
        "slep_sostenedor": null,
        "slep_procedencia": "sin_dato"
      },
      "geometry": {
        "type": "Point",
        "coordinates": [
          -70.679642,
          -32.872311
        ]
      }
    },
    {
      "type": "Feature",
      "properties": {
        "id_estab": "50601",
        "nombre": "CARRUSEL",
        "cod_comuna": "5303",
        "comuna": "RINCONADA",
        "origen": 3,
        "tipo_estab": 7,
        "tipo_glosa": "INTEGRA Administracion Directa",
        "matricula_total": 86,
        "mat_sala_cuna": 18,
        "mat_medio": 68,
        "mat_transicion": 0,
        "slep_sostenedor": null,
        "slep_procedencia": "sin_dato"
      },
      "geometry": {
        "type": "Point",
        "coordinates": [
          -70.608059,
          -32.825517
        ]
      }
    },
    {
      "type": "Feature",
      "properties": {
        "id_estab": "50603",
        "nombre": "SOL DEL MEDIODÍA",
        "cod_comuna": "5303",
        "comuna": "RINCONADA",
        "origen": 3,
        "tipo_estab": 7,
        "tipo_glosa": "INTEGRA Administracion Directa",
        "matricula_total": 84,
        "mat_sala_cuna": 31,
        "mat_medio": 53,
        "mat_transicion": 0,
        "slep_sostenedor": null,
        "slep_procedencia": "sin_dato"
      },
      "geometry": {
        "type": "Point",
        "coordinates": [
          -70.595689,
          -32.847779
        ]
      }
    },
    {
      "type": "Feature",
      "properties": {
        "id_estab": "50704",
        "nombre": "KAN-UIQU",
        "cod_comuna": "5304",
        "comuna": "SAN ESTEBAN",
        "origen": 3,
        "tipo_estab": 7,
        "tipo_glosa": "INTEGRA Administracion Directa",
        "matricula_total": 102,
        "mat_sala_cuna": 48,
        "mat_medio": 54,
        "mat_transicion": 0,
        "slep_sostenedor": null,
        "slep_procedencia": "sin_dato"
      },
      "geometry": {
        "type": "Point",
        "coordinates": [
          -70.581065,
          -32.800706
        ]
      }
    },
    {
      "type": "Feature",
      "properties": {
        "id_estab": "1245",
        "nombre": "ESCUELA EL CORAZON",
        "cod_comuna": "5304",
        "comuna": "SAN ESTEBAN",
        "origen": 1,
        "tipo_estab": 1,
        "tipo_glosa": "Escuela Municipal",
        "matricula_total": 14,
        "mat_sala_cuna": 0,
        "mat_medio": 0,
        "mat_transicion": 14,
        "slep_sostenedor": null,
        "slep_procedencia": "sin_dato"
      },
      "geometry": {
        "type": "Point",
        "coordinates": [
          -70.559822,
          -32.807129
        ]
      }
    },
    {
      "type": "Feature",
      "properties": {
        "id_estab": "1243",
        "nombre": "ESCUELA EL COBRE",
        "cod_comuna": "5304",
        "comuna": "SAN ESTEBAN",
        "origen": 1,
        "tipo_estab": 1,
        "tipo_glosa": "Escuela Municipal",
        "matricula_total": 4,
        "mat_sala_cuna": 0,
        "mat_medio": 0,
        "mat_transicion": 4,
        "slep_sostenedor": null,
        "slep_procedencia": "sin_dato"
      },
      "geometry": {
        "type": "Point",
        "coordinates": [
          -70.578461,
          -32.74408
        ]
      }
    },
    {
      "type": "Feature",
      "properties": {
        "id_estab": "14811",
        "nombre": "ESCUELA DE LENGUAJE PAICAVI",
        "cod_comuna": "5304",
        "comuna": "SAN ESTEBAN",
        "origen": 1,
        "tipo_estab": 2,
        "tipo_glosa": "Escuela Particular Subvencionado",
        "matricula_total": 88,
        "mat_sala_cuna": 0,
        "mat_medio": 28,
        "mat_transicion": 60,
        "slep_sostenedor": null,
        "slep_procedencia": "sin_dato"
      },
      "geometry": {
        "type": "Point",
        "coordinates": [
          -70.57765,
          -32.80062
        ]
      }
    },
    {
      "type": "Feature",
      "properties": {
        "id_estab": "1233",
        "nombre": "ESCUELA PABLO NERUDA",
        "cod_comuna": "5304",
        "comuna": "SAN ESTEBAN",
        "origen": 1,
        "tipo_estab": 1,
        "tipo_glosa": "Escuela Municipal",
        "matricula_total": 35,
        "mat_sala_cuna": 0,
        "mat_medio": 0,
        "mat_transicion": 35,
        "slep_sostenedor": null,
        "slep_procedencia": "sin_dato"
      },
      "geometry": {
        "type": "Point",
        "coordinates": [
          -70.579308,
          -32.798229
        ]
      }
    },
    {
      "type": "Feature",
      "properties": {
        "id_estab": "1246",
        "nombre": "ESCUELA BÁSICA LIBERTAD",
        "cod_comuna": "5304",
        "comuna": "SAN ESTEBAN",
        "origen": 1,
        "tipo_estab": 1,
        "tipo_glosa": "Escuela Municipal",
        "matricula_total": 32,
        "mat_sala_cuna": 0,
        "mat_medio": 0,
        "mat_transicion": 32,
        "slep_sostenedor": null,
        "slep_procedencia": "sin_dato"
      },
      "geometry": {
        "type": "Point",
        "coordinates": [
          -70.564659,
          -32.775791
        ]
      }
    },
    {
      "type": "Feature",
      "properties": {
        "id_estab": "1234",
        "nombre": "ESC. BASICA SILVIO ZENTENO VERGARA",
        "cod_comuna": "5304",
        "comuna": "SAN ESTEBAN",
        "origen": 1,
        "tipo_estab": 1,
        "tipo_glosa": "Escuela Municipal",
        "matricula_total": 35,
        "mat_sala_cuna": 0,
        "mat_medio": 0,
        "mat_transicion": 35,
        "slep_sostenedor": null,
        "slep_procedencia": "sin_dato"
      },
      "geometry": {
        "type": "Point",
        "coordinates": [
          -70.57843,
          -32.811008
        ]
      }
    },
    {
      "type": "Feature",
      "properties": {
        "id_estab": "1238",
        "nombre": "ESCUELA INCLUSIVA SAN LORENZO",
        "cod_comuna": "5304",
        "comuna": "SAN ESTEBAN",
        "origen": 1,
        "tipo_estab": 1,
        "tipo_glosa": "Escuela Municipal",
        "matricula_total": 8,
        "mat_sala_cuna": 0,
        "mat_medio": 0,
        "mat_transicion": 8,
        "slep_sostenedor": null,
        "slep_procedencia": "sin_dato"
      },
      "geometry": {
        "type": "Point",
        "coordinates": [
          -70.5961,
          -32.787941
        ]
      }
    },
    {
      "type": "Feature",
      "properties": {
        "id_estab": "1235",
        "nombre": "ESCUELA LO CALVO",
        "cod_comuna": "5304",
        "comuna": "SAN ESTEBAN",
        "origen": 1,
        "tipo_estab": 1,
        "tipo_glosa": "Escuela Municipal",
        "matricula_total": 29,
        "mat_sala_cuna": 0,
        "mat_medio": 0,
        "mat_transicion": 29,
        "slep_sostenedor": null,
        "slep_procedencia": "sin_dato"
      },
      "geometry": {
        "type": "Point",
        "coordinates": [
          -70.59214,
          -32.753502
        ]
      }
    },
    {
      "type": "Feature",
      "properties": {
        "id_estab": "50902",
        "nombre": "RENACER",
        "cod_comuna": "5304",
        "comuna": "SAN ESTEBAN",
        "origen": 3,
        "tipo_estab": 7,
        "tipo_glosa": "INTEGRA Administracion Directa",
        "matricula_total": 142,
        "mat_sala_cuna": 52,
        "mat_medio": 90,
        "mat_transicion": 0,
        "slep_sostenedor": null,
        "slep_procedencia": "sin_dato"
      },
      "geometry": {
        "type": "Point",
        "coordinates": [
          -70.683101,
          -32.836896
        ]
      }
    },
    {
      "type": "Feature",
      "properties": {
        "id_estab": "50901",
        "nombre": "RINCONCITO",
        "cod_comuna": "5304",
        "comuna": "SAN ESTEBAN",
        "origen": 3,
        "tipo_estab": 7,
        "tipo_glosa": "INTEGRA Administracion Directa",
        "matricula_total": 77,
        "mat_sala_cuna": 24,
        "mat_medio": 53,
        "mat_transicion": 0,
        "slep_sostenedor": null,
        "slep_procedencia": "sin_dato"
      },
      "geometry": {
        "type": "Point",
        "coordinates": [
          -70.688889,
          -32.833058
        ]
      }
    },
    {
      "type": "Feature",
      "properties": {
        "id_estab": "1240",
        "nombre": "ESCUELA RIO COLORADO",
        "cod_comuna": "5304",
        "comuna": "SAN ESTEBAN",
        "origen": 1,
        "tipo_estab": 1,
        "tipo_glosa": "Escuela Municipal",
        "matricula_total": 16,
        "mat_sala_cuna": 0,
        "mat_medio": 0,
        "mat_transicion": 16,
        "slep_sostenedor": null,
        "slep_procedencia": "sin_dato"
      },
      "geometry": {
        "type": "Point",
        "coordinates": [
          -70.422501,
          -32.861919
        ]
      }
    },
    {
      "type": "Feature",
      "properties": {
        "id_estab": "50604",
        "nombre": "MONTAÑITA",
        "cod_comuna": "5304",
        "comuna": "SAN ESTEBAN",
        "origen": 3,
        "tipo_estab": 7,
        "tipo_glosa": "INTEGRA Administracion Directa",
        "matricula_total": 93,
        "mat_sala_cuna": 18,
        "mat_medio": 75,
        "mat_transicion": 0,
        "slep_sostenedor": null,
        "slep_procedencia": "sin_dato"
      },
      "geometry": {
        "type": "Point",
        "coordinates": [
          -70.580805,
          -32.834819
        ]
      }
    },
    {
      "type": "Feature",
      "properties": {
        "id_estab": "5304001",
        "nombre": "LOS CARIÑOSITOS",
        "cod_comuna": "5304",
        "comuna": "SAN ESTEBAN",
        "origen": 2,
        "tipo_estab": 6,
        "tipo_glosa": "JUNJI VTF",
        "matricula_total": 49,
        "mat_sala_cuna": 19,
        "mat_medio": 30,
        "mat_transicion": 0,
        "slep_sostenedor": "Los Andes",
        "slep_procedencia": "derivada_comuna"
      },
      "geometry": {
        "type": "Point",
        "coordinates": [
          -70.564156,
          -32.775243
        ]
      }
    },
    {
      "type": "Feature",
      "properties": {
        "id_estab": "5304103",
        "nombre": "PMI-A LOS PIES DEL ARCO IRIS",
        "cod_comuna": "5304",
        "comuna": "SAN ESTEBAN",
        "origen": 2,
        "tipo_estab": 5,
        "tipo_glosa": "JUNJI Administracion Directa",
        "matricula_total": 15,
        "mat_sala_cuna": 0,
        "mat_medio": 12,
        "mat_transicion": 3,
        "slep_sostenedor": null,
        "slep_procedencia": "sin_dato"
      },
      "geometry": {
        "type": "Point",
        "coordinates": [
          -70.422681,
          -32.862133
        ]
      }
    },
    {
      "type": "Feature",
      "properties": {
        "id_estab": "1123",
        "nombre": "ESCUELA GABRIELA MISTRAL",
        "cod_comuna": "5401",
        "comuna": "LA LIGUA",
        "origen": 1,
        "tipo_estab": 1,
        "tipo_glosa": "Escuela Municipal",
        "matricula_total": 51,
        "mat_sala_cuna": 0,
        "mat_medio": 0,
        "mat_transicion": 51,
        "slep_sostenedor": null,
        "slep_procedencia": "sin_dato"
      },
      "geometry": {
        "type": "Point",
        "coordinates": [
          -71.232132,
          -32.44978
        ]
      }
    },
    {
      "type": "Feature",
      "properties": {
        "id_estab": "11199",
        "nombre": "COLEGIO LUIS CRUZ MARTINEZ",
        "cod_comuna": "5401",
        "comuna": "LA LIGUA",
        "origen": 1,
        "tipo_estab": 1,
        "tipo_glosa": "Escuela Municipal",
        "matricula_total": 45,
        "mat_sala_cuna": 0,
        "mat_medio": 0,
        "mat_transicion": 45,
        "slep_sostenedor": null,
        "slep_procedencia": "sin_dato"
      },
      "geometry": {
        "type": "Point",
        "coordinates": [
          -71.232498,
          -32.45105
        ]
      }
    },
    {
      "type": "Feature",
      "properties": {
        "id_estab": "40367",
        "nombre": "ESCUELA ESPECIAL DE LENGUAJE ARREBOL",
        "cod_comuna": "5401",
        "comuna": "LA LIGUA",
        "origen": 1,
        "tipo_estab": 2,
        "tipo_glosa": "Escuela Particular Subvencionado",
        "matricula_total": 44,
        "mat_sala_cuna": 0,
        "mat_medio": 11,
        "mat_transicion": 33,
        "slep_sostenedor": null,
        "slep_procedencia": "sin_dato"
      },
      "geometry": {
        "type": "Point",
        "coordinates": [
          -71.234406,
          -32.46887
        ]
      }
    },
    {
      "type": "Feature",
      "properties": {
        "id_estab": "14423",
        "nombre": "ESCUELA DE PARVULOS BAMBI",
        "cod_comuna": "5401",
        "comuna": "LA LIGUA",
        "origen": 1,
        "tipo_estab": 2,
        "tipo_glosa": "Escuela Particular Subvencionado",
        "matricula_total": 83,
        "mat_sala_cuna": 0,
        "mat_medio": 0,
        "mat_transicion": 83,
        "slep_sostenedor": null,
        "slep_procedencia": "sin_dato"
      },
      "geometry": {
        "type": "Point",
        "coordinates": [
          -71.23633,
          -32.44867
        ]
      }
    },
    {
      "type": "Feature",
      "properties": {
        "id_estab": "14537",
        "nombre": "COLEGIO ADONAY PUKALAN",
        "cod_comuna": "5401",
        "comuna": "LA LIGUA",
        "origen": 1,
        "tipo_estab": 2,
        "tipo_glosa": "Escuela Particular Subvencionado",
        "matricula_total": 56,
        "mat_sala_cuna": 0,
        "mat_medio": 0,
        "mat_transicion": 56,
        "slep_sostenedor": null,
        "slep_procedencia": "sin_dato"
      },
      "geometry": {
        "type": "Point",
        "coordinates": [
          -71.233017,
          -32.445271
        ]
      }
    },
    {
      "type": "Feature",
      "properties": {
        "id_estab": "14726",
        "nombre": "ESCUELA DE LENGUAJE ARTYLEN",
        "cod_comuna": "5401",
        "comuna": "LA LIGUA",
        "origen": 1,
        "tipo_estab": 2,
        "tipo_glosa": "Escuela Particular Subvencionado",
        "matricula_total": 82,
        "mat_sala_cuna": 0,
        "mat_medio": 24,
        "mat_transicion": 58,
        "slep_sostenedor": null,
        "slep_procedencia": "sin_dato"
      },
      "geometry": {
        "type": "Point",
        "coordinates": [
          -71.23611,
          -32.4508
        ]
      }
    },
    {
      "type": "Feature",
      "properties": {
        "id_estab": "14460",
        "nombre": "ESCUELA PARVULOS PIECECITOS DE NINO",
        "cod_comuna": "5401",
        "comuna": "LA LIGUA",
        "origen": 1,
        "tipo_estab": 2,
        "tipo_glosa": "Escuela Particular Subvencionado",
        "matricula_total": 66,
        "mat_sala_cuna": 0,
        "mat_medio": 0,
        "mat_transicion": 66,
        "slep_sostenedor": null,
        "slep_procedencia": "sin_dato"
      },
      "geometry": {
        "type": "Point",
        "coordinates": [
          -71.23412,
          -32.4554
        ]
      }
    },
    {
      "type": "Feature",
      "properties": {
        "id_estab": "1125",
        "nombre": "ESCUELA DIEGO PORTALES",
        "cod_comuna": "5401",
        "comuna": "LA LIGUA",
        "origen": 1,
        "tipo_estab": 1,
        "tipo_glosa": "Escuela Municipal",
        "matricula_total": 15,
        "mat_sala_cuna": 0,
        "mat_medio": 0,
        "mat_transicion": 15,
        "slep_sostenedor": null,
        "slep_procedencia": "sin_dato"
      },
      "geometry": {
        "type": "Point",
        "coordinates": [
          -71.283279,
          -32.446461
        ]
      }
    },
    {
      "type": "Feature",
      "properties": {
        "id_estab": "14915",
        "nombre": "ESCUELA DE PARVULOS ALIANZA ARTYLEN",
        "cod_comuna": "5401",
        "comuna": "LA LIGUA",
        "origen": 1,
        "tipo_estab": 2,
        "tipo_glosa": "Escuela Particular Subvencionado",
        "matricula_total": 13,
        "mat_sala_cuna": 0,
        "mat_medio": 0,
        "mat_transicion": 13,
        "slep_sostenedor": null,
        "slep_procedencia": "sin_dato"
      },
      "geometry": {
        "type": "Point",
        "coordinates": [
          -71.23611,
          -32.4508
        ]
      }
    },
    {
      "type": "Feature",
      "properties": {
        "id_estab": "1122",
        "nombre": "ESCUELA REPUBLICA DE VENEZUELA",
        "cod_comuna": "5401",
        "comuna": "LA LIGUA",
        "origen": 1,
        "tipo_estab": 1,
        "tipo_glosa": "Escuela Municipal",
        "matricula_total": 39,
        "mat_sala_cuna": 0,
        "mat_medio": 0,
        "mat_transicion": 39,
        "slep_sostenedor": null,
        "slep_procedencia": "sin_dato"
      },
      "geometry": {
        "type": "Point",
        "coordinates": [
          -71.230087,
          -32.44978
        ]
      }
    },
    {
      "type": "Feature",
      "properties": {
        "id_estab": "1128",
        "nombre": "ESCUELA COMUNIDADES DE VALLE HERMOSO",
        "cod_comuna": "5401",
        "comuna": "LA LIGUA",
        "origen": 1,
        "tipo_estab": 1,
        "tipo_glosa": "Escuela Municipal",
        "matricula_total": 33,
        "mat_sala_cuna": 0,
        "mat_medio": 0,
        "mat_transicion": 33,
        "slep_sostenedor": null,
        "slep_procedencia": "sin_dato"
      },
      "geometry": {
        "type": "Point",
        "coordinates": [
          -71.210793,
          -32.438622
        ]
      }
    },
    {
      "type": "Feature",
      "properties": {
        "id_estab": "5401005",
        "nombre": "MANITOS DE ANGEL",
        "cod_comuna": "5401",
        "comuna": "LA LIGUA",
        "origen": 2,
        "tipo_estab": 6,
        "tipo_glosa": "JUNJI VTF",
        "matricula_total": 38,
        "mat_sala_cuna": 6,
        "mat_medio": 15,
        "mat_transicion": 17,
        "slep_sostenedor": "Petorca",
        "slep_procedencia": "derivada_comuna"
      },
      "geometry": {
        "type": "Point",
        "coordinates": [
          -71.21689,
          -32.309682
        ]
      }
    },
    {
      "type": "Feature",
      "properties": {
        "id_estab": "14951",
        "nombre": "ESCUELA DE PARVULOS SERPENTINA",
        "cod_comuna": "5401",
        "comuna": "LA LIGUA",
        "origen": 1,
        "tipo_estab": 2,
        "tipo_glosa": "Escuela Particular Subvencionado",
        "matricula_total": 48,
        "mat_sala_cuna": 0,
        "mat_medio": 14,
        "mat_transicion": 34,
        "slep_sostenedor": null,
        "slep_procedencia": "sin_dato"
      },
      "geometry": {
        "type": "Point",
        "coordinates": [
          -71.24723,
          -32.45478
        ]
      }
    },
    {
      "type": "Feature",
      "properties": {
        "id_estab": "14664",
        "nombre": "ESCUELA PARVULOS MUNDO FELIZ",
        "cod_comuna": "5401",
        "comuna": "LA LIGUA",
        "origen": 1,
        "tipo_estab": 2,
        "tipo_glosa": "Escuela Particular Subvencionado",
        "matricula_total": 29,
        "mat_sala_cuna": 0,
        "mat_medio": 0,
        "mat_transicion": 29,
        "slep_sostenedor": null,
        "slep_procedencia": "sin_dato"
      },
      "geometry": {
        "type": "Point",
        "coordinates": [
          -71.23728,
          -32.446598
        ]
      }
    },
    {
      "type": "Feature",
      "properties": {
        "id_estab": "14735",
        "nombre": "ESCUELA DE PARVULOS TIA LUZ",
        "cod_comuna": "5401",
        "comuna": "LA LIGUA",
        "origen": 1,
        "tipo_estab": 2,
        "tipo_glosa": "Escuela Particular Subvencionado",
        "matricula_total": 29,
        "mat_sala_cuna": 0,
        "mat_medio": 0,
        "mat_transicion": 29,
        "slep_sostenedor": null,
        "slep_procedencia": "sin_dato"
      },
      "geometry": {
        "type": "Point",
        "coordinates": [
          -71.244385,
          -32.45639
        ]
      }
    },
    {
      "type": "Feature",
      "properties": {
        "id_estab": "14695",
        "nombre": "ESCUELA DE PARVULOS PINIPON",
        "cod_comuna": "5401",
        "comuna": "LA LIGUA",
        "origen": 1,
        "tipo_estab": 2,
        "tipo_glosa": "Escuela Particular Subvencionado",
        "matricula_total": 38,
        "mat_sala_cuna": 0,
        "mat_medio": 0,
        "mat_transicion": 38,
        "slep_sostenedor": null,
        "slep_procedencia": "sin_dato"
      },
      "geometry": {
        "type": "Point",
        "coordinates": [
          -71.24869,
          -32.45433
        ]
      }
    },
    {
      "type": "Feature",
      "properties": {
        "id_estab": "5401110",
        "nombre": "LOS PECESITOS",
        "cod_comuna": "5401",
        "comuna": "LA LIGUA",
        "origen": 2,
        "tipo_estab": 5,
        "tipo_glosa": "JUNJI Administracion Directa",
        "matricula_total": 19,
        "mat_sala_cuna": 0,
        "mat_medio": 4,
        "mat_transicion": 15,
        "slep_sostenedor": null,
        "slep_procedencia": "sin_dato"
      },
      "geometry": {
        "type": "Point",
        "coordinates": [
          -71.458704,
          -32.340153
        ]
      }
    },
    {
      "type": "Feature",
      "properties": {
        "id_estab": "50101",
        "nombre": "TEJEDORES DE ILUSIONES",
        "cod_comuna": "5401",
        "comuna": "LA LIGUA",
        "origen": 3,
        "tipo_estab": 7,
        "tipo_glosa": "INTEGRA Administracion Directa",
        "matricula_total": 95,
        "mat_sala_cuna": 24,
        "mat_medio": 47,
        "mat_transicion": 24,
        "slep_sostenedor": null,
        "slep_procedencia": "sin_dato"
      },
      "geometry": {
        "type": "Point",
        "coordinates": [
          -71.228396,
          -32.451844
        ]
      }
    },
    {
      "type": "Feature",
      "properties": {
        "id_estab": "5401006",
        "nombre": "EL CARMEN CUNCUNITA",
        "cod_comuna": "5401",
        "comuna": "LA LIGUA",
        "origen": 2,
        "tipo_estab": 6,
        "tipo_glosa": "JUNJI VTF",
        "matricula_total": 46,
        "mat_sala_cuna": 16,
        "mat_medio": 12,
        "mat_transicion": 18,
        "slep_sostenedor": "Petorca",
        "slep_procedencia": "derivada_comuna"
      },
      "geometry": {
        "type": "Point",
        "coordinates": [
          -71.186058,
          -32.476545
        ]
      }
    },
    {
      "type": "Feature",
      "properties": {
        "id_estab": "5401114",
        "nombre": "GOTITAS DE AMOR",
        "cod_comuna": "5401",
        "comuna": "LA LIGUA",
        "origen": 2,
        "tipo_estab": 5,
        "tipo_glosa": "JUNJI Administracion Directa",
        "matricula_total": 9,
        "mat_sala_cuna": 0,
        "mat_medio": 4,
        "mat_transicion": 5,
        "slep_sostenedor": null,
        "slep_procedencia": "sin_dato"
      },
      "geometry": {
        "type": "Point",
        "coordinates": [
          -71.318788,
          -32.339027
        ]
      }
    },
    {
      "type": "Feature",
      "properties": {
        "id_estab": "50302",
        "nombre": "DEDALITO DE ORO",
        "cod_comuna": "5401",
        "comuna": "LA LIGUA",
        "origen": 3,
        "tipo_estab": 7,
        "tipo_glosa": "INTEGRA Administracion Directa",
        "matricula_total": 20,
        "mat_sala_cuna": 0,
        "mat_medio": 13,
        "mat_transicion": 7,
        "slep_sostenedor": null,
        "slep_procedencia": "sin_dato"
      },
      "geometry": {
        "type": "Point",
        "coordinates": [
          -71.094511,
          -32.393976
        ]
      }
    },
    {
      "type": "Feature",
      "properties": {
        "id_estab": "5401001",
        "nombre": "LOS OSITOS",
        "cod_comuna": "5401",
        "comuna": "LA LIGUA",
        "origen": 2,
        "tipo_estab": 5,
        "tipo_glosa": "JUNJI Administracion Directa",
        "matricula_total": 108,
        "mat_sala_cuna": 52,
        "mat_medio": 56,
        "mat_transicion": 0,
        "slep_sostenedor": null,
        "slep_procedencia": "sin_dato"
      },
      "geometry": {
        "type": "Point",
        "coordinates": [
          -71.233524,
          -32.456677
        ]
      }
    },
    {
      "type": "Feature",
      "properties": {
        "id_estab": "5401007",
        "nombre": "HUMBERTO BASULTO",
        "cod_comuna": "5401",
        "comuna": "LA LIGUA",
        "origen": 2,
        "tipo_estab": 6,
        "tipo_glosa": "JUNJI VTF",
        "matricula_total": 36,
        "mat_sala_cuna": 15,
        "mat_medio": 21,
        "mat_transicion": 0,
        "slep_sostenedor": "Petorca",
        "slep_procedencia": "derivada_comuna"
      },
      "geometry": {
        "type": "Point",
        "coordinates": [
          -71.226101,
          -32.451724
        ]
      }
    },
    {
      "type": "Feature",
      "properties": {
        "id_estab": "5401002",
        "nombre": "SANTA TERESA",
        "cod_comuna": "5401",
        "comuna": "LA LIGUA",
        "origen": 2,
        "tipo_estab": 6,
        "tipo_glosa": "JUNJI VTF",
        "matricula_total": 50,
        "mat_sala_cuna": 24,
        "mat_medio": 26,
        "mat_transicion": 0,
        "slep_sostenedor": "Petorca",
        "slep_procedencia": "derivada_comuna"
      },
      "geometry": {
        "type": "Point",
        "coordinates": [
          -71.230462,
          -32.447642
        ]
      }
    },
    {
      "type": "Feature",
      "properties": {
        "id_estab": "5401003",
        "nombre": "PULMAHUE",
        "cod_comuna": "5401",
        "comuna": "LA LIGUA",
        "origen": 2,
        "tipo_estab": 6,
        "tipo_glosa": "JUNJI VTF",
        "matricula_total": 68,
        "mat_sala_cuna": 15,
        "mat_medio": 53,
        "mat_transicion": 0,
        "slep_sostenedor": "Petorca",
        "slep_procedencia": "derivada_comuna"
      },
      "geometry": {
        "type": "Point",
        "coordinates": [
          -71.230868,
          -32.446826
        ]
      }
    },
    {
      "type": "Feature",
      "properties": {
        "id_estab": "5401106",
        "nombre": "PEQUELANDIA",
        "cod_comuna": "5401",
        "comuna": "LA LIGUA",
        "origen": 2,
        "tipo_estab": 5,
        "tipo_glosa": "JUNJI Administracion Directa",
        "matricula_total": 20,
        "mat_sala_cuna": 0,
        "mat_medio": 4,
        "mat_transicion": 16,
        "slep_sostenedor": null,
        "slep_procedencia": "sin_dato"
      },
      "geometry": {
        "type": "Point",
        "coordinates": [
          -71.376547,
          -32.391993
        ]
      }
    },
    {
      "type": "Feature",
      "properties": {
        "id_estab": "5401102",
        "nombre": "SONRISITAS",
        "cod_comuna": "5401",
        "comuna": "LA LIGUA",
        "origen": 2,
        "tipo_estab": 5,
        "tipo_glosa": "JUNJI Administracion Directa",
        "matricula_total": 18,
        "mat_sala_cuna": 0,
        "mat_medio": 4,
        "mat_transicion": 14,
        "slep_sostenedor": null,
        "slep_procedencia": "sin_dato"
      },
      "geometry": {
        "type": "Point",
        "coordinates": [
          -71.158677,
          -32.362379
        ]
      }
    },
    {
      "type": "Feature",
      "properties": {
        "id_estab": "1139",
        "nombre": "ESCUELA MINISTRO GOMEZ MILLAS",
        "cod_comuna": "5401",
        "comuna": "LA LIGUA",
        "origen": 1,
        "tipo_estab": 1,
        "tipo_glosa": "Escuela Municipal",
        "matricula_total": 9,
        "mat_sala_cuna": 0,
        "mat_medio": 0,
        "mat_transicion": 9,
        "slep_sostenedor": null,
        "slep_procedencia": "sin_dato"
      },
      "geometry": {
        "type": "Point",
        "coordinates": [
          -71.188499,
          -32.4422
        ]
      }
    },
    {
      "type": "Feature",
      "properties": {
        "id_estab": "5401104",
        "nombre": "CLAVELITO",
        "cod_comuna": "5401",
        "comuna": "LA LIGUA",
        "origen": 2,
        "tipo_estab": 5,
        "tipo_glosa": "JUNJI Administracion Directa",
        "matricula_total": 13,
        "mat_sala_cuna": 0,
        "mat_medio": 5,
        "mat_transicion": 8,
        "slep_sostenedor": null,
        "slep_procedencia": "sin_dato"
      },
      "geometry": {
        "type": "Point",
        "coordinates": [
          -71.288445,
          -32.318784
        ]
      }
    },
    {
      "type": "Feature",
      "properties": {
        "id_estab": "5401009",
        "nombre": "VILLA WISCONSIN, LA LIGUA",
        "cod_comuna": "5401",
        "comuna": "LA LIGUA",
        "origen": 2,
        "tipo_estab": 5,
        "tipo_glosa": "JUNJI Administracion Directa",
        "matricula_total": 36,
        "mat_sala_cuna": 18,
        "mat_medio": 18,
        "mat_transicion": 0,
        "slep_sostenedor": null,
        "slep_procedencia": "sin_dato"
      },
      "geometry": {
        "type": "Point",
        "coordinates": [
          -71.236951,
          -32.454702
        ]
      }
    },
    {
      "type": "Feature",
      "properties": {
        "id_estab": "50301",
        "nombre": "CARIÑOSITOS",
        "cod_comuna": "5401",
        "comuna": "LA LIGUA",
        "origen": 3,
        "tipo_estab": 7,
        "tipo_glosa": "INTEGRA Administracion Directa",
        "matricula_total": 124,
        "mat_sala_cuna": 42,
        "mat_medio": 82,
        "mat_transicion": 0,
        "slep_sostenedor": null,
        "slep_procedencia": "sin_dato"
      },
      "geometry": {
        "type": "Point",
        "coordinates": [
          -71.069354,
          -32.433244
        ]
      }
    },
    {
      "type": "Feature",
      "properties": {
        "id_estab": "54201",
        "nombre": "LOS MOLINOS",
        "cod_comuna": "5401",
        "comuna": "LA LIGUA",
        "origen": 3,
        "tipo_estab": 7,
        "tipo_glosa": "INTEGRA Administracion Directa",
        "matricula_total": 99,
        "mat_sala_cuna": 11,
        "mat_medio": 88,
        "mat_transicion": 0,
        "slep_sostenedor": null,
        "slep_procedencia": "sin_dato"
      },
      "geometry": {
        "type": "Point",
        "coordinates": [
          -71.368496,
          -33.05993
        ]
      }
    },
    {
      "type": "Feature",
      "properties": {
        "id_estab": "5401004",
        "nombre": "MANITOS DE COLORES",
        "cod_comuna": "5401",
        "comuna": "LA LIGUA",
        "origen": 2,
        "tipo_estab": 6,
        "tipo_glosa": "JUNJI VTF",
        "matricula_total": 23,
        "mat_sala_cuna": 11,
        "mat_medio": 12,
        "mat_transicion": 0,
        "slep_sostenedor": "Petorca",
        "slep_procedencia": "derivada_comuna"
      },
      "geometry": {
        "type": "Point",
        "coordinates": [
          -71.283897,
          -32.446253
        ]
      }
    },
    {
      "type": "Feature",
      "properties": {
        "id_estab": "5401115",
        "nombre": "ESTRELLITA DE MAR",
        "cod_comuna": "5401",
        "comuna": "LA LIGUA",
        "origen": 2,
        "tipo_estab": 5,
        "tipo_glosa": "JUNJI Administracion Directa",
        "matricula_total": 18,
        "mat_sala_cuna": 0,
        "mat_medio": 7,
        "mat_transicion": 11,
        "slep_sostenedor": null,
        "slep_procedencia": "sin_dato"
      },
      "geometry": {
        "type": "Point",
        "coordinates": [
          -71.509924,
          -32.231713
        ]
      }
    },
    {
      "type": "Feature",
      "properties": {
        "id_estab": "5401008",
        "nombre": "LOS DUENDES DEL CALICANTO",
        "cod_comuna": "5401",
        "comuna": "LA LIGUA",
        "origen": 2,
        "tipo_estab": 5,
        "tipo_glosa": "JUNJI Administracion Directa",
        "matricula_total": 44,
        "mat_sala_cuna": 18,
        "mat_medio": 26,
        "mat_transicion": 0,
        "slep_sostenedor": null,
        "slep_procedencia": "sin_dato"
      },
      "geometry": {
        "type": "Point",
        "coordinates": [
          -71.22947,
          -32.44687
        ]
      }
    },
    {
      "type": "Feature",
      "properties": {
        "id_estab": "1173",
        "nombre": "ESCUELA ESTER SILVA SOMARRIVA BARTOLILLO",
        "cod_comuna": "5402",
        "comuna": "CABILDO",
        "origen": 1,
        "tipo_estab": 1,
        "tipo_glosa": "Escuela Municipal",
        "matricula_total": 19,
        "mat_sala_cuna": 0,
        "mat_medio": 0,
        "mat_transicion": 19,
        "slep_sostenedor": null,
        "slep_procedencia": "sin_dato"
      },
      "geometry": {
        "type": "Point",
        "coordinates": [
          -70.853813,
          -32.3881
        ]
      }
    },
    {
      "type": "Feature",
      "properties": {
        "id_estab": "1170",
        "nombre": "ESCUELA BASICA VALLE DE ARTIFICIO",
        "cod_comuna": "5402",
        "comuna": "CABILDO",
        "origen": 1,
        "tipo_estab": 1,
        "tipo_glosa": "Escuela Municipal",
        "matricula_total": 27,
        "mat_sala_cuna": 0,
        "mat_medio": 0,
        "mat_transicion": 27,
        "slep_sostenedor": null,
        "slep_procedencia": "sin_dato"
      },
      "geometry": {
        "type": "Point",
        "coordinates": [
          -71.094757,
          -32.394451
        ]
      }
    },
    {
      "type": "Feature",
      "properties": {
        "id_estab": "14395",
        "nombre": "COLEGIO EDUPAC",
        "cod_comuna": "5402",
        "comuna": "CABILDO",
        "origen": 1,
        "tipo_estab": 2,
        "tipo_glosa": "Escuela Particular Subvencionado",
        "matricula_total": 119,
        "mat_sala_cuna": 0,
        "mat_medio": 0,
        "mat_transicion": 119,
        "slep_sostenedor": null,
        "slep_procedencia": "sin_dato"
      },
      "geometry": {
        "type": "Point",
        "coordinates": [
          -71.067749,
          -32.429741
        ]
      }
    },
    {
      "type": "Feature",
      "properties": {
        "id_estab": "14918",
        "nombre": "ESC. PARVULOS ANTUKAMEL",
        "cod_comuna": "5402",
        "comuna": "CABILDO",
        "origen": 1,
        "tipo_estab": 2,
        "tipo_glosa": "Escuela Particular Subvencionado",
        "matricula_total": 22,
        "mat_sala_cuna": 0,
        "mat_medio": 0,
        "mat_transicion": 22,
        "slep_sostenedor": null,
        "slep_procedencia": "sin_dato"
      },
      "geometry": {
        "type": "Point",
        "coordinates": [
          -71.0707,
          -32.43132
        ]
      }
    },
    {
      "type": "Feature",
      "properties": {
        "id_estab": "1168",
        "nombre": "ESCUELA HANS WENKE MENGERS",
        "cod_comuna": "5402",
        "comuna": "CABILDO",
        "origen": 1,
        "tipo_estab": 1,
        "tipo_glosa": "Escuela Municipal",
        "matricula_total": 36,
        "mat_sala_cuna": 0,
        "mat_medio": 0,
        "mat_transicion": 36,
        "slep_sostenedor": null,
        "slep_procedencia": "sin_dato"
      },
      "geometry": {
        "type": "Point",
        "coordinates": [
          -71.06971,
          -32.433739
        ]
      }
    },
    {
      "type": "Feature",
      "properties": {
        "id_estab": "14479",
        "nombre": "ESCUELA BASICA MUNICIPAL ARAUCARIA",
        "cod_comuna": "5402",
        "comuna": "CABILDO",
        "origen": 1,
        "tipo_estab": 1,
        "tipo_glosa": "Escuela Municipal",
        "matricula_total": 45,
        "mat_sala_cuna": 0,
        "mat_medio": 0,
        "mat_transicion": 45,
        "slep_sostenedor": null,
        "slep_procedencia": "sin_dato"
      },
      "geometry": {
        "type": "Point",
        "coordinates": [
          -71.068977,
          -32.426559
        ]
      }
    },
    {
      "type": "Feature",
      "properties": {
        "id_estab": "1180",
        "nombre": "ESCUELA BASICA G-45",
        "cod_comuna": "5402",
        "comuna": "CABILDO",
        "origen": 1,
        "tipo_estab": 1,
        "tipo_glosa": "Escuela Municipal",
        "matricula_total": 48,
        "mat_sala_cuna": 0,
        "mat_medio": 0,
        "mat_transicion": 48,
        "slep_sostenedor": null,
        "slep_procedencia": "sin_dato"
      },
      "geometry": {
        "type": "Point",
        "coordinates": [
          -70.947403,
          -32.44672
        ]
      }
    },
    {
      "type": "Feature",
      "properties": {
        "id_estab": "1174",
        "nombre": "ESCUELA BASICA SAN LORENZO",
        "cod_comuna": "5402",
        "comuna": "CABILDO",
        "origen": 1,
        "tipo_estab": 1,
        "tipo_glosa": "Escuela Municipal",
        "matricula_total": 20,
        "mat_sala_cuna": 0,
        "mat_medio": 0,
        "mat_transicion": 20,
        "slep_sostenedor": null,
        "slep_procedencia": "sin_dato"
      },
      "geometry": {
        "type": "Point",
        "coordinates": [
          -70.983932,
          -32.434921
        ]
      }
    },
    {
      "type": "Feature",
      "properties": {
        "id_estab": "14332",
        "nombre": "COLEGIO PEHUEN",
        "cod_comuna": "5402",
        "comuna": "CABILDO",
        "origen": 1,
        "tipo_estab": 2,
        "tipo_glosa": "Escuela Particular Subvencionado",
        "matricula_total": 32,
        "mat_sala_cuna": 0,
        "mat_medio": 0,
        "mat_transicion": 32,
        "slep_sostenedor": null,
        "slep_procedencia": "sin_dato"
      },
      "geometry": {
        "type": "Point",
        "coordinates": [
          -71.078346,
          -32.43565
        ]
      }
    },
    {
      "type": "Feature",
      "properties": {
        "id_estab": "14785",
        "nombre": "CENTRO CAID LTDA. CABILDO",
        "cod_comuna": "5402",
        "comuna": "CABILDO",
        "origen": 1,
        "tipo_estab": 2,
        "tipo_glosa": "Escuela Particular Subvencionado",
        "matricula_total": 37,
        "mat_sala_cuna": 0,
        "mat_medio": 21,
        "mat_transicion": 16,
        "slep_sostenedor": null,
        "slep_procedencia": "sin_dato"
      },
      "geometry": {
        "type": "Point",
        "coordinates": [
          -71.06822,
          -32.426968
        ]
      }
    },
    {
      "type": "Feature",
      "properties": {
        "id_estab": "5402001",
        "nombre": "NUEVO AMANECER",
        "cod_comuna": "5402",
        "comuna": "CABILDO",
        "origen": 2,
        "tipo_estab": 5,
        "tipo_glosa": "JUNJI Administracion Directa",
        "matricula_total": 66,
        "mat_sala_cuna": 12,
        "mat_medio": 54,
        "mat_transicion": 0,
        "slep_sostenedor": null,
        "slep_procedencia": "sin_dato"
      },
      "geometry": {
        "type": "Point",
        "coordinates": [
          -71.063027,
          -32.423424
        ]
      }
    },
    {
      "type": "Feature",
      "properties": {
        "id_estab": "5402002",
        "nombre": "RINCONCITO",
        "cod_comuna": "5402",
        "comuna": "CABILDO",
        "origen": 2,
        "tipo_estab": 6,
        "tipo_glosa": "JUNJI VTF",
        "matricula_total": 47,
        "mat_sala_cuna": 17,
        "mat_medio": 30,
        "mat_transicion": 0,
        "slep_sostenedor": "Petorca",
        "slep_procedencia": "derivada_comuna"
      },
      "geometry": {
        "type": "Point",
        "coordinates": [
          -71.078977,
          -32.440039
        ]
      }
    },
    {
      "type": "Feature",
      "properties": {
        "id_estab": "5402104",
        "nombre": "A LOS PIES DE LA CORDILLERA",
        "cod_comuna": "5402",
        "comuna": "CABILDO",
        "origen": 2,
        "tipo_estab": 5,
        "tipo_glosa": "JUNJI Administracion Directa",
        "matricula_total": 15,
        "mat_sala_cuna": 0,
        "mat_medio": 8,
        "mat_transicion": 7,
        "slep_sostenedor": null,
        "slep_procedencia": "sin_dato"
      },
      "geometry": {
        "type": "Point",
        "coordinates": [
          -70.782528,
          -32.351312
        ]
      }
    },
    {
      "type": "Feature",
      "properties": {
        "id_estab": "1176",
        "nombre": "ESCUELA PABLO NERUDA",
        "cod_comuna": "5402",
        "comuna": "CABILDO",
        "origen": 1,
        "tipo_estab": 1,
        "tipo_glosa": "Escuela Municipal",
        "matricula_total": 12,
        "mat_sala_cuna": 0,
        "mat_medio": 0,
        "mat_transicion": 12,
        "slep_sostenedor": null,
        "slep_procedencia": "sin_dato"
      },
      "geometry": {
        "type": "Point",
        "coordinates": [
          -71.034103,
          -32.404999
        ]
      }
    },
    {
      "type": "Feature",
      "properties": {
        "id_estab": "1178",
        "nombre": "ESCUELA BASICA LA VINA",
        "cod_comuna": "5402",
        "comuna": "CABILDO",
        "origen": 1,
        "tipo_estab": 1,
        "tipo_glosa": "Escuela Municipal",
        "matricula_total": 28,
        "mat_sala_cuna": 0,
        "mat_medio": 0,
        "mat_transicion": 28,
        "slep_sostenedor": null,
        "slep_procedencia": "sin_dato"
      },
      "geometry": {
        "type": "Point",
        "coordinates": [
          -70.920151,
          -32.42622
        ]
      }
    },
    {
      "type": "Feature",
      "properties": {
        "id_estab": "11196",
        "nombre": "CTRO.REC.ATENC.DIVERS.CRAD PAUL PERCY HARRIS",
        "cod_comuna": "5402",
        "comuna": "CABILDO",
        "origen": 1,
        "tipo_estab": 1,
        "tipo_glosa": "Escuela Municipal",
        "matricula_total": 2,
        "mat_sala_cuna": 0,
        "mat_medio": 0,
        "mat_transicion": 2,
        "slep_sostenedor": null,
        "slep_procedencia": "sin_dato"
      },
      "geometry": {
        "type": "Point",
        "coordinates": [
          -71.07298,
          -32.432453
        ]
      }
    },
    {
      "type": "Feature",
      "properties": {
        "id_estab": "54202",
        "nombre": "LOS GORRIONES",
        "cod_comuna": "5402",
        "comuna": "CABILDO",
        "origen": 3,
        "tipo_estab": 7,
        "tipo_glosa": "INTEGRA Administracion Directa",
        "matricula_total": 66,
        "mat_sala_cuna": 22,
        "mat_medio": 44,
        "mat_transicion": 0,
        "slep_sostenedor": null,
        "slep_procedencia": "sin_dato"
      },
      "geometry": {
        "type": "Point",
        "coordinates": [
          -71.362426,
          -33.0556
        ]
      }
    },
    {
      "type": "Feature",
      "properties": {
        "id_estab": "5402004",
        "nombre": "SANTA MARTA",
        "cod_comuna": "5402",
        "comuna": "CABILDO",
        "origen": 2,
        "tipo_estab": 6,
        "tipo_glosa": "JUNJI VTF",
        "matricula_total": 23,
        "mat_sala_cuna": 7,
        "mat_medio": 16,
        "mat_transicion": 0,
        "slep_sostenedor": "Petorca",
        "slep_procedencia": "derivada_comuna"
      },
      "geometry": {
        "type": "Point",
        "coordinates": [
          -71.092331,
          -32.400558
        ]
      }
    },
    {
      "type": "Feature",
      "properties": {
        "id_estab": "5402102",
        "nombre": "PMI-CRECIENDO FELICES",
        "cod_comuna": "5402",
        "comuna": "CABILDO",
        "origen": 2,
        "tipo_estab": 5,
        "tipo_glosa": "JUNJI Administracion Directa",
        "matricula_total": 14,
        "mat_sala_cuna": 0,
        "mat_medio": 10,
        "mat_transicion": 4,
        "slep_sostenedor": null,
        "slep_procedencia": "sin_dato"
      },
      "geometry": {
        "type": "Point",
        "coordinates": [
          -70.963157,
          -32.49407
        ]
      }
    },
    {
      "type": "Feature",
      "properties": {
        "id_estab": "54203",
        "nombre": "SEMILLITAS",
        "cod_comuna": "5402",
        "comuna": "CABILDO",
        "origen": 3,
        "tipo_estab": 7,
        "tipo_glosa": "INTEGRA Administracion Directa",
        "matricula_total": 35,
        "mat_sala_cuna": 10,
        "mat_medio": 25,
        "mat_transicion": 0,
        "slep_sostenedor": null,
        "slep_procedencia": "sin_dato"
      },
      "geometry": {
        "type": "Point",
        "coordinates": [
          -71.371017,
          -33.0677
        ]
      }
    },
    {
      "type": "Feature",
      "properties": {
        "id_estab": "5402105",
        "nombre": "PMI-QUINTUPURRAY",
        "cod_comuna": "5402",
        "comuna": "CABILDO",
        "origen": 2,
        "tipo_estab": 5,
        "tipo_glosa": "JUNJI Administracion Directa",
        "matricula_total": 16,
        "mat_sala_cuna": 0,
        "mat_medio": 16,
        "mat_transicion": 0,
        "slep_sostenedor": null,
        "slep_procedencia": "sin_dato"
      },
      "geometry": {
        "type": "Point",
        "coordinates": [
          -70.948998,
          -32.446898
        ]
      }
    },
    {
      "type": "Feature",
      "properties": {
        "id_estab": "5402101",
        "nombre": "PMI-RINCON DEL TESORO",
        "cod_comuna": "5402",
        "comuna": "CABILDO",
        "origen": 2,
        "tipo_estab": 5,
        "tipo_glosa": "JUNJI Administracion Directa",
        "matricula_total": 7,
        "mat_sala_cuna": 0,
        "mat_medio": 5,
        "mat_transicion": 2,
        "slep_sostenedor": null,
        "slep_procedencia": "sin_dato"
      },
      "geometry": {
        "type": "Point",
        "coordinates": [
          -70.925284,
          -32.52597
        ]
      }
    },
    {
      "type": "Feature",
      "properties": {
        "id_estab": "1191",
        "nombre": "ESCUELA PAPUDO",
        "cod_comuna": "5403",
        "comuna": "PAPUDO",
        "origen": 1,
        "tipo_estab": 1,
        "tipo_glosa": "Escuela Municipal",
        "matricula_total": 55,
        "mat_sala_cuna": 0,
        "mat_medio": 0,
        "mat_transicion": 55,
        "slep_sostenedor": null,
        "slep_procedencia": "sin_dato"
      },
      "geometry": {
        "type": "Point",
        "coordinates": [
          -71.439247,
          -32.507778
        ]
      }
    },
    {
      "type": "Feature",
      "properties": {
        "id_estab": "14823",
        "nombre": "COLEGIO ANTONIO ZANOLETTI",
        "cod_comuna": "5403",
        "comuna": "PAPUDO",
        "origen": 1,
        "tipo_estab": 2,
        "tipo_glosa": "Escuela Particular Subvencionado",
        "matricula_total": 22,
        "mat_sala_cuna": 0,
        "mat_medio": 0,
        "mat_transicion": 22,
        "slep_sostenedor": null,
        "slep_procedencia": "sin_dato"
      },
      "geometry": {
        "type": "Point",
        "coordinates": [
          -71.448608,
          -32.508209
        ]
      }
    },
    {
      "type": "Feature",
      "properties": {
        "id_estab": "1192",
        "nombre": "ESCUELA RURAL PULLALLY",
        "cod_comuna": "5403",
        "comuna": "PAPUDO",
        "origen": 1,
        "tipo_estab": 1,
        "tipo_glosa": "Escuela Municipal",
        "matricula_total": 49,
        "mat_sala_cuna": 0,
        "mat_medio": 0,
        "mat_transicion": 49,
        "slep_sostenedor": null,
        "slep_procedencia": "sin_dato"
      },
      "geometry": {
        "type": "Point",
        "coordinates": [
          -71.314987,
          -32.43726
        ]
      }
    },
    {
      "type": "Feature",
      "properties": {
        "id_estab": "5403001",
        "nombre": "RAYITO DE SOL",
        "cod_comuna": "5403",
        "comuna": "PAPUDO",
        "origen": 2,
        "tipo_estab": 6,
        "tipo_glosa": "JUNJI VTF",
        "matricula_total": 45,
        "mat_sala_cuna": 13,
        "mat_medio": 32,
        "mat_transicion": 0,
        "slep_sostenedor": "Petorca",
        "slep_procedencia": "derivada_comuna"
      },
      "geometry": {
        "type": "Point",
        "coordinates": [
          -71.317553,
          -32.435278
        ]
      }
    },
    {
      "type": "Feature",
      "properties": {
        "id_estab": "50103",
        "nombre": "CAPULLITO",
        "cod_comuna": "5403",
        "comuna": "PAPUDO",
        "origen": 3,
        "tipo_estab": 7,
        "tipo_glosa": "INTEGRA Administracion Directa",
        "matricula_total": 21,
        "mat_sala_cuna": 0,
        "mat_medio": 8,
        "mat_transicion": 13,
        "slep_sostenedor": null,
        "slep_procedencia": "sin_dato"
      },
      "geometry": {
        "type": "Point",
        "coordinates": [
          -71.289895,
          -32.320424
        ]
      }
    },
    {
      "type": "Feature",
      "properties": {
        "id_estab": "5403002",
        "nombre": "BARQUITO DE PAPEL",
        "cod_comuna": "5403",
        "comuna": "PAPUDO",
        "origen": 2,
        "tipo_estab": 6,
        "tipo_glosa": "JUNJI VTF",
        "matricula_total": 32,
        "mat_sala_cuna": 0,
        "mat_medio": 32,
        "mat_transicion": 0,
        "slep_sostenedor": "Petorca",
        "slep_procedencia": "derivada_comuna"
      },
      "geometry": {
        "type": "Point",
        "coordinates": [
          -71.439671,
          -32.507349
        ]
      }
    },
    {
      "type": "Feature",
      "properties": {
        "id_estab": "1161",
        "nombre": "ESCUELA BASICA PEDEGUA",
        "cod_comuna": "5404",
        "comuna": "PETORCA",
        "origen": 1,
        "tipo_estab": 1,
        "tipo_glosa": "Escuela Municipal",
        "matricula_total": 28,
        "mat_sala_cuna": 0,
        "mat_medio": 0,
        "mat_transicion": 28,
        "slep_sostenedor": null,
        "slep_procedencia": "sin_dato"
      },
      "geometry": {
        "type": "Point",
        "coordinates": [
          -71.069817,
          -32.357109
        ]
      }
    },
    {
      "type": "Feature",
      "properties": {
        "id_estab": "1164",
        "nombre": "COL. CATOLICO PDTE.MANUEL MONTT",
        "cod_comuna": "5404",
        "comuna": "PETORCA",
        "origen": 1,
        "tipo_estab": 2,
        "tipo_glosa": "Escuela Particular Subvencionado",
        "matricula_total": 52,
        "mat_sala_cuna": 0,
        "mat_medio": 0,
        "mat_transicion": 52,
        "slep_sostenedor": null,
        "slep_procedencia": "sin_dato"
      },
      "geometry": {
        "type": "Point",
        "coordinates": [
          -70.931534,
          -32.25119
        ]
      }
    },
    {
      "type": "Feature",
      "properties": {
        "id_estab": "1149",
        "nombre": "LICEO CORDILLERA",
        "cod_comuna": "5404",
        "comuna": "PETORCA",
        "origen": 1,
        "tipo_estab": 1,
        "tipo_glosa": "Escuela Municipal",
        "matricula_total": 19,
        "mat_sala_cuna": 0,
        "mat_medio": 0,
        "mat_transicion": 19,
        "slep_sostenedor": null,
        "slep_procedencia": "sin_dato"
      },
      "geometry": {
        "type": "Point",
        "coordinates": [
          -70.832336,
          -32.22171
        ]
      }
    },
    {
      "type": "Feature",
      "properties": {
        "id_estab": "1166",
        "nombre": "COLEGIO SAGRADO CORAZON",
        "cod_comuna": "5404",
        "comuna": "PETORCA",
        "origen": 1,
        "tipo_estab": 2,
        "tipo_glosa": "Escuela Particular Subvencionado",
        "matricula_total": 16,
        "mat_sala_cuna": 0,
        "mat_medio": 0,
        "mat_transicion": 16,
        "slep_sostenedor": null,
        "slep_procedencia": "sin_dato"
      },
      "geometry": {
        "type": "Point",
        "coordinates": [
          -70.843201,
          -32.22414
        ]
      }
    },
    {
      "type": "Feature",
      "properties": {
        "id_estab": "1147",
        "nombre": "ESCUELA FERNANDO GARCIA OLDINI",
        "cod_comuna": "5404",
        "comuna": "PETORCA",
        "origen": 1,
        "tipo_estab": 1,
        "tipo_glosa": "Escuela Municipal",
        "matricula_total": 14,
        "mat_sala_cuna": 0,
        "mat_medio": 0,
        "mat_transicion": 14,
        "slep_sostenedor": null,
        "slep_procedencia": "sin_dato"
      },
      "geometry": {
        "type": "Point",
        "coordinates": [
          -71.011673,
          -32.28054
        ]
      }
    },
    {
      "type": "Feature",
      "properties": {
        "id_estab": "50104",
        "nombre": "ABEJITAS CREADORAS DE GOTLAND",
        "cod_comuna": "5404",
        "comuna": "PETORCA",
        "origen": 3,
        "tipo_estab": 7,
        "tipo_glosa": "INTEGRA Administracion Directa",
        "matricula_total": 65,
        "mat_sala_cuna": 20,
        "mat_medio": 28,
        "mat_transicion": 17,
        "slep_sostenedor": null,
        "slep_procedencia": "sin_dato"
      },
      "geometry": {
        "type": "Point",
        "coordinates": [
          -71.278589,
          -32.448417
        ]
      }
    },
    {
      "type": "Feature",
      "properties": {
        "id_estab": "1152",
        "nombre": "ESCUELA EDUARDO FREI MONTALVA",
        "cod_comuna": "5404",
        "comuna": "PETORCA",
        "origen": 1,
        "tipo_estab": 1,
        "tipo_glosa": "Escuela Municipal",
        "matricula_total": 14,
        "mat_sala_cuna": 0,
        "mat_medio": 0,
        "mat_transicion": 14,
        "slep_sostenedor": null,
        "slep_procedencia": "sin_dato"
      },
      "geometry": {
        "type": "Point",
        "coordinates": [
          -70.874077,
          -32.238201
        ]
      }
    },
    {
      "type": "Feature",
      "properties": {
        "id_estab": "1162",
        "nombre": "ESCUELA PARTICULAR JUAN PABLO II",
        "cod_comuna": "5404",
        "comuna": "PETORCA",
        "origen": 1,
        "tipo_estab": 2,
        "tipo_glosa": "Escuela Particular Subvencionado",
        "matricula_total": 8,
        "mat_sala_cuna": 0,
        "mat_medio": 0,
        "mat_transicion": 8,
        "slep_sostenedor": null,
        "slep_procedencia": "sin_dato"
      },
      "geometry": {
        "type": "Point",
        "coordinates": [
          -71.069588,
          -32.31422
        ]
      }
    },
    {
      "type": "Feature",
      "properties": {
        "id_estab": "1148",
        "nombre": "LICEO JOSE MANUEL BORGONO NUNEZ",
        "cod_comuna": "5404",
        "comuna": "PETORCA",
        "origen": 1,
        "tipo_estab": 1,
        "tipo_glosa": "Escuela Municipal",
        "matricula_total": 14,
        "mat_sala_cuna": 0,
        "mat_medio": 0,
        "mat_transicion": 14,
        "slep_sostenedor": null,
        "slep_procedencia": "sin_dato"
      },
      "geometry": {
        "type": "Point",
        "coordinates": [
          -70.930328,
          -32.251511
        ]
      }
    },
    {
      "type": "Feature",
      "properties": {
        "id_estab": "5404104",
        "nombre": "PMI-RISITOS DE ORO",
        "cod_comuna": "5404",
        "comuna": "PETORCA",
        "origen": 2,
        "tipo_estab": 5,
        "tipo_glosa": "JUNJI Administracion Directa",
        "matricula_total": 12,
        "mat_sala_cuna": 0,
        "mat_medio": 6,
        "mat_transicion": 6,
        "slep_sostenedor": null,
        "slep_procedencia": "sin_dato"
      },
      "geometry": {
        "type": "Point",
        "coordinates": [
          -71.138709,
          -32.252741
        ]
      }
    },
    {
      "type": "Feature",
      "properties": {
        "id_estab": "50102",
        "nombre": "OVILLITO DE LANA",
        "cod_comuna": "5404",
        "comuna": "PETORCA",
        "origen": 3,
        "tipo_estab": 7,
        "tipo_glosa": "INTEGRA Administracion Directa",
        "matricula_total": 58,
        "mat_sala_cuna": 10,
        "mat_medio": 38,
        "mat_transicion": 10,
        "slep_sostenedor": null,
        "slep_procedencia": "sin_dato"
      },
      "geometry": {
        "type": "Point",
        "coordinates": [
          -71.209957,
          -32.436654
        ]
      }
    },
    {
      "type": "Feature",
      "properties": {
        "id_estab": "1160",
        "nombre": "ESCUELA HOGAR FRONTERIZA DE CHALACO",
        "cod_comuna": "5404",
        "comuna": "PETORCA",
        "origen": 1,
        "tipo_estab": 1,
        "tipo_glosa": "Escuela Municipal",
        "matricula_total": 6,
        "mat_sala_cuna": 0,
        "mat_medio": 0,
        "mat_transicion": 6,
        "slep_sostenedor": null,
        "slep_procedencia": "sin_dato"
      },
      "geometry": {
        "type": "Point",
        "coordinates": [
          -70.803452,
          -32.187481
        ]
      }
    },
    {
      "type": "Feature",
      "properties": {
        "id_estab": "5404001",
        "nombre": "LAMPARITA",
        "cod_comuna": "5404",
        "comuna": "PETORCA",
        "origen": 2,
        "tipo_estab": 6,
        "tipo_glosa": "JUNJI VTF",
        "matricula_total": 80,
        "mat_sala_cuna": 28,
        "mat_medio": 52,
        "mat_transicion": 0,
        "slep_sostenedor": "Petorca",
        "slep_procedencia": "derivada_comuna"
      },
      "geometry": {
        "type": "Point",
        "coordinates": [
          -70.924889,
          -32.248611
        ]
      }
    },
    {
      "type": "Feature",
      "properties": {
        "id_estab": "1157",
        "nombre": "ESCUELA BASICA LOS ALAMOS EL SOBRANTE",
        "cod_comuna": "5404",
        "comuna": "PETORCA",
        "origen": 1,
        "tipo_estab": 1,
        "tipo_glosa": "Escuela Municipal",
        "matricula_total": 12,
        "mat_sala_cuna": 0,
        "mat_medio": 0,
        "mat_transicion": 12,
        "slep_sostenedor": null,
        "slep_procedencia": "sin_dato"
      },
      "geometry": {
        "type": "Point",
        "coordinates": [
          -70.807617,
          -32.227631
        ]
      }
    },
    {
      "type": "Feature",
      "properties": {
        "id_estab": "50501",
        "nombre": "SUEÑO HERMOSO",
        "cod_comuna": "5404",
        "comuna": "PETORCA",
        "origen": 3,
        "tipo_estab": 7,
        "tipo_glosa": "INTEGRA Administracion Directa",
        "matricula_total": 40,
        "mat_sala_cuna": 12,
        "mat_medio": 28,
        "mat_transicion": 0,
        "slep_sostenedor": null,
        "slep_procedencia": "sin_dato"
      },
      "geometry": {
        "type": "Point",
        "coordinates": [
          -71.435016,
          -32.507091
        ]
      }
    },
    {
      "type": "Feature",
      "properties": {
        "id_estab": "5404107",
        "nombre": "TRENCITO",
        "cod_comuna": "5404",
        "comuna": "PETORCA",
        "origen": 2,
        "tipo_estab": 5,
        "tipo_glosa": "JUNJI Administracion Directa",
        "matricula_total": 14,
        "mat_sala_cuna": 0,
        "mat_medio": 11,
        "mat_transicion": 3,
        "slep_sostenedor": null,
        "slep_procedencia": "sin_dato"
      },
      "geometry": {
        "type": "Point",
        "coordinates": [
          -71.072358,
          -32.309414
        ]
      }
    },
    {
      "type": "Feature",
      "properties": {
        "id_estab": "5404105",
        "nombre": "PMI-ARBOLITO",
        "cod_comuna": "5404",
        "comuna": "PETORCA",
        "origen": 2,
        "tipo_estab": 5,
        "tipo_glosa": "JUNJI Administracion Directa",
        "matricula_total": 15,
        "mat_sala_cuna": 0,
        "mat_medio": 15,
        "mat_transicion": 0,
        "slep_sostenedor": null,
        "slep_procedencia": "sin_dato"
      },
      "geometry": {
        "type": "Point",
        "coordinates": [
          -70.851617,
          -32.230738
        ]
      }
    },
    {
      "type": "Feature",
      "properties": {
        "id_estab": "5404003",
        "nombre": "MIS PRIMEROS PASOS",
        "cod_comuna": "5404",
        "comuna": "PETORCA",
        "origen": 2,
        "tipo_estab": 6,
        "tipo_glosa": "JUNJI VTF",
        "matricula_total": 11,
        "mat_sala_cuna": 11,
        "mat_medio": 0,
        "mat_transicion": 0,
        "slep_sostenedor": "Petorca",
        "slep_procedencia": "derivada_comuna"
      },
      "geometry": {
        "type": "Point",
        "coordinates": [
          -71.070238,
          -32.357607
        ]
      }
    },
    {
      "type": "Feature",
      "properties": {
        "id_estab": "5404002",
        "nombre": "MUNDO DE PEQUES-CHINCOLCO",
        "cod_comuna": "5404",
        "comuna": "PETORCA",
        "origen": 2,
        "tipo_estab": 6,
        "tipo_glosa": "JUNJI VTF",
        "matricula_total": 13,
        "mat_sala_cuna": 13,
        "mat_medio": 0,
        "mat_transicion": 0,
        "slep_sostenedor": "Petorca",
        "slep_procedencia": "derivada_comuna"
      },
      "geometry": {
        "type": "Point",
        "coordinates": [
          -70.854405,
          -32.231847
        ]
      }
    },
    {
      "type": "Feature",
      "properties": {
        "id_estab": "1190",
        "nombre": "COLEGIO PARROQUIAL FRANCISCO DIDIER",
        "cod_comuna": "5405",
        "comuna": "ZAPALLAR",
        "origen": 1,
        "tipo_estab": 2,
        "tipo_glosa": "Escuela Particular Subvencionado",
        "matricula_total": 55,
        "mat_sala_cuna": 0,
        "mat_medio": 0,
        "mat_transicion": 55,
        "slep_sostenedor": null,
        "slep_procedencia": "sin_dato"
      },
      "geometry": {
        "type": "Point",
        "coordinates": [
          -71.45768,
          -32.553749
        ]
      }
    },
    {
      "type": "Feature",
      "properties": {
        "id_estab": "1184",
        "nombre": "COLEGIO TECNICO PROFESIONAL MERCEDES MATURANA GALLARDO",
        "cod_comuna": "5405",
        "comuna": "ZAPALLAR",
        "origen": 1,
        "tipo_estab": 1,
        "tipo_glosa": "Escuela Municipal",
        "matricula_total": 63,
        "mat_sala_cuna": 0,
        "mat_medio": 0,
        "mat_transicion": 63,
        "slep_sostenedor": null,
        "slep_procedencia": "sin_dato"
      },
      "geometry": {
        "type": "Point",
        "coordinates": [
          -71.272141,
          -32.566689
        ]
      }
    },
    {
      "type": "Feature",
      "properties": {
        "id_estab": "1189",
        "nombre": "ESCUELA BASICA AURELIO DURAN ALMENDRO",
        "cod_comuna": "5405",
        "comuna": "ZAPALLAR",
        "origen": 1,
        "tipo_estab": 1,
        "tipo_glosa": "Escuela Municipal",
        "matricula_total": 54,
        "mat_sala_cuna": 0,
        "mat_medio": 0,
        "mat_transicion": 54,
        "slep_sostenedor": null,
        "slep_procedencia": "sin_dato"
      },
      "geometry": {
        "type": "Point",
        "coordinates": [
          -71.304398,
          -32.573738
        ]
      }
    },
    {
      "type": "Feature",
      "properties": {
        "id_estab": "5405001",
        "nombre": "LOS PEQUES",
        "cod_comuna": "5405",
        "comuna": "ZAPALLAR",
        "origen": 2,
        "tipo_estab": 6,
        "tipo_glosa": "JUNJI VTF",
        "matricula_total": 79,
        "mat_sala_cuna": 19,
        "mat_medio": 60,
        "mat_transicion": 0,
        "slep_sostenedor": null,
        "slep_procedencia": "sin_dato"
      },
      "geometry": {
        "type": "Point",
        "coordinates": [
          -71.445209,
          -32.577356
        ]
      }
    },
    {
      "type": "Feature",
      "properties": {
        "id_estab": "1183",
        "nombre": "LICEO BICENTENARIO DE ZAPALLAR",
        "cod_comuna": "5405",
        "comuna": "ZAPALLAR",
        "origen": 1,
        "tipo_estab": 1,
        "tipo_glosa": "Escuela Municipal",
        "matricula_total": 50,
        "mat_sala_cuna": 0,
        "mat_medio": 0,
        "mat_transicion": 50,
        "slep_sostenedor": null,
        "slep_procedencia": "sin_dato"
      },
      "geometry": {
        "type": "Point",
        "coordinates": [
          -71.455383,
          -32.55653
        ]
      }
    },
    {
      "type": "Feature",
      "properties": {
        "id_estab": "5405004",
        "nombre": "PEQUEÑA ESTACIÓN",
        "cod_comuna": "5405",
        "comuna": "ZAPALLAR",
        "origen": 2,
        "tipo_estab": 5,
        "tipo_glosa": "JUNJI Administracion Directa",
        "matricula_total": 47,
        "mat_sala_cuna": 18,
        "mat_medio": 27,
        "mat_transicion": 2,
        "slep_sostenedor": null,
        "slep_procedencia": "sin_dato"
      },
      "geometry": {
        "type": "Point",
        "coordinates": [
          -71.271125,
          -32.566739
        ]
      }
    },
    {
      "type": "Feature",
      "properties": {
        "id_estab": "50203",
        "nombre": "TRENCITO",
        "cod_comuna": "5405",
        "comuna": "ZAPALLAR",
        "origen": 3,
        "tipo_estab": 7,
        "tipo_glosa": "INTEGRA Administracion Directa",
        "matricula_total": 9,
        "mat_sala_cuna": 0,
        "mat_medio": 9,
        "mat_transicion": 0,
        "slep_sostenedor": null,
        "slep_procedencia": "sin_dato"
      },
      "geometry": {
        "type": "Point",
        "coordinates": [
          -71.067839,
          -32.358414
        ]
      }
    },
    {
      "type": "Feature",
      "properties": {
        "id_estab": "5405002",
        "nombre": "OSITOS CARIÑOSITOS",
        "cod_comuna": "5405",
        "comuna": "ZAPALLAR",
        "origen": 2,
        "tipo_estab": 6,
        "tipo_glosa": "JUNJI VTF",
        "matricula_total": 52,
        "mat_sala_cuna": 20,
        "mat_medio": 32,
        "mat_transicion": 0,
        "slep_sostenedor": null,
        "slep_procedencia": "sin_dato"
      },
      "geometry": {
        "type": "Point",
        "coordinates": [
          -71.275775,
          -32.56853
        ]
      }
    },
    {
      "type": "Feature",
      "properties": {
        "id_estab": "5405003",
        "nombre": "ESTRELLITA DE MAR",
        "cod_comuna": "5405",
        "comuna": "ZAPALLAR",
        "origen": 2,
        "tipo_estab": 6,
        "tipo_glosa": "JUNJI VTF",
        "matricula_total": 51,
        "mat_sala_cuna": 19,
        "mat_medio": 32,
        "mat_transicion": 0,
        "slep_sostenedor": null,
        "slep_procedencia": "sin_dato"
      },
      "geometry": {
        "type": "Point",
        "coordinates": [
          -71.453927,
          -32.556704
        ]
      }
    },
    {
      "type": "Feature",
      "properties": {
        "id_estab": "5405121",
        "nombre": "CECI MARIPOSITA",
        "cod_comuna": "5405",
        "comuna": "ZAPALLAR",
        "origen": 2,
        "tipo_estab": 5,
        "tipo_glosa": "JUNJI Administracion Directa",
        "matricula_total": 14,
        "mat_sala_cuna": 0,
        "mat_medio": 13,
        "mat_transicion": 1,
        "slep_sostenedor": null,
        "slep_procedencia": "sin_dato"
      },
      "geometry": {
        "type": "Point",
        "coordinates": [
          -71.256256,
          -32.568125
        ]
      }
    },
    {
      "type": "Feature",
      "properties": {
        "id_estab": "5405104",
        "nombre": "LOS ARBOLITOS",
        "cod_comuna": "5405",
        "comuna": "ZAPALLAR",
        "origen": 2,
        "tipo_estab": 5,
        "tipo_glosa": "JUNJI Administracion Directa",
        "matricula_total": 19,
        "mat_sala_cuna": 0,
        "mat_medio": 13,
        "mat_transicion": 6,
        "slep_sostenedor": null,
        "slep_procedencia": "sin_dato"
      },
      "geometry": {
        "type": "Point",
        "coordinates": [
          -71.304558,
          -32.573755
        ]
      }
    },
    {
      "type": "Feature",
      "properties": {
        "id_estab": "14662",
        "nombre": "C E D I P",
        "cod_comuna": "5501",
        "comuna": "QUILLOTA",
        "origen": 1,
        "tipo_estab": 2,
        "tipo_glosa": "Escuela Particular Subvencionado",
        "matricula_total": 10,
        "mat_sala_cuna": 0,
        "mat_medio": 0,
        "mat_transicion": 10,
        "slep_sostenedor": null,
        "slep_procedencia": "sin_dato"
      },
      "geometry": {
        "type": "Point",
        "coordinates": [
          -71.24242,
          -32.8789
        ]
      }
    },
    {
      "type": "Feature",
      "properties": {
        "id_estab": "1405",
        "nombre": "COLEGIO INGLES DE QUILLOTA",
        "cod_comuna": "5501",
        "comuna": "QUILLOTA",
        "origen": 1,
        "tipo_estab": 2,
        "tipo_glosa": "Escuela Particular Subvencionado",
        "matricula_total": 97,
        "mat_sala_cuna": 0,
        "mat_medio": 0,
        "mat_transicion": 97,
        "slep_sostenedor": null,
        "slep_procedencia": "sin_dato"
      },
      "geometry": {
        "type": "Point",
        "coordinates": [
          -71.251152,
          -32.883018
        ]
      }
    },
    {
      "type": "Feature",
      "properties": {
        "id_estab": "1377",
        "nombre": "ESCUELA NUESTRO MUNDO",
        "cod_comuna": "5501",
        "comuna": "QUILLOTA",
        "origen": 1,
        "tipo_estab": 1,
        "tipo_glosa": "Escuela Municipal",
        "matricula_total": 43,
        "mat_sala_cuna": 0,
        "mat_medio": 0,
        "mat_transicion": 43,
        "slep_sostenedor": null,
        "slep_procedencia": "sin_dato"
      },
      "geometry": {
        "type": "Point",
        "coordinates": [
          -71.259933,
          -32.887321
        ]
      }
    },
    {
      "type": "Feature",
      "properties": {
        "id_estab": "1395",
        "nombre": "COLEGIO SAN PEDRO NOLASCO DE QUILLOTA",
        "cod_comuna": "5501",
        "comuna": "QUILLOTA",
        "origen": 1,
        "tipo_estab": 2,
        "tipo_glosa": "Escuela Particular Subvencionado",
        "matricula_total": 115,
        "mat_sala_cuna": 0,
        "mat_medio": 0,
        "mat_transicion": 115,
        "slep_sostenedor": null,
        "slep_procedencia": "sin_dato"
      },
      "geometry": {
        "type": "Point",
        "coordinates": [
          -71.244202,
          -32.87252
        ]
      }
    },
    {
      "type": "Feature",
      "properties": {
        "id_estab": "1364",
        "nombre": "COLEGIO VALLE DE QUILLOTA",
        "cod_comuna": "5501",
        "comuna": "QUILLOTA",
        "origen": 1,
        "tipo_estab": 1,
        "tipo_glosa": "Escuela Municipal",
        "matricula_total": 52,
        "mat_sala_cuna": 0,
        "mat_medio": 0,
        "mat_transicion": 52,
        "slep_sostenedor": null,
        "slep_procedencia": "sin_dato"
      },
      "geometry": {
        "type": "Point",
        "coordinates": [
          -71.247063,
          -32.885818
        ]
      }
    },
    {
      "type": "Feature",
      "properties": {
        "id_estab": "14594",
        "nombre": "COLEGIO QUILLOTA TERRANOVA",
        "cod_comuna": "5501",
        "comuna": "QUILLOTA",
        "origen": 1,
        "tipo_estab": 2,
        "tipo_glosa": "Escuela Particular Subvencionado",
        "matricula_total": 54,
        "mat_sala_cuna": 0,
        "mat_medio": 0,
        "mat_transicion": 54,
        "slep_sostenedor": null,
        "slep_procedencia": "sin_dato"
      },
      "geometry": {
        "type": "Point",
        "coordinates": [
          -71.237541,
          -32.86293
        ]
      }
    },
    {
      "type": "Feature",
      "properties": {
        "id_estab": "14770",
        "nombre": "COL.PRECURSOR FRANCISCO DE MIRANDA",
        "cod_comuna": "5501",
        "comuna": "QUILLOTA",
        "origen": 1,
        "tipo_estab": 2,
        "tipo_glosa": "Escuela Particular Subvencionado",
        "matricula_total": 137,
        "mat_sala_cuna": 0,
        "mat_medio": 0,
        "mat_transicion": 137,
        "slep_sostenedor": null,
        "slep_procedencia": "sin_dato"
      },
      "geometry": {
        "type": "Point",
        "coordinates": [
          -71.254707,
          -32.877911
        ]
      }
    },
    {
      "type": "Feature",
      "properties": {
        "id_estab": "14901",
        "nombre": "COLEGIO SIMON BOLIVAR",
        "cod_comuna": "5501",
        "comuna": "QUILLOTA",
        "origen": 1,
        "tipo_estab": 2,
        "tipo_glosa": "Escuela Particular Subvencionado",
        "matricula_total": 118,
        "mat_sala_cuna": 0,
        "mat_medio": 0,
        "mat_transicion": 118,
        "slep_sostenedor": null,
        "slep_procedencia": "sin_dato"
      },
      "geometry": {
        "type": "Point",
        "coordinates": [
          -71.24675,
          -32.89312
        ]
      }
    },
    {
      "type": "Feature",
      "properties": {
        "id_estab": "14398",
        "nombre": "CENTRO DE ATENCION ANDALUE",
        "cod_comuna": "5501",
        "comuna": "QUILLOTA",
        "origen": 1,
        "tipo_estab": 2,
        "tipo_glosa": "Escuela Particular Subvencionado",
        "matricula_total": 21,
        "mat_sala_cuna": 0,
        "mat_medio": 0,
        "mat_transicion": 21,
        "slep_sostenedor": null,
        "slep_procedencia": "sin_dato"
      },
      "geometry": {
        "type": "Point",
        "coordinates": [
          -71.249868,
          -32.895742
        ]
      }
    },
    {
      "type": "Feature",
      "properties": {
        "id_estab": "1378",
        "nombre": "ESCUELA BASICA ABEL GUERRERO AGUIRRE",
        "cod_comuna": "5501",
        "comuna": "QUILLOTA",
        "origen": 1,
        "tipo_estab": 1,
        "tipo_glosa": "Escuela Municipal",
        "matricula_total": 33,
        "mat_sala_cuna": 0,
        "mat_medio": 0,
        "mat_transicion": 33,
        "slep_sostenedor": null,
        "slep_procedencia": "sin_dato"
      },
      "geometry": {
        "type": "Point",
        "coordinates": [
          -71.272278,
          -32.937881
        ]
      }
    },
    {
      "type": "Feature",
      "properties": {
        "id_estab": "1371",
        "nombre": "COLEGIO BICENTENARIO ARAUCO",
        "cod_comuna": "5501",
        "comuna": "QUILLOTA",
        "origen": 1,
        "tipo_estab": 1,
        "tipo_glosa": "Escuela Municipal",
        "matricula_total": 69,
        "mat_sala_cuna": 0,
        "mat_medio": 0,
        "mat_transicion": 69,
        "slep_sostenedor": null,
        "slep_procedencia": "sin_dato"
      },
      "geometry": {
        "type": "Point",
        "coordinates": [
          -71.245018,
          -32.888416
        ]
      }
    },
    {
      "type": "Feature",
      "properties": {
        "id_estab": "1374",
        "nombre": "ESCUELA ESPECIAL LOS PALTOS",
        "cod_comuna": "5501",
        "comuna": "QUILLOTA",
        "origen": 1,
        "tipo_estab": 1,
        "tipo_glosa": "Escuela Municipal",
        "matricula_total": 4,
        "mat_sala_cuna": 0,
        "mat_medio": 0,
        "mat_transicion": 4,
        "slep_sostenedor": null,
        "slep_procedencia": "sin_dato"
      },
      "geometry": {
        "type": "Point",
        "coordinates": [
          -71.25631,
          -32.883663
        ]
      }
    },
    {
      "type": "Feature",
      "properties": {
        "id_estab": "1369",
        "nombre": "ESCUELA SUPERIOR Nº 1",
        "cod_comuna": "5501",
        "comuna": "QUILLOTA",
        "origen": 1,
        "tipo_estab": 1,
        "tipo_glosa": "Escuela Municipal",
        "matricula_total": 20,
        "mat_sala_cuna": 0,
        "mat_medio": 0,
        "mat_transicion": 20,
        "slep_sostenedor": null,
        "slep_procedencia": "sin_dato"
      },
      "geometry": {
        "type": "Point",
        "coordinates": [
          -71.249603,
          -32.882721
        ]
      }
    },
    {
      "type": "Feature",
      "properties": {
        "id_estab": "1370",
        "nombre": "COLEGIO REPÚBLICA DE MÉXICO",
        "cod_comuna": "5501",
        "comuna": "QUILLOTA",
        "origen": 1,
        "tipo_estab": 1,
        "tipo_glosa": "Escuela Municipal",
        "matricula_total": 57,
        "mat_sala_cuna": 0,
        "mat_medio": 0,
        "mat_transicion": 57,
        "slep_sostenedor": null,
        "slep_procedencia": "sin_dato"
      },
      "geometry": {
        "type": "Point",
        "coordinates": [
          -71.258408,
          -32.892509
        ]
      }
    },
    {
      "type": "Feature",
      "properties": {
        "id_estab": "14733",
        "nombre": "ESCUELA DE LENGUAJE SAN BENITO",
        "cod_comuna": "5501",
        "comuna": "QUILLOTA",
        "origen": 1,
        "tipo_estab": 2,
        "tipo_glosa": "Escuela Particular Subvencionado",
        "matricula_total": 81,
        "mat_sala_cuna": 0,
        "mat_medio": 25,
        "mat_transicion": 56,
        "slep_sostenedor": null,
        "slep_procedencia": "sin_dato"
      },
      "geometry": {
        "type": "Point",
        "coordinates": [
          -71.252556,
          -32.878033
        ]
      }
    },
    {
      "type": "Feature",
      "properties": {
        "id_estab": "20366",
        "nombre": "ESCUELA ESPECIAL DE LENGUAJE AYEKANTUN",
        "cod_comuna": "5501",
        "comuna": "QUILLOTA",
        "origen": 1,
        "tipo_estab": 2,
        "tipo_glosa": "Escuela Particular Subvencionado",
        "matricula_total": 49,
        "mat_sala_cuna": 0,
        "mat_medio": 30,
        "mat_transicion": 19,
        "slep_sostenedor": null,
        "slep_procedencia": "sin_dato"
      },
      "geometry": {
        "type": "Point",
        "coordinates": [
          -71.27563,
          -32.93753
        ]
      }
    },
    {
      "type": "Feature",
      "properties": {
        "id_estab": "14671",
        "nombre": "COLEGIO TIERRA DEL FUEGO",
        "cod_comuna": "5501",
        "comuna": "QUILLOTA",
        "origen": 1,
        "tipo_estab": 2,
        "tipo_glosa": "Escuela Particular Subvencionado",
        "matricula_total": 85,
        "mat_sala_cuna": 0,
        "mat_medio": 0,
        "mat_transicion": 85,
        "slep_sostenedor": null,
        "slep_procedencia": "sin_dato"
      },
      "geometry": {
        "type": "Point",
        "coordinates": [
          -71.261658,
          -32.88998
        ]
      }
    },
    {
      "type": "Feature",
      "properties": {
        "id_estab": "14673",
        "nombre": "COLEGIO NUEVA ERA SIGLO XXI QUILLOTA",
        "cod_comuna": "5501",
        "comuna": "QUILLOTA",
        "origen": 1,
        "tipo_estab": 2,
        "tipo_glosa": "Escuela Particular Subvencionado",
        "matricula_total": 21,
        "mat_sala_cuna": 0,
        "mat_medio": 0,
        "mat_transicion": 21,
        "slep_sostenedor": null,
        "slep_procedencia": "sin_dato"
      },
      "geometry": {
        "type": "Point",
        "coordinates": [
          -71.240738,
          -32.868999
        ]
      }
    },
    {
      "type": "Feature",
      "properties": {
        "id_estab": "16945",
        "nombre": "COLEGIO NUEVO HORIZONTE",
        "cod_comuna": "5501",
        "comuna": "QUILLOTA",
        "origen": 1,
        "tipo_estab": 2,
        "tipo_glosa": "Escuela Particular Subvencionado",
        "matricula_total": 50,
        "mat_sala_cuna": 0,
        "mat_medio": 0,
        "mat_transicion": 50,
        "slep_sostenedor": null,
        "slep_procedencia": "sin_dato"
      },
      "geometry": {
        "type": "Point",
        "coordinates": [
          -71.262756,
          -32.89222
        ]
      }
    },
    {
      "type": "Feature",
      "properties": {
        "id_estab": "1385",
        "nombre": "ESCUELA BASICA LA PALMA",
        "cod_comuna": "5501",
        "comuna": "QUILLOTA",
        "origen": 1,
        "tipo_estab": 1,
        "tipo_glosa": "Escuela Municipal",
        "matricula_total": 22,
        "mat_sala_cuna": 0,
        "mat_medio": 0,
        "mat_transicion": 22,
        "slep_sostenedor": null,
        "slep_procedencia": "sin_dato"
      },
      "geometry": {
        "type": "Point",
        "coordinates": [
          -71.228348,
          -32.87698
        ]
      }
    },
    {
      "type": "Feature",
      "properties": {
        "id_estab": "1393",
        "nombre": "COLEGIO NIÑO JESUS DE PRAGA",
        "cod_comuna": "5501",
        "comuna": "QUILLOTA",
        "origen": 1,
        "tipo_estab": 2,
        "tipo_glosa": "Escuela Particular Subvencionado",
        "matricula_total": 75,
        "mat_sala_cuna": 0,
        "mat_medio": 0,
        "mat_transicion": 75,
        "slep_sostenedor": null,
        "slep_procedencia": "sin_dato"
      },
      "geometry": {
        "type": "Point",
        "coordinates": [
          -71.23658,
          -32.876919
        ]
      }
    },
    {
      "type": "Feature",
      "properties": {
        "id_estab": "1384",
        "nombre": "COLEGIO CUMBRES DE BOCO",
        "cod_comuna": "5501",
        "comuna": "QUILLOTA",
        "origen": 1,
        "tipo_estab": 1,
        "tipo_glosa": "Escuela Municipal",
        "matricula_total": 26,
        "mat_sala_cuna": 0,
        "mat_medio": 0,
        "mat_transicion": 26,
        "slep_sostenedor": null,
        "slep_procedencia": "sin_dato"
      },
      "geometry": {
        "type": "Point",
        "coordinates": [
          -71.237961,
          -32.864941
        ]
      }
    },
    {
      "type": "Feature",
      "properties": {
        "id_estab": "40016",
        "nombre": "ESC.ESPEC. DE LENGUAJE KAU KALEM",
        "cod_comuna": "5501",
        "comuna": "QUILLOTA",
        "origen": 1,
        "tipo_estab": 2,
        "tipo_glosa": "Escuela Particular Subvencionado",
        "matricula_total": 120,
        "mat_sala_cuna": 0,
        "mat_medio": 41,
        "mat_transicion": 79,
        "slep_sostenedor": null,
        "slep_procedencia": "sin_dato"
      },
      "geometry": {
        "type": "Point",
        "coordinates": [
          -71.23349,
          -32.867264
        ]
      }
    },
    {
      "type": "Feature",
      "properties": {
        "id_estab": "14270",
        "nombre": "COLEGIO GOBERNADOR CONCHA Y SALVATIERRA",
        "cod_comuna": "5501",
        "comuna": "QUILLOTA",
        "origen": 1,
        "tipo_estab": 2,
        "tipo_glosa": "Escuela Particular Subvencionado",
        "matricula_total": 64,
        "mat_sala_cuna": 0,
        "mat_medio": 0,
        "mat_transicion": 64,
        "slep_sostenedor": null,
        "slep_procedencia": "sin_dato"
      },
      "geometry": {
        "type": "Point",
        "coordinates": [
          -71.245132,
          -32.890961
        ]
      }
    },
    {
      "type": "Feature",
      "properties": {
        "id_estab": "14913",
        "nombre": "COLEGIO GALILEO",
        "cod_comuna": "5501",
        "comuna": "QUILLOTA",
        "origen": 1,
        "tipo_estab": 2,
        "tipo_glosa": "Escuela Particular Subvencionado",
        "matricula_total": 44,
        "mat_sala_cuna": 0,
        "mat_medio": 0,
        "mat_transicion": 44,
        "slep_sostenedor": null,
        "slep_procedencia": "sin_dato"
      },
      "geometry": {
        "type": "Point",
        "coordinates": [
          -71.23423,
          -32.858509
        ]
      }
    },
    {
      "type": "Feature",
      "properties": {
        "id_estab": "14880",
        "nombre": "ESC. ESP. DE LENG. Y JARDIN INF. LOS ROBLES DE QUILLOTA",
        "cod_comuna": "5501",
        "comuna": "QUILLOTA",
        "origen": 1,
        "tipo_estab": 2,
        "tipo_glosa": "Escuela Particular Subvencionado",
        "matricula_total": 96,
        "mat_sala_cuna": 0,
        "mat_medio": 45,
        "mat_transicion": 51,
        "slep_sostenedor": null,
        "slep_procedencia": "sin_dato"
      },
      "geometry": {
        "type": "Point",
        "coordinates": [
          -71.260263,
          -32.896027
        ]
      }
    },
    {
      "type": "Feature",
      "properties": {
        "id_estab": "11180",
        "nombre": "ESC. DE PARVULOS LA PEQUEÑA POLITA",
        "cod_comuna": "5501",
        "comuna": "QUILLOTA",
        "origen": 1,
        "tipo_estab": 2,
        "tipo_glosa": "Escuela Particular Subvencionado",
        "matricula_total": 15,
        "mat_sala_cuna": 0,
        "mat_medio": 0,
        "mat_transicion": 15,
        "slep_sostenedor": null,
        "slep_procedencia": "sin_dato"
      },
      "geometry": {
        "type": "Point",
        "coordinates": [
          -71.25852,
          -32.883568
        ]
      }
    },
    {
      "type": "Feature",
      "properties": {
        "id_estab": "1397",
        "nombre": "ESCUELA PARTICULAR INDUSTRIAL E. BERTELSEN TEMPLE",
        "cod_comuna": "5501",
        "comuna": "QUILLOTA",
        "origen": 1,
        "tipo_estab": 2,
        "tipo_glosa": "Escuela Particular Subvencionado",
        "matricula_total": 28,
        "mat_sala_cuna": 0,
        "mat_medio": 0,
        "mat_transicion": 28,
        "slep_sostenedor": null,
        "slep_procedencia": "sin_dato"
      },
      "geometry": {
        "type": "Point",
        "coordinates": [
          -71.254288,
          -32.882759
        ]
      }
    },
    {
      "type": "Feature",
      "properties": {
        "id_estab": "14308",
        "nombre": "COLEGIO ITALIANO SAN PEDRO",
        "cod_comuna": "5501",
        "comuna": "QUILLOTA",
        "origen": 1,
        "tipo_estab": 2,
        "tipo_glosa": "Escuela Particular Subvencionado",
        "matricula_total": 38,
        "mat_sala_cuna": 0,
        "mat_medio": 0,
        "mat_transicion": 38,
        "slep_sostenedor": null,
        "slep_procedencia": "sin_dato"
      },
      "geometry": {
        "type": "Point",
        "coordinates": [
          -71.276909,
          -32.937099
        ]
      }
    },
    {
      "type": "Feature",
      "properties": {
        "id_estab": "14573",
        "nombre": "ESCUELA CAROLA REYES PIZARRO",
        "cod_comuna": "5501",
        "comuna": "QUILLOTA",
        "origen": 1,
        "tipo_estab": 2,
        "tipo_glosa": "Escuela Particular Subvencionado",
        "matricula_total": 4,
        "mat_sala_cuna": 0,
        "mat_medio": 0,
        "mat_transicion": 4,
        "slep_sostenedor": null,
        "slep_procedencia": "sin_dato"
      },
      "geometry": {
        "type": "Point",
        "coordinates": [
          -71.266388,
          -32.949371
        ]
      }
    },
    {
      "type": "Feature",
      "properties": {
        "id_estab": "14808",
        "nombre": "CTRO.EDUC.INTEG.ALGUIEN DENTRO DE MI",
        "cod_comuna": "5501",
        "comuna": "QUILLOTA",
        "origen": 1,
        "tipo_estab": 2,
        "tipo_glosa": "Escuela Particular Subvencionado",
        "matricula_total": 9,
        "mat_sala_cuna": 0,
        "mat_medio": 0,
        "mat_transicion": 9,
        "slep_sostenedor": null,
        "slep_procedencia": "sin_dato"
      },
      "geometry": {
        "type": "Point",
        "coordinates": [
          -71.25332,
          -32.882507
        ]
      }
    },
    {
      "type": "Feature",
      "properties": {
        "id_estab": "1363",
        "nombre": "LICEO SANTIAGO ESCUTI ORREGO",
        "cod_comuna": "5501",
        "comuna": "QUILLOTA",
        "origen": 1,
        "tipo_estab": 1,
        "tipo_glosa": "Escuela Municipal",
        "matricula_total": 27,
        "mat_sala_cuna": 0,
        "mat_medio": 0,
        "mat_transicion": 27,
        "slep_sostenedor": null,
        "slep_procedencia": "sin_dato"
      },
      "geometry": {
        "type": "Point",
        "coordinates": [
          -71.251846,
          -32.88364
        ]
      }
    },
    {
      "type": "Feature",
      "properties": {
        "id_estab": "14397",
        "nombre": "COLEGIO CRISTIANO DE QUILLOTA",
        "cod_comuna": "5501",
        "comuna": "QUILLOTA",
        "origen": 1,
        "tipo_estab": 2,
        "tipo_glosa": "Escuela Particular Subvencionado",
        "matricula_total": 19,
        "mat_sala_cuna": 0,
        "mat_medio": 0,
        "mat_transicion": 19,
        "slep_sostenedor": null,
        "slep_procedencia": "sin_dato"
      },
      "geometry": {
        "type": "Point",
        "coordinates": [
          -71.251373,
          -32.877991
        ]
      }
    },
    {
      "type": "Feature",
      "properties": {
        "id_estab": "14476",
        "nombre": "COLEGIO VALLE DEL ACONCAGUA",
        "cod_comuna": "5501",
        "comuna": "QUILLOTA",
        "origen": 1,
        "tipo_estab": 3,
        "tipo_glosa": "Escuela Particular Pagado",
        "matricula_total": 75,
        "mat_sala_cuna": 0,
        "mat_medio": 17,
        "mat_transicion": 58,
        "slep_sostenedor": null,
        "slep_procedencia": "sin_dato"
      },
      "geometry": {
        "type": "Point",
        "coordinates": [
          -71.22654,
          -32.896685
        ]
      }
    },
    {
      "type": "Feature",
      "properties": {
        "id_estab": "14834",
        "nombre": "JARDIN INFANTIL GOLONRISAS",
        "cod_comuna": "5501",
        "comuna": "QUILLOTA",
        "origen": 1,
        "tipo_estab": 3,
        "tipo_glosa": "Escuela Particular Pagado",
        "matricula_total": 19,
        "mat_sala_cuna": 0,
        "mat_medio": 9,
        "mat_transicion": 10,
        "slep_sostenedor": null,
        "slep_procedencia": "sin_dato"
      },
      "geometry": {
        "type": "Point",
        "coordinates": [
          -71.23502,
          -32.860912
        ]
      }
    },
    {
      "type": "Feature",
      "properties": {
        "id_estab": "31460",
        "nombre": "ESCUELA ESPECIAL DE LENGUAJE PEUMAYEN",
        "cod_comuna": "5501",
        "comuna": "QUILLOTA",
        "origen": 1,
        "tipo_estab": 2,
        "tipo_glosa": "Escuela Particular Subvencionado",
        "matricula_total": 82,
        "mat_sala_cuna": 0,
        "mat_medio": 45,
        "mat_transicion": 37,
        "slep_sostenedor": null,
        "slep_procedencia": "sin_dato"
      },
      "geometry": {
        "type": "Point",
        "coordinates": [
          -71.23928,
          -32.86736
        ]
      }
    },
    {
      "type": "Feature",
      "properties": {
        "id_estab": "12295",
        "nombre": "COLEGIO SAN IGNACIO DE LA SSALLE",
        "cod_comuna": "5501",
        "comuna": "QUILLOTA",
        "origen": 1,
        "tipo_estab": 3,
        "tipo_glosa": "Escuela Particular Pagado",
        "matricula_total": 24,
        "mat_sala_cuna": 0,
        "mat_medio": 0,
        "mat_transicion": 24,
        "slep_sostenedor": null,
        "slep_procedencia": "sin_dato"
      },
      "geometry": {
        "type": "Point",
        "coordinates": [
          -71.24305,
          -32.879572
        ]
      }
    },
    {
      "type": "Feature",
      "properties": {
        "id_estab": "14362",
        "nombre": "ESCUELA ESPECIAL ARCO IRIS BAJO EL SOL ANEXO",
        "cod_comuna": "5501",
        "comuna": "QUILLOTA",
        "origen": 1,
        "tipo_estab": 2,
        "tipo_glosa": "Escuela Particular Subvencionado",
        "matricula_total": 28,
        "mat_sala_cuna": 0,
        "mat_medio": 11,
        "mat_transicion": 17,
        "slep_sostenedor": null,
        "slep_procedencia": "sin_dato"
      },
      "geometry": {
        "type": "Point",
        "coordinates": [
          -71.25197,
          -32.878464
        ]
      }
    },
    {
      "type": "Feature",
      "properties": {
        "id_estab": "14955",
        "nombre": "ESCUELA ESPECIAL DE LENGUAJE MI RESOL",
        "cod_comuna": "5501",
        "comuna": "QUILLOTA",
        "origen": 1,
        "tipo_estab": 2,
        "tipo_glosa": "Escuela Particular Subvencionado",
        "matricula_total": 82,
        "mat_sala_cuna": 0,
        "mat_medio": 30,
        "mat_transicion": 52,
        "slep_sostenedor": null,
        "slep_procedencia": "sin_dato"
      },
      "geometry": {
        "type": "Point",
        "coordinates": [
          -71.252525,
          -32.885162
        ]
      }
    },
    {
      "type": "Feature",
      "properties": {
        "id_estab": "1412",
        "nombre": "COLEGIO ROBERT AND ROSE",
        "cod_comuna": "5501",
        "comuna": "QUILLOTA",
        "origen": 1,
        "tipo_estab": 3,
        "tipo_glosa": "Escuela Particular Pagado",
        "matricula_total": 33,
        "mat_sala_cuna": 0,
        "mat_medio": 0,
        "mat_transicion": 33,
        "slep_sostenedor": null,
        "slep_procedencia": "sin_dato"
      },
      "geometry": {
        "type": "Point",
        "coordinates": [
          -71.24573,
          -32.875189
        ]
      }
    },
    {
      "type": "Feature",
      "properties": {
        "id_estab": "14742",
        "nombre": "ESCUELA DE LENGUAJE PALABRITAS",
        "cod_comuna": "5501",
        "comuna": "QUILLOTA",
        "origen": 1,
        "tipo_estab": 2,
        "tipo_glosa": "Escuela Particular Subvencionado",
        "matricula_total": 71,
        "mat_sala_cuna": 0,
        "mat_medio": 21,
        "mat_transicion": 50,
        "slep_sostenedor": null,
        "slep_procedencia": "sin_dato"
      },
      "geometry": {
        "type": "Point",
        "coordinates": [
          -71.254814,
          -32.882263
        ]
      }
    },
    {
      "type": "Feature",
      "properties": {
        "id_estab": "14663",
        "nombre": "ESCUELA ESPECIAL ARAMDA",
        "cod_comuna": "5501",
        "comuna": "QUILLOTA",
        "origen": 1,
        "tipo_estab": 2,
        "tipo_glosa": "Escuela Particular Subvencionado",
        "matricula_total": 16,
        "mat_sala_cuna": 0,
        "mat_medio": 3,
        "mat_transicion": 13,
        "slep_sostenedor": null,
        "slep_procedencia": "sin_dato"
      },
      "geometry": {
        "type": "Point",
        "coordinates": [
          -71.24773,
          -32.89198
        ]
      }
    },
    {
      "type": "Feature",
      "properties": {
        "id_estab": "1368",
        "nombre": "COLEGIO CANADÁ",
        "cod_comuna": "5501",
        "comuna": "QUILLOTA",
        "origen": 1,
        "tipo_estab": 1,
        "tipo_glosa": "Escuela Municipal",
        "matricula_total": 31,
        "mat_sala_cuna": 0,
        "mat_medio": 0,
        "mat_transicion": 31,
        "slep_sostenedor": null,
        "slep_procedencia": "sin_dato"
      },
      "geometry": {
        "type": "Point",
        "coordinates": [
          -71.245453,
          -32.876179
        ]
      }
    },
    {
      "type": "Feature",
      "properties": {
        "id_estab": "1404",
        "nombre": "INSTITUTO RAFAEL ARIZTIA",
        "cod_comuna": "5501",
        "comuna": "QUILLOTA",
        "origen": 1,
        "tipo_estab": 3,
        "tipo_glosa": "Escuela Particular Pagado",
        "matricula_total": 117,
        "mat_sala_cuna": 0,
        "mat_medio": 0,
        "mat_transicion": 117,
        "slep_sostenedor": null,
        "slep_procedencia": "sin_dato"
      },
      "geometry": {
        "type": "Point",
        "coordinates": [
          -71.247,
          -32.88282
        ]
      }
    },
    {
      "type": "Feature",
      "properties": {
        "id_estab": "1403",
        "nombre": "COL.NTRA.SEÑORA DEL HUERTO",
        "cod_comuna": "5501",
        "comuna": "QUILLOTA",
        "origen": 1,
        "tipo_estab": 3,
        "tipo_glosa": "Escuela Particular Pagado",
        "matricula_total": 35,
        "mat_sala_cuna": 0,
        "mat_medio": 0,
        "mat_transicion": 35,
        "slep_sostenedor": null,
        "slep_procedencia": "sin_dato"
      },
      "geometry": {
        "type": "Point",
        "coordinates": [
          -71.24725,
          -32.884466
        ]
      }
    },
    {
      "type": "Feature",
      "properties": {
        "id_estab": "1390",
        "nombre": "ESCUELA BASICA LAS PATAGUAS",
        "cod_comuna": "5501",
        "comuna": "QUILLOTA",
        "origen": 1,
        "tipo_estab": 1,
        "tipo_glosa": "Escuela Municipal",
        "matricula_total": 15,
        "mat_sala_cuna": 0,
        "mat_medio": 0,
        "mat_transicion": 15,
        "slep_sostenedor": null,
        "slep_procedencia": "sin_dato"
      },
      "geometry": {
        "type": "Point",
        "coordinates": [
          -71.207382,
          -32.88409
        ]
      }
    },
    {
      "type": "Feature",
      "properties": {
        "id_estab": "1402",
        "nombre": "CENTRO EDUCACIONAL ARCO IRIS BAJO EL SOL",
        "cod_comuna": "5501",
        "comuna": "QUILLOTA",
        "origen": 1,
        "tipo_estab": 2,
        "tipo_glosa": "Escuela Particular Subvencionado",
        "matricula_total": 6,
        "mat_sala_cuna": 0,
        "mat_medio": 0,
        "mat_transicion": 6,
        "slep_sostenedor": null,
        "slep_procedencia": "sin_dato"
      },
      "geometry": {
        "type": "Point",
        "coordinates": [
          -71.243324,
          -32.87963
        ]
      }
    },
    {
      "type": "Feature",
      "properties": {
        "id_estab": "20363",
        "nombre": "ESCUELA ESPECIAL DE LENGUAJE PEQUEÑOS ARTISTAS",
        "cod_comuna": "5501",
        "comuna": "QUILLOTA",
        "origen": 1,
        "tipo_estab": 2,
        "tipo_glosa": "Escuela Particular Subvencionado",
        "matricula_total": 35,
        "mat_sala_cuna": 0,
        "mat_medio": 12,
        "mat_transicion": 23,
        "slep_sostenedor": null,
        "slep_procedencia": "sin_dato"
      },
      "geometry": {
        "type": "Point",
        "coordinates": [
          -71.24484,
          -32.87031
        ]
      }
    },
    {
      "type": "Feature",
      "properties": {
        "id_estab": "42029",
        "nombre": "COLEGIO CANEC HOSPITAL DE QUILLOTA",
        "cod_comuna": "5501",
        "comuna": "QUILLOTA",
        "origen": 1,
        "tipo_estab": 2,
        "tipo_glosa": "Escuela Particular Subvencionado",
        "matricula_total": 7,
        "mat_sala_cuna": 0,
        "mat_medio": 0,
        "mat_transicion": 7,
        "slep_sostenedor": null,
        "slep_procedencia": "sin_dato"
      },
      "geometry": {
        "type": "Point",
        "coordinates": [
          -71.257354,
          -32.879456
        ]
      }
    },
    {
      "type": "Feature",
      "properties": {
        "id_estab": "41639",
        "nombre": "JARDIN INFANTIL Y SALA CUNA OSO YOGUI",
        "cod_comuna": "5501",
        "comuna": "QUILLOTA",
        "origen": 1,
        "tipo_estab": 3,
        "tipo_glosa": "Escuela Particular Pagado",
        "matricula_total": 109,
        "mat_sala_cuna": 43,
        "mat_medio": 48,
        "mat_transicion": 18,
        "slep_sostenedor": null,
        "slep_procedencia": "sin_dato"
      },
      "geometry": {
        "type": "Point",
        "coordinates": [
          -71.242898,
          -32.879924
        ]
      }
    },
    {
      "type": "Feature",
      "properties": {
        "id_estab": "5501004",
        "nombre": "PRINCIPITO",
        "cod_comuna": "5501",
        "comuna": "QUILLOTA",
        "origen": 2,
        "tipo_estab": 5,
        "tipo_glosa": "JUNJI Administracion Directa",
        "matricula_total": 183,
        "mat_sala_cuna": 72,
        "mat_medio": 111,
        "mat_transicion": 0,
        "slep_sostenedor": null,
        "slep_procedencia": "sin_dato"
      },
      "geometry": {
        "type": "Point",
        "coordinates": [
          -71.260925,
          -32.892567
        ]
      }
    },
    {
      "type": "Feature",
      "properties": {
        "id_estab": "5501011",
        "nombre": "PEQUEÑO PARAISO",
        "cod_comuna": "5501",
        "comuna": "QUILLOTA",
        "origen": 2,
        "tipo_estab": 6,
        "tipo_glosa": "JUNJI VTF",
        "matricula_total": 98,
        "mat_sala_cuna": 37,
        "mat_medio": 61,
        "mat_transicion": 0,
        "slep_sostenedor": null,
        "slep_procedencia": "sin_dato"
      },
      "geometry": {
        "type": "Point",
        "coordinates": [
          -71.237193,
          -32.881431
        ]
      }
    },
    {
      "type": "Feature",
      "properties": {
        "id_estab": "14894",
        "nombre": "ESCUELA ESP. DE LENGUAJE MILLANTU",
        "cod_comuna": "5501",
        "comuna": "QUILLOTA",
        "origen": 1,
        "tipo_estab": 2,
        "tipo_glosa": "Escuela Particular Subvencionado",
        "matricula_total": 38,
        "mat_sala_cuna": 0,
        "mat_medio": 18,
        "mat_transicion": 20,
        "slep_sostenedor": null,
        "slep_procedencia": "sin_dato"
      },
      "geometry": {
        "type": "Point",
        "coordinates": [
          -71.244194,
          -32.873665
        ]
      }
    },
    {
      "type": "Feature",
      "properties": {
        "id_estab": "51609",
        "nombre": "AWKANTÚN",
        "cod_comuna": "5501",
        "comuna": "QUILLOTA",
        "origen": 3,
        "tipo_estab": 7,
        "tipo_glosa": "INTEGRA Administracion Directa",
        "matricula_total": 87,
        "mat_sala_cuna": 39,
        "mat_medio": 48,
        "mat_transicion": 0,
        "slep_sostenedor": null,
        "slep_procedencia": "sin_dato"
      },
      "geometry": {
        "type": "Point",
        "coordinates": [
          -71.264419,
          -32.882601
        ]
      }
    },
    {
      "type": "Feature",
      "properties": {
        "id_estab": "5501006",
        "nombre": "OSO PANDA",
        "cod_comuna": "5501",
        "comuna": "QUILLOTA",
        "origen": 2,
        "tipo_estab": 6,
        "tipo_glosa": "JUNJI VTF",
        "matricula_total": 63,
        "mat_sala_cuna": 19,
        "mat_medio": 44,
        "mat_transicion": 0,
        "slep_sostenedor": null,
        "slep_procedencia": "sin_dato"
      },
      "geometry": {
        "type": "Point",
        "coordinates": [
          -71.249522,
          -32.875048
        ]
      }
    },
    {
      "type": "Feature",
      "properties": {
        "id_estab": "1389",
        "nombre": "ESCUELA CRISTINA DURAN",
        "cod_comuna": "5501",
        "comuna": "QUILLOTA",
        "origen": 1,
        "tipo_estab": 1,
        "tipo_glosa": "Escuela Municipal",
        "matricula_total": 10,
        "mat_sala_cuna": 0,
        "mat_medio": 0,
        "mat_transicion": 10,
        "slep_sostenedor": null,
        "slep_procedencia": "sin_dato"
      },
      "geometry": {
        "type": "Point",
        "coordinates": [
          -71.308243,
          -32.891171
        ]
      }
    },
    {
      "type": "Feature",
      "properties": {
        "id_estab": "51603",
        "nombre": "CERRO MAYACA",
        "cod_comuna": "5501",
        "comuna": "QUILLOTA",
        "origen": 3,
        "tipo_estab": 7,
        "tipo_glosa": "INTEGRA Administracion Directa",
        "matricula_total": 56,
        "mat_sala_cuna": 12,
        "mat_medio": 44,
        "mat_transicion": 0,
        "slep_sostenedor": null,
        "slep_procedencia": "sin_dato"
      },
      "geometry": {
        "type": "Point",
        "coordinates": [
          -71.244284,
          -32.873634
        ]
      }
    },
    {
      "type": "Feature",
      "properties": {
        "id_estab": "51902",
        "nombre": "MÁGICO LUGAR DE SUEÑOS",
        "cod_comuna": "5501",
        "comuna": "QUILLOTA",
        "origen": 3,
        "tipo_estab": 7,
        "tipo_glosa": "INTEGRA Administracion Directa",
        "matricula_total": 16,
        "mat_sala_cuna": 0,
        "mat_medio": 13,
        "mat_transicion": 3,
        "slep_sostenedor": null,
        "slep_procedencia": "sin_dato"
      },
      "geometry": {
        "type": "Point",
        "coordinates": [
          -71.162658,
          -32.751137
        ]
      }
    },
    {
      "type": "Feature",
      "properties": {
        "id_estab": "5501009",
        "nombre": "CUNCUNITA FELIZ",
        "cod_comuna": "5501",
        "comuna": "QUILLOTA",
        "origen": 2,
        "tipo_estab": 6,
        "tipo_glosa": "JUNJI VTF",
        "matricula_total": 47,
        "mat_sala_cuna": 19,
        "mat_medio": 28,
        "mat_transicion": 0,
        "slep_sostenedor": null,
        "slep_procedencia": "sin_dato"
      },
      "geometry": {
        "type": "Point",
        "coordinates": [
          -71.25191,
          -32.884856
        ]
      }
    },
    {
      "type": "Feature",
      "properties": {
        "id_estab": "51601",
        "nombre": "LOS LÚCUMOS",
        "cod_comuna": "5501",
        "comuna": "QUILLOTA",
        "origen": 3,
        "tipo_estab": 7,
        "tipo_glosa": "INTEGRA Administracion Directa",
        "matricula_total": 70,
        "mat_sala_cuna": 12,
        "mat_medio": 58,
        "mat_transicion": 0,
        "slep_sostenedor": null,
        "slep_procedencia": "sin_dato"
      },
      "geometry": {
        "type": "Point",
        "coordinates": [
          -71.241078,
          -32.885109
        ]
      }
    },
    {
      "type": "Feature",
      "properties": {
        "id_estab": "5501010",
        "nombre": "SUEÑOS DE LUNA Y SOL",
        "cod_comuna": "5501",
        "comuna": "QUILLOTA",
        "origen": 2,
        "tipo_estab": 6,
        "tipo_glosa": "JUNJI VTF",
        "matricula_total": 68,
        "mat_sala_cuna": 20,
        "mat_medio": 48,
        "mat_transicion": 0,
        "slep_sostenedor": null,
        "slep_procedencia": "sin_dato"
      },
      "geometry": {
        "type": "Point",
        "coordinates": [
          -71.269324,
          -32.876688
        ]
      }
    },
    {
      "type": "Feature",
      "properties": {
        "id_estab": "5501012",
        "nombre": "PEQUEÑOS PINTORES/SENDERO",
        "cod_comuna": "5501",
        "comuna": "QUILLOTA",
        "origen": 2,
        "tipo_estab": 6,
        "tipo_glosa": "JUNJI VTF",
        "matricula_total": 72,
        "mat_sala_cuna": 28,
        "mat_medio": 44,
        "mat_transicion": 0,
        "slep_sostenedor": null,
        "slep_procedencia": "sin_dato"
      },
      "geometry": {
        "type": "Point",
        "coordinates": [
          -71.258622,
          -32.901827
        ]
      }
    },
    {
      "type": "Feature",
      "properties": {
        "id_estab": "42116",
        "nombre": "JARDIN INFANTIL Y SALA CUNA DE HOSPITAL BIPROVINCIAL QUILLOTA PETORCA",
        "cod_comuna": "5501",
        "comuna": "QUILLOTA",
        "origen": 1,
        "tipo_estab": 3,
        "tipo_glosa": "Escuela Particular Pagado",
        "matricula_total": 63,
        "mat_sala_cuna": 26,
        "mat_medio": 37,
        "mat_transicion": 0,
        "slep_sostenedor": null,
        "slep_procedencia": "sin_dato"
      },
      "geometry": {
        "type": "Point",
        "coordinates": [
          -71.255868,
          -32.90162
        ]
      }
    },
    {
      "type": "Feature",
      "properties": {
        "id_estab": "5501008",
        "nombre": "PUTUPUR",
        "cod_comuna": "5501",
        "comuna": "QUILLOTA",
        "origen": 2,
        "tipo_estab": 6,
        "tipo_glosa": "JUNJI VTF",
        "matricula_total": 54,
        "mat_sala_cuna": 19,
        "mat_medio": 35,
        "mat_transicion": 0,
        "slep_sostenedor": null,
        "slep_procedencia": "sin_dato"
      },
      "geometry": {
        "type": "Point",
        "coordinates": [
          -71.27199,
          -32.937435
        ]
      }
    },
    {
      "type": "Feature",
      "properties": {
        "id_estab": "51701",
        "nombre": "HEIDI",
        "cod_comuna": "5501",
        "comuna": "QUILLOTA",
        "origen": 3,
        "tipo_estab": 7,
        "tipo_glosa": "INTEGRA Administracion Directa",
        "matricula_total": 59,
        "mat_sala_cuna": 11,
        "mat_medio": 48,
        "mat_transicion": 0,
        "slep_sostenedor": null,
        "slep_procedencia": "sin_dato"
      },
      "geometry": {
        "type": "Point",
        "coordinates": [
          -71.226084,
          -32.84118
        ]
      }
    },
    {
      "type": "Feature",
      "properties": {
        "id_estab": "5501002",
        "nombre": "LOS POLLITOS",
        "cod_comuna": "5501",
        "comuna": "QUILLOTA",
        "origen": 2,
        "tipo_estab": 5,
        "tipo_glosa": "JUNJI Administracion Directa",
        "matricula_total": 115,
        "mat_sala_cuna": 63,
        "mat_medio": 52,
        "mat_transicion": 0,
        "slep_sostenedor": null,
        "slep_procedencia": "sin_dato"
      },
      "geometry": {
        "type": "Point",
        "coordinates": [
          -71.262258,
          -32.884327
        ]
      }
    },
    {
      "type": "Feature",
      "properties": {
        "id_estab": "51604",
        "nombre": "ANULÉN",
        "cod_comuna": "5501",
        "comuna": "QUILLOTA",
        "origen": 3,
        "tipo_estab": 7,
        "tipo_glosa": "INTEGRA Administracion Directa",
        "matricula_total": 18,
        "mat_sala_cuna": 0,
        "mat_medio": 16,
        "mat_transicion": 2,
        "slep_sostenedor": null,
        "slep_procedencia": "sin_dato"
      },
      "geometry": {
        "type": "Point",
        "coordinates": [
          -71.263287,
          -32.879298
        ]
      }
    },
    {
      "type": "Feature",
      "properties": {
        "id_estab": "5501013",
        "nombre": "SOL Y TIERRA/ANTUMAPU",
        "cod_comuna": "5501",
        "comuna": "QUILLOTA",
        "origen": 2,
        "tipo_estab": 6,
        "tipo_glosa": "JUNJI VTF",
        "matricula_total": 59,
        "mat_sala_cuna": 28,
        "mat_medio": 31,
        "mat_transicion": 0,
        "slep_sostenedor": null,
        "slep_procedencia": "sin_dato"
      },
      "geometry": {
        "type": "Point",
        "coordinates": [
          -71.266394,
          -32.887092
        ]
      }
    },
    {
      "type": "Feature",
      "properties": {
        "id_estab": "5501005",
        "nombre": "RUISEÑOR",
        "cod_comuna": "5501",
        "comuna": "QUILLOTA",
        "origen": 2,
        "tipo_estab": 6,
        "tipo_glosa": "JUNJI VTF",
        "matricula_total": 94,
        "mat_sala_cuna": 16,
        "mat_medio": 78,
        "mat_transicion": 0,
        "slep_sostenedor": null,
        "slep_procedencia": "sin_dato"
      },
      "geometry": {
        "type": "Point",
        "coordinates": [
          -71.244202,
          -32.89301
        ]
      }
    },
    {
      "type": "Feature",
      "properties": {
        "id_estab": "51901",
        "nombre": "EL CALERITO",
        "cod_comuna": "5501",
        "comuna": "QUILLOTA",
        "origen": 3,
        "tipo_estab": 7,
        "tipo_glosa": "INTEGRA Administracion Directa",
        "matricula_total": 39,
        "mat_sala_cuna": 0,
        "mat_medio": 39,
        "mat_transicion": 0,
        "slep_sostenedor": null,
        "slep_procedencia": "sin_dato"
      },
      "geometry": {
        "type": "Point",
        "coordinates": [
          -71.213476,
          -32.689768
        ]
      }
    },
    {
      "type": "Feature",
      "properties": {
        "id_estab": "5501007",
        "nombre": "CAPERUCITA",
        "cod_comuna": "5501",
        "comuna": "QUILLOTA",
        "origen": 2,
        "tipo_estab": 6,
        "tipo_glosa": "JUNJI VTF",
        "matricula_total": 52,
        "mat_sala_cuna": 20,
        "mat_medio": 32,
        "mat_transicion": 0,
        "slep_sostenedor": null,
        "slep_procedencia": "sin_dato"
      },
      "geometry": {
        "type": "Point",
        "coordinates": [
          -71.207318,
          -32.884347
        ]
      }
    },
    {
      "type": "Feature",
      "properties": {
        "id_estab": "51605",
        "nombre": "LA SEMILLITA",
        "cod_comuna": "5501",
        "comuna": "QUILLOTA",
        "origen": 3,
        "tipo_estab": 8,
        "tipo_glosa": "INTEGRA CAD",
        "matricula_total": 48,
        "mat_sala_cuna": 0,
        "mat_medio": 48,
        "mat_transicion": 0,
        "slep_sostenedor": null,
        "slep_procedencia": "sin_dato"
      },
      "geometry": {
        "type": "Point",
        "coordinates": [
          -71.250601,
          -32.872935
        ]
      }
    },
    {
      "type": "Feature",
      "properties": {
        "id_estab": "14800",
        "nombre": "COLEGIO ESPECIAL ARMONIA",
        "cod_comuna": "5502",
        "comuna": "CALERA",
        "origen": 1,
        "tipo_estab": 2,
        "tipo_glosa": "Escuela Particular Subvencionado",
        "matricula_total": 6,
        "mat_sala_cuna": 0,
        "mat_medio": 0,
        "mat_transicion": 6,
        "slep_sostenedor": null,
        "slep_procedencia": "sin_dato"
      },
      "geometry": {
        "type": "Point",
        "coordinates": [
          -71.194201,
          -32.788772
        ]
      }
    },
    {
      "type": "Feature",
      "properties": {
        "id_estab": "1431",
        "nombre": "ESCUELA BASICA SANTA ROSA DEL HUERTO",
        "cod_comuna": "5502",
        "comuna": "CALERA",
        "origen": 1,
        "tipo_estab": 1,
        "tipo_glosa": "Escuela Municipal",
        "matricula_total": 29,
        "mat_sala_cuna": 0,
        "mat_medio": 0,
        "mat_transicion": 29,
        "slep_sostenedor": null,
        "slep_procedencia": "sin_dato"
      },
      "geometry": {
        "type": "Point",
        "coordinates": [
          -71.214638,
          -32.789589
        ]
      }
    },
    {
      "type": "Feature",
      "properties": {
        "id_estab": "1425",
        "nombre": "LICEO BICENTENARIO COMPLEJO EDUCACIONAL LAS ACACIAS DE ARTIFICIO",
        "cod_comuna": "5502",
        "comuna": "CALERA",
        "origen": 1,
        "tipo_estab": 1,
        "tipo_glosa": "Escuela Municipal",
        "matricula_total": 33,
        "mat_sala_cuna": 0,
        "mat_medio": 0,
        "mat_transicion": 33,
        "slep_sostenedor": null,
        "slep_procedencia": "sin_dato"
      },
      "geometry": {
        "type": "Point",
        "coordinates": [
          -71.185722,
          -32.778709
        ]
      }
    },
    {
      "type": "Feature",
      "properties": {
        "id_estab": "14289",
        "nombre": "COLEGIO ADVENTISTA",
        "cod_comuna": "5502",
        "comuna": "CALERA",
        "origen": 1,
        "tipo_estab": 2,
        "tipo_glosa": "Escuela Particular Subvencionado",
        "matricula_total": 49,
        "mat_sala_cuna": 0,
        "mat_medio": 0,
        "mat_transicion": 49,
        "slep_sostenedor": null,
        "slep_procedencia": "sin_dato"
      },
      "geometry": {
        "type": "Point",
        "coordinates": [
          -71.185448,
          -32.779251
        ]
      }
    },
    {
      "type": "Feature",
      "properties": {
        "id_estab": "14782",
        "nombre": "COLEGIO ANTUMAPU",
        "cod_comuna": "5502",
        "comuna": "CALERA",
        "origen": 1,
        "tipo_estab": 2,
        "tipo_glosa": "Escuela Particular Subvencionado",
        "matricula_total": 71,
        "mat_sala_cuna": 0,
        "mat_medio": 14,
        "mat_transicion": 57,
        "slep_sostenedor": null,
        "slep_procedencia": "sin_dato"
      },
      "geometry": {
        "type": "Point",
        "coordinates": [
          -71.218132,
          -32.787319
        ]
      }
    },
    {
      "type": "Feature",
      "properties": {
        "id_estab": "14210",
        "nombre": "COLEGIO BECARB II",
        "cod_comuna": "5502",
        "comuna": "CALERA",
        "origen": 1,
        "tipo_estab": 2,
        "tipo_glosa": "Escuela Particular Subvencionado",
        "matricula_total": 46,
        "mat_sala_cuna": 0,
        "mat_medio": 0,
        "mat_transicion": 46,
        "slep_sostenedor": null,
        "slep_procedencia": "sin_dato"
      },
      "geometry": {
        "type": "Point",
        "coordinates": [
          -71.214104,
          -32.794159
        ]
      }
    },
    {
      "type": "Feature",
      "properties": {
        "id_estab": "1436",
        "nombre": "LICEO PARTICULAR SAN JOSE",
        "cod_comuna": "5502",
        "comuna": "CALERA",
        "origen": 1,
        "tipo_estab": 2,
        "tipo_glosa": "Escuela Particular Subvencionado",
        "matricula_total": 61,
        "mat_sala_cuna": 0,
        "mat_medio": 0,
        "mat_transicion": 61,
        "slep_sostenedor": null,
        "slep_procedencia": "sin_dato"
      },
      "geometry": {
        "type": "Point",
        "coordinates": [
          -71.202797,
          -32.790581
        ]
      }
    },
    {
      "type": "Feature",
      "properties": {
        "id_estab": "14212",
        "nombre": "SAINT MARY SCHOOL",
        "cod_comuna": "5502",
        "comuna": "CALERA",
        "origen": 1,
        "tipo_estab": 2,
        "tipo_glosa": "Escuela Particular Subvencionado",
        "matricula_total": 21,
        "mat_sala_cuna": 0,
        "mat_medio": 0,
        "mat_transicion": 21,
        "slep_sostenedor": null,
        "slep_procedencia": "sin_dato"
      },
      "geometry": {
        "type": "Point",
        "coordinates": [
          -71.178421,
          -32.782162
        ]
      }
    },
    {
      "type": "Feature",
      "properties": {
        "id_estab": "1430",
        "nombre": "ESCUELA BASICA GABRIELA MISTRAL",
        "cod_comuna": "5502",
        "comuna": "CALERA",
        "origen": 1,
        "tipo_estab": 1,
        "tipo_glosa": "Escuela Municipal",
        "matricula_total": 17,
        "mat_sala_cuna": 0,
        "mat_medio": 0,
        "mat_transicion": 17,
        "slep_sostenedor": null,
        "slep_procedencia": "sin_dato"
      },
      "geometry": {
        "type": "Point",
        "coordinates": [
          -71.197853,
          -32.78215
        ]
      }
    },
    {
      "type": "Feature",
      "properties": {
        "id_estab": "14935",
        "nombre": "ESCUELA ESPECIAL DE LENGUAJE CARACOLITO",
        "cod_comuna": "5502",
        "comuna": "CALERA",
        "origen": 1,
        "tipo_estab": 2,
        "tipo_glosa": "Escuela Particular Subvencionado",
        "matricula_total": 66,
        "mat_sala_cuna": 0,
        "mat_medio": 33,
        "mat_transicion": 33,
        "slep_sostenedor": null,
        "slep_procedencia": "sin_dato"
      },
      "geometry": {
        "type": "Point",
        "coordinates": [
          -71.206154,
          -32.793804
        ]
      }
    },
    {
      "type": "Feature",
      "properties": {
        "id_estab": "14649",
        "nombre": "COLEGIO SAN FRANCISCO DE ASIS",
        "cod_comuna": "5502",
        "comuna": "CALERA",
        "origen": 1,
        "tipo_estab": 2,
        "tipo_glosa": "Escuela Particular Subvencionado",
        "matricula_total": 11,
        "mat_sala_cuna": 0,
        "mat_medio": 0,
        "mat_transicion": 11,
        "slep_sostenedor": null,
        "slep_procedencia": "sin_dato"
      },
      "geometry": {
        "type": "Point",
        "coordinates": [
          -71.218338,
          -32.792629
        ]
      }
    },
    {
      "type": "Feature",
      "properties": {
        "id_estab": "14902",
        "nombre": "COLEGIO FUNDADORES DE LA CALERA",
        "cod_comuna": "5502",
        "comuna": "CALERA",
        "origen": 1,
        "tipo_estab": 3,
        "tipo_glosa": "Escuela Particular Pagado",
        "matricula_total": 32,
        "mat_sala_cuna": 0,
        "mat_medio": 0,
        "mat_transicion": 32,
        "slep_sostenedor": null,
        "slep_procedencia": "sin_dato"
      },
      "geometry": {
        "type": "Point",
        "coordinates": [
          -71.204871,
          -32.793326
        ]
      }
    },
    {
      "type": "Feature",
      "properties": {
        "id_estab": "14930",
        "nombre": "ESCUELA ESPECIAL DE LENGUAJE MANANTIAL",
        "cod_comuna": "5502",
        "comuna": "CALERA",
        "origen": 1,
        "tipo_estab": 2,
        "tipo_glosa": "Escuela Particular Subvencionado",
        "matricula_total": 75,
        "mat_sala_cuna": 0,
        "mat_medio": 27,
        "mat_transicion": 48,
        "slep_sostenedor": null,
        "slep_procedencia": "sin_dato"
      },
      "geometry": {
        "type": "Point",
        "coordinates": [
          -71.194907,
          -32.776875
        ]
      }
    },
    {
      "type": "Feature",
      "properties": {
        "id_estab": "11224",
        "nombre": "COLEGIO PARTICULAR BECARB",
        "cod_comuna": "5502",
        "comuna": "CALERA",
        "origen": 1,
        "tipo_estab": 2,
        "tipo_glosa": "Escuela Particular Subvencionado",
        "matricula_total": 25,
        "mat_sala_cuna": 0,
        "mat_medio": 0,
        "mat_transicion": 25,
        "slep_sostenedor": null,
        "slep_procedencia": "sin_dato"
      },
      "geometry": {
        "type": "Point",
        "coordinates": [
          -71.209244,
          -32.79261
        ]
      }
    },
    {
      "type": "Feature",
      "properties": {
        "id_estab": "14268",
        "nombre": "ESCUELA DE PARVULOS MIGUEL FENOLLERA",
        "cod_comuna": "5502",
        "comuna": "CALERA",
        "origen": 1,
        "tipo_estab": 2,
        "tipo_glosa": "Escuela Particular Subvencionado",
        "matricula_total": 48,
        "mat_sala_cuna": 0,
        "mat_medio": 0,
        "mat_transicion": 48,
        "slep_sostenedor": null,
        "slep_procedencia": "sin_dato"
      },
      "geometry": {
        "type": "Point",
        "coordinates": [
          -71.1884,
          -32.789173
        ]
      }
    },
    {
      "type": "Feature",
      "properties": {
        "id_estab": "14929",
        "nombre": "ESCUELA ESPECIAL DE LENGUAJE KUMELEN",
        "cod_comuna": "5502",
        "comuna": "CALERA",
        "origen": 1,
        "tipo_estab": 2,
        "tipo_glosa": "Escuela Particular Subvencionado",
        "matricula_total": 70,
        "mat_sala_cuna": 0,
        "mat_medio": 21,
        "mat_transicion": 49,
        "slep_sostenedor": null,
        "slep_procedencia": "sin_dato"
      },
      "geometry": {
        "type": "Point",
        "coordinates": [
          -71.21631,
          -32.793476
        ]
      }
    },
    {
      "type": "Feature",
      "properties": {
        "id_estab": "14506",
        "nombre": "COLEGIO APUMANQUE",
        "cod_comuna": "5502",
        "comuna": "CALERA",
        "origen": 1,
        "tipo_estab": 2,
        "tipo_glosa": "Escuela Particular Subvencionado",
        "matricula_total": 142,
        "mat_sala_cuna": 0,
        "mat_medio": 0,
        "mat_transicion": 142,
        "slep_sostenedor": null,
        "slep_procedencia": "sin_dato"
      },
      "geometry": {
        "type": "Point",
        "coordinates": [
          -71.203621,
          -32.792591
        ]
      }
    },
    {
      "type": "Feature",
      "properties": {
        "id_estab": "1424",
        "nombre": "COLEGIO MUNICIPAL IRMA SAPIAIN SAPIAIN",
        "cod_comuna": "5502",
        "comuna": "CALERA",
        "origen": 1,
        "tipo_estab": 1,
        "tipo_glosa": "Escuela Municipal",
        "matricula_total": 29,
        "mat_sala_cuna": 0,
        "mat_medio": 0,
        "mat_transicion": 29,
        "slep_sostenedor": null,
        "slep_procedencia": "sin_dato"
      },
      "geometry": {
        "type": "Point",
        "coordinates": [
          -71.190727,
          -32.787628
        ]
      }
    },
    {
      "type": "Feature",
      "properties": {
        "id_estab": "1437",
        "nombre": "COLEGIO TERESA BROWN DE ARIZTIA",
        "cod_comuna": "5502",
        "comuna": "CALERA",
        "origen": 1,
        "tipo_estab": 2,
        "tipo_glosa": "Escuela Particular Subvencionado",
        "matricula_total": 57,
        "mat_sala_cuna": 0,
        "mat_medio": 0,
        "mat_transicion": 57,
        "slep_sostenedor": null,
        "slep_procedencia": "sin_dato"
      },
      "geometry": {
        "type": "Point",
        "coordinates": [
          -71.201752,
          -32.78986
        ]
      }
    },
    {
      "type": "Feature",
      "properties": {
        "id_estab": "11240",
        "nombre": "ESCUELA SAN GABRIEL DE LA RIVERA",
        "cod_comuna": "5502",
        "comuna": "CALERA",
        "origen": 1,
        "tipo_estab": 2,
        "tipo_glosa": "Escuela Particular Subvencionado",
        "matricula_total": 99,
        "mat_sala_cuna": 0,
        "mat_medio": 0,
        "mat_transicion": 99,
        "slep_sostenedor": null,
        "slep_procedencia": "sin_dato"
      },
      "geometry": {
        "type": "Point",
        "coordinates": [
          -71.195923,
          -32.78915
        ]
      }
    },
    {
      "type": "Feature",
      "properties": {
        "id_estab": "1427",
        "nombre": "ESCUELA BASICA PALESTINA",
        "cod_comuna": "5502",
        "comuna": "CALERA",
        "origen": 1,
        "tipo_estab": 1,
        "tipo_glosa": "Escuela Municipal",
        "matricula_total": 40,
        "mat_sala_cuna": 0,
        "mat_medio": 0,
        "mat_transicion": 40,
        "slep_sostenedor": null,
        "slep_procedencia": "sin_dato"
      },
      "geometry": {
        "type": "Point",
        "coordinates": [
          -71.185272,
          -32.790249
        ]
      }
    },
    {
      "type": "Feature",
      "properties": {
        "id_estab": "14666",
        "nombre": "COLEGIO ESPECIAL DE LENGUAJE LOS CAPULLITOS",
        "cod_comuna": "5502",
        "comuna": "CALERA",
        "origen": 1,
        "tipo_estab": 2,
        "tipo_glosa": "Escuela Particular Subvencionado",
        "matricula_total": 42,
        "mat_sala_cuna": 0,
        "mat_medio": 22,
        "mat_transicion": 20,
        "slep_sostenedor": null,
        "slep_procedencia": "sin_dato"
      },
      "geometry": {
        "type": "Point",
        "coordinates": [
          -71.19542,
          -32.78482
        ]
      }
    },
    {
      "type": "Feature",
      "properties": {
        "id_estab": "1423",
        "nombre": "ESCUELA BASICA JOSEFINA HUICI",
        "cod_comuna": "5502",
        "comuna": "CALERA",
        "origen": 1,
        "tipo_estab": 1,
        "tipo_glosa": "Escuela Municipal",
        "matricula_total": 14,
        "mat_sala_cuna": 0,
        "mat_medio": 0,
        "mat_transicion": 14,
        "slep_sostenedor": null,
        "slep_procedencia": "sin_dato"
      },
      "geometry": {
        "type": "Point",
        "coordinates": [
          -71.191689,
          -32.784889
        ]
      }
    },
    {
      "type": "Feature",
      "properties": {
        "id_estab": "1433",
        "nombre": "ESCUELA BASICA EL LIBERTADOR",
        "cod_comuna": "5502",
        "comuna": "CALERA",
        "origen": 1,
        "tipo_estab": 1,
        "tipo_glosa": "Escuela Municipal",
        "matricula_total": 11,
        "mat_sala_cuna": 0,
        "mat_medio": 0,
        "mat_transicion": 11,
        "slep_sostenedor": null,
        "slep_procedencia": "sin_dato"
      },
      "geometry": {
        "type": "Point",
        "coordinates": [
          -71.209541,
          -32.787441
        ]
      }
    },
    {
      "type": "Feature",
      "properties": {
        "id_estab": "1435",
        "nombre": "ESCUELA BASICA VILLA LA FLORIDA",
        "cod_comuna": "5502",
        "comuna": "CALERA",
        "origen": 1,
        "tipo_estab": 1,
        "tipo_glosa": "Escuela Municipal",
        "matricula_total": 23,
        "mat_sala_cuna": 0,
        "mat_medio": 0,
        "mat_transicion": 23,
        "slep_sostenedor": null,
        "slep_procedencia": "sin_dato"
      },
      "geometry": {
        "type": "Point",
        "coordinates": [
          -71.175339,
          -32.80611
        ]
      }
    },
    {
      "type": "Feature",
      "properties": {
        "id_estab": "14837",
        "nombre": "JARDIN INFANTIL BURBUJITAS",
        "cod_comuna": "5502",
        "comuna": "CALERA",
        "origen": 1,
        "tipo_estab": 2,
        "tipo_glosa": "Escuela Particular Subvencionado",
        "matricula_total": 35,
        "mat_sala_cuna": 0,
        "mat_medio": 0,
        "mat_transicion": 35,
        "slep_sostenedor": null,
        "slep_procedencia": "sin_dato"
      },
      "geometry": {
        "type": "Point",
        "coordinates": [
          -71.2124,
          -32.78645
        ]
      }
    },
    {
      "type": "Feature",
      "properties": {
        "id_estab": "1394",
        "nombre": "ESCUELA PART. SAGRADOS CORAZONES",
        "cod_comuna": "5502",
        "comuna": "CALERA",
        "origen": 1,
        "tipo_estab": 2,
        "tipo_glosa": "Escuela Particular Subvencionado",
        "matricula_total": 13,
        "mat_sala_cuna": 0,
        "mat_medio": 0,
        "mat_transicion": 13,
        "slep_sostenedor": null,
        "slep_procedencia": "sin_dato"
      },
      "geometry": {
        "type": "Point",
        "coordinates": [
          -71.223557,
          -32.791168
        ]
      }
    },
    {
      "type": "Feature",
      "properties": {
        "id_estab": "14938",
        "nombre": "ESCUELA ESPECIAL DE LENGUAJE AITUE",
        "cod_comuna": "5502",
        "comuna": "CALERA",
        "origen": 1,
        "tipo_estab": 2,
        "tipo_glosa": "Escuela Particular Subvencionado",
        "matricula_total": 68,
        "mat_sala_cuna": 0,
        "mat_medio": 31,
        "mat_transicion": 37,
        "slep_sostenedor": null,
        "slep_procedencia": "sin_dato"
      },
      "geometry": {
        "type": "Point",
        "coordinates": [
          -71.20991,
          -32.791817
        ]
      }
    },
    {
      "type": "Feature",
      "properties": {
        "id_estab": "40187",
        "nombre": "PARVULARIO HAPPY CHILDREN",
        "cod_comuna": "5502",
        "comuna": "CALERA",
        "origen": 1,
        "tipo_estab": 2,
        "tipo_glosa": "Escuela Particular Subvencionado",
        "matricula_total": 7,
        "mat_sala_cuna": 0,
        "mat_medio": 0,
        "mat_transicion": 7,
        "slep_sostenedor": null,
        "slep_procedencia": "sin_dato"
      },
      "geometry": {
        "type": "Point",
        "coordinates": [
          -71.21969,
          -32.796635
        ]
      }
    },
    {
      "type": "Feature",
      "properties": {
        "id_estab": "1461",
        "nombre": "ESCUELA MONTE CARMELO",
        "cod_comuna": "5502",
        "comuna": "CALERA",
        "origen": 1,
        "tipo_estab": 1,
        "tipo_glosa": "Escuela Municipal",
        "matricula_total": 16,
        "mat_sala_cuna": 0,
        "mat_medio": 0,
        "mat_transicion": 16,
        "slep_sostenedor": null,
        "slep_procedencia": "sin_dato"
      },
      "geometry": {
        "type": "Point",
        "coordinates": [
          -71.177193,
          -32.81678
        ]
      }
    },
    {
      "type": "Feature",
      "properties": {
        "id_estab": "14411",
        "nombre": "ESCUELA DE PARVULOS ANNY SCHOOL",
        "cod_comuna": "5502",
        "comuna": "CALERA",
        "origen": 1,
        "tipo_estab": 2,
        "tipo_glosa": "Escuela Particular Subvencionado",
        "matricula_total": 18,
        "mat_sala_cuna": 0,
        "mat_medio": 0,
        "mat_transicion": 18,
        "slep_sostenedor": null,
        "slep_procedencia": "sin_dato"
      },
      "geometry": {
        "type": "Point",
        "coordinates": [
          -71.21543,
          -32.792656
        ]
      }
    },
    {
      "type": "Feature",
      "properties": {
        "id_estab": "40379",
        "nombre": "ESC.ESPEC.DE LENGUAJE PEQUEÑOS REYES",
        "cod_comuna": "5502",
        "comuna": "CALERA",
        "origen": 1,
        "tipo_estab": 2,
        "tipo_glosa": "Escuela Particular Subvencionado",
        "matricula_total": 43,
        "mat_sala_cuna": 0,
        "mat_medio": 15,
        "mat_transicion": 28,
        "slep_sostenedor": null,
        "slep_procedencia": "sin_dato"
      },
      "geometry": {
        "type": "Point",
        "coordinates": [
          -71.19126,
          -32.785526
        ]
      }
    },
    {
      "type": "Feature",
      "properties": {
        "id_estab": "14810",
        "nombre": "COLEGIO DE LENGUAJE AYELEN",
        "cod_comuna": "5502",
        "comuna": "CALERA",
        "origen": 1,
        "tipo_estab": 2,
        "tipo_glosa": "Escuela Particular Subvencionado",
        "matricula_total": 33,
        "mat_sala_cuna": 0,
        "mat_medio": 12,
        "mat_transicion": 21,
        "slep_sostenedor": null,
        "slep_procedencia": "sin_dato"
      },
      "geometry": {
        "type": "Point",
        "coordinates": [
          -71.18384,
          -32.77842
        ]
      }
    },
    {
      "type": "Feature",
      "properties": {
        "id_estab": "51804",
        "nombre": "ESTRELLA SOLITARIA",
        "cod_comuna": "5502",
        "comuna": "CALERA",
        "origen": 3,
        "tipo_estab": 7,
        "tipo_glosa": "INTEGRA Administracion Directa",
        "matricula_total": 99,
        "mat_sala_cuna": 30,
        "mat_medio": 69,
        "mat_transicion": 0,
        "slep_sostenedor": null,
        "slep_procedencia": "sin_dato"
      },
      "geometry": {
        "type": "Point",
        "coordinates": [
          -71.201843,
          -32.783902
        ]
      }
    },
    {
      "type": "Feature",
      "properties": {
        "id_estab": "5502006",
        "nombre": "REPUBLICA PALESTINA",
        "cod_comuna": "5502",
        "comuna": "CALERA",
        "origen": 2,
        "tipo_estab": 6,
        "tipo_glosa": "JUNJI VTF",
        "matricula_total": 57,
        "mat_sala_cuna": 21,
        "mat_medio": 36,
        "mat_transicion": 0,
        "slep_sostenedor": null,
        "slep_procedencia": "sin_dato"
      },
      "geometry": {
        "type": "Point",
        "coordinates": [
          -71.185383,
          -32.790747
        ]
      }
    },
    {
      "type": "Feature",
      "properties": {
        "id_estab": "5502008",
        "nombre": "PEDRO DE VALDIVIA",
        "cod_comuna": "5502",
        "comuna": "CALERA",
        "origen": 2,
        "tipo_estab": 6,
        "tipo_glosa": "JUNJI VTF",
        "matricula_total": 43,
        "mat_sala_cuna": 17,
        "mat_medio": 26,
        "mat_transicion": 0,
        "slep_sostenedor": null,
        "slep_procedencia": "sin_dato"
      },
      "geometry": {
        "type": "Point",
        "coordinates": [
          -71.19869,
          -32.7869
        ]
      }
    },
    {
      "type": "Feature",
      "properties": {
        "id_estab": "51808",
        "nombre": "CAL Y SOL",
        "cod_comuna": "5502",
        "comuna": "CALERA",
        "origen": 3,
        "tipo_estab": 7,
        "tipo_glosa": "INTEGRA Administracion Directa",
        "matricula_total": 173,
        "mat_sala_cuna": 61,
        "mat_medio": 112,
        "mat_transicion": 0,
        "slep_sostenedor": null,
        "slep_procedencia": "sin_dato"
      },
      "geometry": {
        "type": "Point",
        "coordinates": [
          -71.216414,
          -32.797386
        ]
      }
    },
    {
      "type": "Feature",
      "properties": {
        "id_estab": "5502001",
        "nombre": "ALEGRE DESPERTAR",
        "cod_comuna": "5502",
        "comuna": "CALERA",
        "origen": 2,
        "tipo_estab": 5,
        "tipo_glosa": "JUNJI Administracion Directa",
        "matricula_total": 30,
        "mat_sala_cuna": 3,
        "mat_medio": 27,
        "mat_transicion": 0,
        "slep_sostenedor": null,
        "slep_procedencia": "sin_dato"
      },
      "geometry": {
        "type": "Point",
        "coordinates": [
          -71.209849,
          -32.788851
        ]
      }
    },
    {
      "type": "Feature",
      "properties": {
        "id_estab": "51807",
        "nombre": "AYÜN",
        "cod_comuna": "5502",
        "comuna": "CALERA",
        "origen": 3,
        "tipo_estab": 7,
        "tipo_glosa": "INTEGRA Administracion Directa",
        "matricula_total": 69,
        "mat_sala_cuna": 29,
        "mat_medio": 40,
        "mat_transicion": 0,
        "slep_sostenedor": null,
        "slep_procedencia": "sin_dato"
      },
      "geometry": {
        "type": "Point",
        "coordinates": [
          -71.19335,
          -32.77608
        ]
      }
    },
    {
      "type": "Feature",
      "properties": {
        "id_estab": "5502002",
        "nombre": "LAS ACACIAS",
        "cod_comuna": "5502",
        "comuna": "CALERA",
        "origen": 2,
        "tipo_estab": 6,
        "tipo_glosa": "JUNJI VTF",
        "matricula_total": 34,
        "mat_sala_cuna": 13,
        "mat_medio": 21,
        "mat_transicion": 0,
        "slep_sostenedor": null,
        "slep_procedencia": "sin_dato"
      },
      "geometry": {
        "type": "Point",
        "coordinates": [
          -71.185609,
          -32.778841
        ]
      }
    },
    {
      "type": "Feature",
      "properties": {
        "id_estab": "5502005",
        "nombre": "JOSEFINA HUICI",
        "cod_comuna": "5502",
        "comuna": "CALERA",
        "origen": 2,
        "tipo_estab": 6,
        "tipo_glosa": "JUNJI VTF",
        "matricula_total": 36,
        "mat_sala_cuna": 15,
        "mat_medio": 21,
        "mat_transicion": 0,
        "slep_sostenedor": null,
        "slep_procedencia": "sin_dato"
      },
      "geometry": {
        "type": "Point",
        "coordinates": [
          -71.191564,
          -32.784969
        ]
      }
    },
    {
      "type": "Feature",
      "properties": {
        "id_estab": "5502009",
        "nombre": "VILLA OHIGGINS",
        "cod_comuna": "5502",
        "comuna": "CALERA",
        "origen": 2,
        "tipo_estab": 6,
        "tipo_glosa": "JUNJI VTF",
        "matricula_total": 45,
        "mat_sala_cuna": 14,
        "mat_medio": 31,
        "mat_transicion": 0,
        "slep_sostenedor": null,
        "slep_procedencia": "sin_dato"
      },
      "geometry": {
        "type": "Point",
        "coordinates": [
          -71.21861,
          -32.796558
        ]
      }
    },
    {
      "type": "Feature",
      "properties": {
        "id_estab": "5502004",
        "nombre": "LOS AROMITOS",
        "cod_comuna": "5502",
        "comuna": "CALERA",
        "origen": 2,
        "tipo_estab": 6,
        "tipo_glosa": "JUNJI VTF",
        "matricula_total": 33,
        "mat_sala_cuna": 12,
        "mat_medio": 21,
        "mat_transicion": 0,
        "slep_sostenedor": null,
        "slep_procedencia": "sin_dato"
      },
      "geometry": {
        "type": "Point",
        "coordinates": [
          -71.175406,
          -32.805959
        ]
      }
    },
    {
      "type": "Feature",
      "properties": {
        "id_estab": "5502011",
        "nombre": "LA ARBOLEDA",
        "cod_comuna": "5502",
        "comuna": "CALERA",
        "origen": 2,
        "tipo_estab": 6,
        "tipo_glosa": "JUNJI VTF",
        "matricula_total": 49,
        "mat_sala_cuna": 20,
        "mat_medio": 29,
        "mat_transicion": 0,
        "slep_sostenedor": null,
        "slep_procedencia": "sin_dato"
      },
      "geometry": {
        "type": "Point",
        "coordinates": [
          -71.177653,
          -32.782733
        ]
      }
    },
    {
      "type": "Feature",
      "properties": {
        "id_estab": "5502003",
        "nombre": "SANTA ROSA DEL HUERTO",
        "cod_comuna": "5502",
        "comuna": "CALERA",
        "origen": 2,
        "tipo_estab": 6,
        "tipo_glosa": "JUNJI VTF",
        "matricula_total": 44,
        "mat_sala_cuna": 19,
        "mat_medio": 25,
        "mat_transicion": 0,
        "slep_sostenedor": null,
        "slep_procedencia": "sin_dato"
      },
      "geometry": {
        "type": "Point",
        "coordinates": [
          -71.214744,
          -32.790093
        ]
      }
    },
    {
      "type": "Feature",
      "properties": {
        "id_estab": "50201",
        "nombre": "JORGE SABAL RABI",
        "cod_comuna": "5502",
        "comuna": "CALERA",
        "origen": 3,
        "tipo_estab": 7,
        "tipo_glosa": "INTEGRA Administracion Directa",
        "matricula_total": 21,
        "mat_sala_cuna": 0,
        "mat_medio": 17,
        "mat_transicion": 4,
        "slep_sostenedor": null,
        "slep_procedencia": "sin_dato"
      },
      "geometry": {
        "type": "Point",
        "coordinates": [
          -70.853997,
          -32.231605
        ]
      }
    },
    {
      "type": "Feature",
      "properties": {
        "id_estab": "5502010",
        "nombre": "LOS PITUFOS",
        "cod_comuna": "5502",
        "comuna": "CALERA",
        "origen": 2,
        "tipo_estab": 6,
        "tipo_glosa": "JUNJI VTF",
        "matricula_total": 26,
        "mat_sala_cuna": 12,
        "mat_medio": 14,
        "mat_transicion": 0,
        "slep_sostenedor": null,
        "slep_procedencia": "sin_dato"
      },
      "geometry": {
        "type": "Point",
        "coordinates": [
          -71.196889,
          -32.769199
        ]
      }
    },
    {
      "type": "Feature",
      "properties": {
        "id_estab": "50202",
        "nombre": "RAYITO DE LUNA",
        "cod_comuna": "5502",
        "comuna": "CALERA",
        "origen": 3,
        "tipo_estab": 7,
        "tipo_glosa": "INTEGRA Administracion Directa",
        "matricula_total": 17,
        "mat_sala_cuna": 0,
        "mat_medio": 12,
        "mat_transicion": 5,
        "slep_sostenedor": null,
        "slep_procedencia": "sin_dato"
      },
      "geometry": {
        "type": "Point",
        "coordinates": [
          -70.972561,
          -32.284127
        ]
      }
    },
    {
      "type": "Feature",
      "properties": {
        "id_estab": "5502007",
        "nombre": "SAN ALBERTO HURTADO",
        "cod_comuna": "5502",
        "comuna": "CALERA",
        "origen": 2,
        "tipo_estab": 6,
        "tipo_glosa": "JUNJI VTF",
        "matricula_total": 16,
        "mat_sala_cuna": 0,
        "mat_medio": 16,
        "mat_transicion": 0,
        "slep_sostenedor": null,
        "slep_procedencia": "sin_dato"
      },
      "geometry": {
        "type": "Point",
        "coordinates": [
          -71.192694,
          -32.794778
        ]
      }
    },
    {
      "type": "Feature",
      "properties": {
        "id_estab": "5502012",
        "nombre": "EL BOSQUE EDUCATIVO",
        "cod_comuna": "5502",
        "comuna": "CALERA",
        "origen": 2,
        "tipo_estab": 5,
        "tipo_glosa": "JUNJI Administracion Directa",
        "matricula_total": 36,
        "mat_sala_cuna": 23,
        "mat_medio": 13,
        "mat_transicion": 0,
        "slep_sostenedor": null,
        "slep_procedencia": "sin_dato"
      },
      "geometry": {
        "type": "Point",
        "coordinates": [
          -71.1932,
          -32.774099
        ]
      }
    },
    {
      "type": "Feature",
      "properties": {
        "id_estab": "50401",
        "nombre": "S.C. LOS PINGÜINITOS DE CACHAGUA",
        "cod_comuna": "5502",
        "comuna": "CALERA",
        "origen": 3,
        "tipo_estab": 7,
        "tipo_glosa": "INTEGRA Administracion Directa",
        "matricula_total": 12,
        "mat_sala_cuna": 12,
        "mat_medio": 0,
        "mat_transicion": 0,
        "slep_sostenedor": null,
        "slep_procedencia": "sin_dato"
      },
      "geometry": {
        "type": "Point",
        "coordinates": [
          -71.448809,
          -32.575641
        ]
      }
    },
    {
      "type": "Feature",
      "properties": {
        "id_estab": "11177",
        "nombre": "COLEGIO PARROQUIAL SAN NICOLAS",
        "cod_comuna": "5503",
        "comuna": "HIJUELAS",
        "origen": 1,
        "tipo_estab": 2,
        "tipo_glosa": "Escuela Particular Subvencionado",
        "matricula_total": 85,
        "mat_sala_cuna": 0,
        "mat_medio": 0,
        "mat_transicion": 85,
        "slep_sostenedor": null,
        "slep_procedencia": "sin_dato"
      },
      "geometry": {
        "type": "Point",
        "coordinates": [
          -71.145668,
          -32.799671
        ]
      }
    },
    {
      "type": "Feature",
      "properties": {
        "id_estab": "1454",
        "nombre": "ESCUELA ADRIANA RIQUELME NUNEZ",
        "cod_comuna": "5503",
        "comuna": "HIJUELAS",
        "origen": 1,
        "tipo_estab": 1,
        "tipo_glosa": "Escuela Municipal",
        "matricula_total": 24,
        "mat_sala_cuna": 0,
        "mat_medio": 0,
        "mat_transicion": 24,
        "slep_sostenedor": null,
        "slep_procedencia": "sin_dato"
      },
      "geometry": {
        "type": "Point",
        "coordinates": [
          -71.115013,
          -32.83429
        ]
      }
    },
    {
      "type": "Feature",
      "properties": {
        "id_estab": "1453",
        "nombre": "LICEO MUNICIPAL LUIS LABORDA",
        "cod_comuna": "5503",
        "comuna": "HIJUELAS",
        "origen": 1,
        "tipo_estab": 1,
        "tipo_glosa": "Escuela Municipal",
        "matricula_total": 48,
        "mat_sala_cuna": 0,
        "mat_medio": 0,
        "mat_transicion": 48,
        "slep_sostenedor": null,
        "slep_procedencia": "sin_dato"
      },
      "geometry": {
        "type": "Point",
        "coordinates": [
          -71.14489,
          -32.80209
        ]
      }
    },
    {
      "type": "Feature",
      "properties": {
        "id_estab": "14737",
        "nombre": "CTRO EDUCAT INTEGRAL RAYEN",
        "cod_comuna": "5503",
        "comuna": "HIJUELAS",
        "origen": 1,
        "tipo_estab": 2,
        "tipo_glosa": "Escuela Particular Subvencionado",
        "matricula_total": 112,
        "mat_sala_cuna": 0,
        "mat_medio": 30,
        "mat_transicion": 82,
        "slep_sostenedor": null,
        "slep_procedencia": "sin_dato"
      },
      "geometry": {
        "type": "Point",
        "coordinates": [
          -71.145638,
          -32.80304
        ]
      }
    },
    {
      "type": "Feature",
      "properties": {
        "id_estab": "1458",
        "nombre": "ESCUELA BASICA LA SOMBRA",
        "cod_comuna": "5503",
        "comuna": "HIJUELAS",
        "origen": 1,
        "tipo_estab": 1,
        "tipo_glosa": "Escuela Municipal",
        "matricula_total": 15,
        "mat_sala_cuna": 0,
        "mat_medio": 0,
        "mat_transicion": 15,
        "slep_sostenedor": null,
        "slep_procedencia": "sin_dato"
      },
      "geometry": {
        "type": "Point",
        "coordinates": [
          -71.062714,
          -32.826511
        ]
      }
    },
    {
      "type": "Feature",
      "properties": {
        "id_estab": "1457",
        "nombre": "ESCUELA BASICA BENJAMIN MATTE LARRAIN",
        "cod_comuna": "5503",
        "comuna": "HIJUELAS",
        "origen": 1,
        "tipo_estab": 1,
        "tipo_glosa": "Escuela Municipal",
        "matricula_total": 30,
        "mat_sala_cuna": 0,
        "mat_medio": 0,
        "mat_transicion": 30,
        "slep_sostenedor": null,
        "slep_procedencia": "sin_dato"
      },
      "geometry": {
        "type": "Point",
        "coordinates": [
          -71.085533,
          -32.844521
        ]
      }
    },
    {
      "type": "Feature",
      "properties": {
        "id_estab": "1459",
        "nombre": "ESCUELA BASICA RABUCO",
        "cod_comuna": "5503",
        "comuna": "HIJUELAS",
        "origen": 1,
        "tipo_estab": 1,
        "tipo_glosa": "Escuela Municipal",
        "matricula_total": 44,
        "mat_sala_cuna": 0,
        "mat_medio": 0,
        "mat_transicion": 44,
        "slep_sostenedor": null,
        "slep_procedencia": "sin_dato"
      },
      "geometry": {
        "type": "Point",
        "coordinates": [
          -71.117821,
          -32.850231
        ]
      }
    },
    {
      "type": "Feature",
      "properties": {
        "id_estab": "1455",
        "nombre": "ESCUELA MONICA HURTADO EDWARDS",
        "cod_comuna": "5503",
        "comuna": "HIJUELAS",
        "origen": 1,
        "tipo_estab": 1,
        "tipo_glosa": "Escuela Municipal",
        "matricula_total": 19,
        "mat_sala_cuna": 0,
        "mat_medio": 0,
        "mat_transicion": 19,
        "slep_sostenedor": null,
        "slep_procedencia": "sin_dato"
      },
      "geometry": {
        "type": "Point",
        "coordinates": [
          -71.168182,
          -32.796741
        ]
      }
    },
    {
      "type": "Feature",
      "properties": {
        "id_estab": "14731",
        "nombre": "CENTRO INTEGRAL EDUCACIONAL NUESTRA SEÑORA DEL ENCUENTRO",
        "cod_comuna": "5503",
        "comuna": "HIJUELAS",
        "origen": 1,
        "tipo_estab": 2,
        "tipo_glosa": "Escuela Particular Subvencionado",
        "matricula_total": 13,
        "mat_sala_cuna": 0,
        "mat_medio": 5,
        "mat_transicion": 8,
        "slep_sostenedor": null,
        "slep_procedencia": "sin_dato"
      },
      "geometry": {
        "type": "Point",
        "coordinates": [
          -71.14189,
          -32.808247
        ]
      }
    },
    {
      "type": "Feature",
      "properties": {
        "id_estab": "1462",
        "nombre": "ESCUELA BASICA LOS TILOS DE HUALCAPO",
        "cod_comuna": "5503",
        "comuna": "HIJUELAS",
        "origen": 1,
        "tipo_estab": 1,
        "tipo_glosa": "Escuela Municipal",
        "matricula_total": 18,
        "mat_sala_cuna": 0,
        "mat_medio": 0,
        "mat_transicion": 18,
        "slep_sostenedor": null,
        "slep_procedencia": "sin_dato"
      },
      "geometry": {
        "type": "Point",
        "coordinates": [
          -71.099037,
          -32.88068
        ]
      }
    },
    {
      "type": "Feature",
      "properties": {
        "id_estab": "5503001",
        "nombre": "LAS FLORCITAS",
        "cod_comuna": "5503",
        "comuna": "HIJUELAS",
        "origen": 2,
        "tipo_estab": 6,
        "tipo_glosa": "JUNJI VTF",
        "matricula_total": 96,
        "mat_sala_cuna": 35,
        "mat_medio": 61,
        "mat_transicion": 0,
        "slep_sostenedor": null,
        "slep_procedencia": "sin_dato"
      },
      "geometry": {
        "type": "Point",
        "coordinates": [
          -71.14908,
          -32.79043
        ]
      }
    },
    {
      "type": "Feature",
      "properties": {
        "id_estab": "51801",
        "nombre": "ESTRELLITA LUMINOSA",
        "cod_comuna": "5503",
        "comuna": "HIJUELAS",
        "origen": 3,
        "tipo_estab": 7,
        "tipo_glosa": "INTEGRA Administracion Directa",
        "matricula_total": 77,
        "mat_sala_cuna": 29,
        "mat_medio": 48,
        "mat_transicion": 0,
        "slep_sostenedor": null,
        "slep_procedencia": "sin_dato"
      },
      "geometry": {
        "type": "Point",
        "coordinates": [
          -71.187943,
          -32.786121
        ]
      }
    },
    {
      "type": "Feature",
      "properties": {
        "id_estab": "1456",
        "nombre": "ESCUELA ANA JESUS IBACACHE",
        "cod_comuna": "5503",
        "comuna": "HIJUELAS",
        "origen": 1,
        "tipo_estab": 1,
        "tipo_glosa": "Escuela Municipal",
        "matricula_total": 16,
        "mat_sala_cuna": 0,
        "mat_medio": 0,
        "mat_transicion": 16,
        "slep_sostenedor": null,
        "slep_procedencia": "sin_dato"
      },
      "geometry": {
        "type": "Point",
        "coordinates": [
          -71.015091,
          -32.826172
        ]
      }
    },
    {
      "type": "Feature",
      "properties": {
        "id_estab": "5503002",
        "nombre": "ILUSION",
        "cod_comuna": "5503",
        "comuna": "HIJUELAS",
        "origen": 2,
        "tipo_estab": 6,
        "tipo_glosa": "JUNJI VTF",
        "matricula_total": 48,
        "mat_sala_cuna": 20,
        "mat_medio": 28,
        "mat_transicion": 0,
        "slep_sostenedor": null,
        "slep_procedencia": "sin_dato"
      },
      "geometry": {
        "type": "Point",
        "coordinates": [
          -71.115116,
          -32.83479
        ]
      }
    },
    {
      "type": "Feature",
      "properties": {
        "id_estab": "5503003",
        "nombre": "LOS RABUQUITOS",
        "cod_comuna": "5503",
        "comuna": "HIJUELAS",
        "origen": 2,
        "tipo_estab": 6,
        "tipo_glosa": "JUNJI VTF",
        "matricula_total": 53,
        "mat_sala_cuna": 20,
        "mat_medio": 33,
        "mat_transicion": 0,
        "slep_sostenedor": null,
        "slep_procedencia": "sin_dato"
      },
      "geometry": {
        "type": "Point",
        "coordinates": [
          -71.117984,
          -32.850205
        ]
      }
    },
    {
      "type": "Feature",
      "properties": {
        "id_estab": "5503005",
        "nombre": "LOS TRENCITOS DE OCOA",
        "cod_comuna": "5503",
        "comuna": "HIJUELAS",
        "origen": 2,
        "tipo_estab": 6,
        "tipo_glosa": "JUNJI VTF",
        "matricula_total": 50,
        "mat_sala_cuna": 18,
        "mat_medio": 32,
        "mat_transicion": 0,
        "slep_sostenedor": null,
        "slep_procedencia": "sin_dato"
      },
      "geometry": {
        "type": "Point",
        "coordinates": [
          -71.085386,
          -32.845147
        ]
      }
    },
    {
      "type": "Feature",
      "properties": {
        "id_estab": "5503004",
        "nombre": "VIRGEN DE PETORQUITA",
        "cod_comuna": "5503",
        "comuna": "HIJUELAS",
        "origen": 2,
        "tipo_estab": 6,
        "tipo_glosa": "JUNJI VTF",
        "matricula_total": 44,
        "mat_sala_cuna": 14,
        "mat_medio": 30,
        "mat_transicion": 0,
        "slep_sostenedor": null,
        "slep_procedencia": "sin_dato"
      },
      "geometry": {
        "type": "Point",
        "coordinates": [
          -71.16829,
          -32.797239
        ]
      }
    },
    {
      "type": "Feature",
      "properties": {
        "id_estab": "14838",
        "nombre": "PARVULARIO EL OLIVITO",
        "cod_comuna": "5503",
        "comuna": "HIJUELAS",
        "origen": 1,
        "tipo_estab": 2,
        "tipo_glosa": "Escuela Particular Subvencionado",
        "matricula_total": 7,
        "mat_sala_cuna": 0,
        "mat_medio": 0,
        "mat_transicion": 7,
        "slep_sostenedor": null,
        "slep_procedencia": "sin_dato"
      },
      "geometry": {
        "type": "Point",
        "coordinates": [
          -71.16301,
          -32.778927
        ]
      }
    },
    {
      "type": "Feature",
      "properties": {
        "id_estab": "14848",
        "nombre": "ESCUELA PART. ANNY SCHOOL",
        "cod_comuna": "5504",
        "comuna": "LA CRUZ",
        "origen": 1,
        "tipo_estab": 2,
        "tipo_glosa": "Escuela Particular Subvencionado",
        "matricula_total": 11,
        "mat_sala_cuna": 0,
        "mat_medio": 0,
        "mat_transicion": 11,
        "slep_sostenedor": null,
        "slep_procedencia": "sin_dato"
      },
      "geometry": {
        "type": "Point",
        "coordinates": [
          -71.229233,
          -32.80761
        ]
      }
    },
    {
      "type": "Feature",
      "properties": {
        "id_estab": "1421",
        "nombre": "LICEO SAN ISIDRO",
        "cod_comuna": "5504",
        "comuna": "LA CRUZ",
        "origen": 1,
        "tipo_estab": 2,
        "tipo_glosa": "Escuela Particular Subvencionado",
        "matricula_total": 17,
        "mat_sala_cuna": 0,
        "mat_medio": 0,
        "mat_transicion": 17,
        "slep_sostenedor": null,
        "slep_procedencia": "sin_dato"
      },
      "geometry": {
        "type": "Point",
        "coordinates": [
          -71.233467,
          -32.84951
        ]
      }
    },
    {
      "type": "Feature",
      "properties": {
        "id_estab": "1417",
        "nombre": "COLEGIO BOLONIA",
        "cod_comuna": "5504",
        "comuna": "LA CRUZ",
        "origen": 1,
        "tipo_estab": 1,
        "tipo_glosa": "Escuela Municipal",
        "matricula_total": 27,
        "mat_sala_cuna": 0,
        "mat_medio": 0,
        "mat_transicion": 27,
        "slep_sostenedor": null,
        "slep_procedencia": "sin_dato"
      },
      "geometry": {
        "type": "Point",
        "coordinates": [
          -71.230453,
          -32.80685
        ]
      }
    },
    {
      "type": "Feature",
      "properties": {
        "id_estab": "1414",
        "nombre": "COLEGIO LEONARDO DA VINCI",
        "cod_comuna": "5504",
        "comuna": "LA CRUZ",
        "origen": 1,
        "tipo_estab": 1,
        "tipo_glosa": "Escuela Municipal",
        "matricula_total": 30,
        "mat_sala_cuna": 0,
        "mat_medio": 0,
        "mat_transicion": 30,
        "slep_sostenedor": null,
        "slep_procedencia": "sin_dato"
      },
      "geometry": {
        "type": "Point",
        "coordinates": [
          -71.230637,
          -32.849751
        ]
      }
    },
    {
      "type": "Feature",
      "properties": {
        "id_estab": "1419",
        "nombre": "COLEGIO DOMINGO SANTA CRUZ WILSON",
        "cod_comuna": "5504",
        "comuna": "LA CRUZ",
        "origen": 1,
        "tipo_estab": 1,
        "tipo_glosa": "Escuela Municipal",
        "matricula_total": 14,
        "mat_sala_cuna": 0,
        "mat_medio": 0,
        "mat_transicion": 14,
        "slep_sostenedor": null,
        "slep_procedencia": "sin_dato"
      },
      "geometry": {
        "type": "Point",
        "coordinates": [
          -71.193878,
          -32.837769
        ]
      }
    },
    {
      "type": "Feature",
      "properties": {
        "id_estab": "14907",
        "nombre": "ESCUELA ESPECIAL DE LENGUAJE ANTU",
        "cod_comuna": "5504",
        "comuna": "LA CRUZ",
        "origen": 1,
        "tipo_estab": 2,
        "tipo_glosa": "Escuela Particular Subvencionado",
        "matricula_total": 118,
        "mat_sala_cuna": 0,
        "mat_medio": 45,
        "mat_transicion": 73,
        "slep_sostenedor": null,
        "slep_procedencia": "sin_dato"
      },
      "geometry": {
        "type": "Point",
        "coordinates": [
          -71.23357,
          -32.850372
        ]
      }
    },
    {
      "type": "Feature",
      "properties": {
        "id_estab": "1416",
        "nombre": "COLEGIO MARIA ALONSO CHACON",
        "cod_comuna": "5504",
        "comuna": "LA CRUZ",
        "origen": 1,
        "tipo_estab": 1,
        "tipo_glosa": "Escuela Municipal",
        "matricula_total": 33,
        "mat_sala_cuna": 0,
        "mat_medio": 0,
        "mat_transicion": 33,
        "slep_sostenedor": null,
        "slep_procedencia": "sin_dato"
      },
      "geometry": {
        "type": "Point",
        "coordinates": [
          -71.225594,
          -32.825729
        ]
      }
    },
    {
      "type": "Feature",
      "properties": {
        "id_estab": "1418",
        "nombre": "ESCUELA BASICA",
        "cod_comuna": "5504",
        "comuna": "LA CRUZ",
        "origen": 1,
        "tipo_estab": 1,
        "tipo_glosa": "Escuela Municipal",
        "matricula_total": 8,
        "mat_sala_cuna": 0,
        "mat_medio": 0,
        "mat_transicion": 8,
        "slep_sostenedor": null,
        "slep_procedencia": "sin_dato"
      },
      "geometry": {
        "type": "Point",
        "coordinates": [
          -71.25135,
          -32.817539
        ]
      }
    },
    {
      "type": "Feature",
      "properties": {
        "id_estab": "41768",
        "nombre": "JARDIN INFANTIL SAN JOSÉ",
        "cod_comuna": "5504",
        "comuna": "LA CRUZ",
        "origen": 1,
        "tipo_estab": 3,
        "tipo_glosa": "Escuela Particular Pagado",
        "matricula_total": 38,
        "mat_sala_cuna": 7,
        "mat_medio": 22,
        "mat_transicion": 9,
        "slep_sostenedor": null,
        "slep_procedencia": "sin_dato"
      },
      "geometry": {
        "type": "Point",
        "coordinates": [
          -71.232192,
          -32.833025
        ]
      }
    },
    {
      "type": "Feature",
      "properties": {
        "id_estab": "20354",
        "nombre": "ESCUELA ESPECIAL DE LENGUAJE PEQUEÑOS REYES",
        "cod_comuna": "5504",
        "comuna": "LA CRUZ",
        "origen": 1,
        "tipo_estab": 2,
        "tipo_glosa": "Escuela Particular Subvencionado",
        "matricula_total": 87,
        "mat_sala_cuna": 0,
        "mat_medio": 42,
        "mat_transicion": 45,
        "slep_sostenedor": null,
        "slep_procedencia": "sin_dato"
      },
      "geometry": {
        "type": "Point",
        "coordinates": [
          -71.22582,
          -32.8276
        ]
      }
    },
    {
      "type": "Feature",
      "properties": {
        "id_estab": "5504001",
        "nombre": "LEONARDO DA VINCI",
        "cod_comuna": "5504",
        "comuna": "LA CRUZ",
        "origen": 2,
        "tipo_estab": 6,
        "tipo_glosa": "JUNJI VTF",
        "matricula_total": 50,
        "mat_sala_cuna": 18,
        "mat_medio": 32,
        "mat_transicion": 0,
        "slep_sostenedor": null,
        "slep_procedencia": "sin_dato"
      },
      "geometry": {
        "type": "Point",
        "coordinates": [
          -71.230744,
          -32.850251
        ]
      }
    },
    {
      "type": "Feature",
      "properties": {
        "id_estab": "51802",
        "nombre": "NUESTRA SEÑORA DE FÁTIMA",
        "cod_comuna": "5504",
        "comuna": "LA CRUZ",
        "origen": 3,
        "tipo_estab": 7,
        "tipo_glosa": "INTEGRA Administracion Directa",
        "matricula_total": 40,
        "mat_sala_cuna": 0,
        "mat_medio": 40,
        "mat_transicion": 0,
        "slep_sostenedor": null,
        "slep_procedencia": "sin_dato"
      },
      "geometry": {
        "type": "Point",
        "coordinates": [
          -71.207885,
          -32.783067
        ]
      }
    },
    {
      "type": "Feature",
      "properties": {
        "id_estab": "5504002",
        "nombre": "LOS PALTINES",
        "cod_comuna": "5504",
        "comuna": "LA CRUZ",
        "origen": 2,
        "tipo_estab": 6,
        "tipo_glosa": "JUNJI VTF",
        "matricula_total": 46,
        "mat_sala_cuna": 15,
        "mat_medio": 31,
        "mat_transicion": 0,
        "slep_sostenedor": null,
        "slep_procedencia": "sin_dato"
      },
      "geometry": {
        "type": "Point",
        "coordinates": [
          -71.230778,
          -32.807009
        ]
      }
    },
    {
      "type": "Feature",
      "properties": {
        "id_estab": "5504003",
        "nombre": "MARIA ALONSO CHACON",
        "cod_comuna": "5504",
        "comuna": "LA CRUZ",
        "origen": 2,
        "tipo_estab": 6,
        "tipo_glosa": "JUNJI VTF",
        "matricula_total": 31,
        "mat_sala_cuna": 0,
        "mat_medio": 31,
        "mat_transicion": 0,
        "slep_sostenedor": null,
        "slep_procedencia": "sin_dato"
      },
      "geometry": {
        "type": "Point",
        "coordinates": [
          -71.225415,
          -32.825789
        ]
      }
    },
    {
      "type": "Feature",
      "properties": {
        "id_estab": "5504004",
        "nombre": "DOMINGO SANTA CRUZ WILSON",
        "cod_comuna": "5504",
        "comuna": "LA CRUZ",
        "origen": 2,
        "tipo_estab": 6,
        "tipo_glosa": "JUNJI VTF",
        "matricula_total": 14,
        "mat_sala_cuna": 0,
        "mat_medio": 14,
        "mat_transicion": 0,
        "slep_sostenedor": null,
        "slep_procedencia": "sin_dato"
      },
      "geometry": {
        "type": "Point",
        "coordinates": [
          -71.194006,
          -32.837761
        ]
      }
    },
    {
      "type": "Feature",
      "properties": {
        "id_estab": "1447",
        "nombre": "ESCUELA BASICA ULDA ARACENA GONZALEZ",
        "cod_comuna": "5506",
        "comuna": "NOGALES",
        "origen": 1,
        "tipo_estab": 1,
        "tipo_glosa": "Escuela Municipal",
        "matricula_total": 50,
        "mat_sala_cuna": 0,
        "mat_medio": 0,
        "mat_transicion": 50,
        "slep_sostenedor": null,
        "slep_procedencia": "sin_dato"
      },
      "geometry": {
        "type": "Point",
        "coordinates": [
          -71.204613,
          -32.731709
        ]
      }
    },
    {
      "type": "Feature",
      "properties": {
        "id_estab": "1449",
        "nombre": "COLEGIO CARMELITA FELIPE CORTÉS",
        "cod_comuna": "5506",
        "comuna": "NOGALES",
        "origen": 1,
        "tipo_estab": 2,
        "tipo_glosa": "Escuela Particular Subvencionado",
        "matricula_total": 17,
        "mat_sala_cuna": 0,
        "mat_medio": 0,
        "mat_transicion": 17,
        "slep_sostenedor": null,
        "slep_procedencia": "sin_dato"
      },
      "geometry": {
        "type": "Point",
        "coordinates": [
          -71.210419,
          -32.689419
        ]
      }
    },
    {
      "type": "Feature",
      "properties": {
        "id_estab": "14692",
        "nombre": "ESC.ESPEC.DE LENGUAJE NOGALES",
        "cod_comuna": "5506",
        "comuna": "NOGALES",
        "origen": 1,
        "tipo_estab": 2,
        "tipo_glosa": "Escuela Particular Subvencionado",
        "matricula_total": 79,
        "mat_sala_cuna": 0,
        "mat_medio": 32,
        "mat_transicion": 47,
        "slep_sostenedor": null,
        "slep_procedencia": "sin_dato"
      },
      "geometry": {
        "type": "Point",
        "coordinates": [
          -71.19869,
          -32.74309
        ]
      }
    },
    {
      "type": "Feature",
      "properties": {
        "id_estab": "14583",
        "nombre": "ESCUELA DE PARVULOS CLARITO DE SOL",
        "cod_comuna": "5506",
        "comuna": "NOGALES",
        "origen": 1,
        "tipo_estab": 2,
        "tipo_glosa": "Escuela Particular Subvencionado",
        "matricula_total": 26,
        "mat_sala_cuna": 0,
        "mat_medio": 0,
        "mat_transicion": 26,
        "slep_sostenedor": null,
        "slep_procedencia": "sin_dato"
      },
      "geometry": {
        "type": "Point",
        "coordinates": [
          -71.21565,
          -32.68533
        ]
      }
    },
    {
      "type": "Feature",
      "properties": {
        "id_estab": "40305",
        "nombre": "COLEGIO JUAN PABLO II",
        "cod_comuna": "5506",
        "comuna": "NOGALES",
        "origen": 1,
        "tipo_estab": 2,
        "tipo_glosa": "Escuela Particular Subvencionado",
        "matricula_total": 41,
        "mat_sala_cuna": 0,
        "mat_medio": 0,
        "mat_transicion": 41,
        "slep_sostenedor": null,
        "slep_procedencia": "sin_dato"
      },
      "geometry": {
        "type": "Point",
        "coordinates": [
          -71.207268,
          -32.726151
        ]
      }
    },
    {
      "type": "Feature",
      "properties": {
        "id_estab": "1445",
        "nombre": "COLEGIO EL MELÓN",
        "cod_comuna": "5506",
        "comuna": "NOGALES",
        "origen": 1,
        "tipo_estab": 1,
        "tipo_glosa": "Escuela Municipal",
        "matricula_total": 47,
        "mat_sala_cuna": 0,
        "mat_medio": 0,
        "mat_transicion": 47,
        "slep_sostenedor": null,
        "slep_procedencia": "sin_dato"
      },
      "geometry": {
        "type": "Point",
        "coordinates": [
          -71.212486,
          -32.691189
        ]
      }
    },
    {
      "type": "Feature",
      "properties": {
        "id_estab": "1444",
        "nombre": "LICEO MUNICIPAL JUAN RUSQUE PORTAL",
        "cod_comuna": "5506",
        "comuna": "NOGALES",
        "origen": 1,
        "tipo_estab": 1,
        "tipo_glosa": "Escuela Municipal",
        "matricula_total": 25,
        "mat_sala_cuna": 0,
        "mat_medio": 0,
        "mat_transicion": 25,
        "slep_sostenedor": null,
        "slep_procedencia": "sin_dato"
      },
      "geometry": {
        "type": "Point",
        "coordinates": [
          -71.200844,
          -32.74144
        ]
      }
    },
    {
      "type": "Feature",
      "properties": {
        "id_estab": "1450",
        "nombre": "COLEGIO SANTA ISABEL",
        "cod_comuna": "5506",
        "comuna": "NOGALES",
        "origen": 1,
        "tipo_estab": 2,
        "tipo_glosa": "Escuela Particular Subvencionado",
        "matricula_total": 41,
        "mat_sala_cuna": 0,
        "mat_medio": 0,
        "mat_transicion": 41,
        "slep_sostenedor": null,
        "slep_procedencia": "sin_dato"
      },
      "geometry": {
        "type": "Point",
        "coordinates": [
          -71.204277,
          -32.718491
        ]
      }
    },
    {
      "type": "Feature",
      "properties": {
        "id_estab": "14828",
        "nombre": "ESC.ESTIMUL.LENG. PEQUENAS VOCES",
        "cod_comuna": "5506",
        "comuna": "NOGALES",
        "origen": 1,
        "tipo_estab": 2,
        "tipo_glosa": "Escuela Particular Subvencionado",
        "matricula_total": 74,
        "mat_sala_cuna": 0,
        "mat_medio": 23,
        "mat_transicion": 51,
        "slep_sostenedor": null,
        "slep_procedencia": "sin_dato"
      },
      "geometry": {
        "type": "Point",
        "coordinates": [
          -71.21036,
          -32.68646
        ]
      }
    },
    {
      "type": "Feature",
      "properties": {
        "id_estab": "51803",
        "nombre": "RAYITO DE LUZ",
        "cod_comuna": "5506",
        "comuna": "NOGALES",
        "origen": 3,
        "tipo_estab": 7,
        "tipo_glosa": "INTEGRA Administracion Directa",
        "matricula_total": 84,
        "mat_sala_cuna": 31,
        "mat_medio": 53,
        "mat_transicion": 0,
        "slep_sostenedor": null,
        "slep_procedencia": "sin_dato"
      },
      "geometry": {
        "type": "Point",
        "coordinates": [
          -71.186858,
          -32.774499
        ]
      }
    },
    {
      "type": "Feature",
      "properties": {
        "id_estab": "5506001",
        "nombre": "LOS NOGALITOS",
        "cod_comuna": "5506",
        "comuna": "NOGALES",
        "origen": 2,
        "tipo_estab": 5,
        "tipo_glosa": "JUNJI Administracion Directa",
        "matricula_total": 76,
        "mat_sala_cuna": 27,
        "mat_medio": 49,
        "mat_transicion": 0,
        "slep_sostenedor": null,
        "slep_procedencia": "sin_dato"
      },
      "geometry": {
        "type": "Point",
        "coordinates": [
          -71.205068,
          -32.730175
        ]
      }
    },
    {
      "type": "Feature",
      "properties": {
        "id_estab": "1448",
        "nombre": "ESCUELA BASICA LA PENA",
        "cod_comuna": "5506",
        "comuna": "NOGALES",
        "origen": 1,
        "tipo_estab": 1,
        "tipo_glosa": "Escuela Municipal",
        "matricula_total": 12,
        "mat_sala_cuna": 0,
        "mat_medio": 0,
        "mat_transicion": 12,
        "slep_sostenedor": null,
        "slep_procedencia": "sin_dato"
      },
      "geometry": {
        "type": "Point",
        "coordinates": [
          -71.167381,
          -32.746361
        ]
      }
    },
    {
      "type": "Feature",
      "properties": {
        "id_estab": "52001",
        "nombre": "CLAVELITO",
        "cod_comuna": "5506",
        "comuna": "NOGALES",
        "origen": 3,
        "tipo_estab": 7,
        "tipo_glosa": "INTEGRA Administracion Directa",
        "matricula_total": 84,
        "mat_sala_cuna": 12,
        "mat_medio": 63,
        "mat_transicion": 9,
        "slep_sostenedor": null,
        "slep_procedencia": "sin_dato"
      },
      "geometry": {
        "type": "Point",
        "coordinates": [
          -71.140897,
          -32.811636
        ]
      }
    },
    {
      "type": "Feature",
      "properties": {
        "id_estab": "40385",
        "nombre": "ESCUELA ESPECIAL DE LENGUAJE SOL Y LUNA",
        "cod_comuna": "5506",
        "comuna": "NOGALES",
        "origen": 1,
        "tipo_estab": 2,
        "tipo_glosa": "Escuela Particular Subvencionado",
        "matricula_total": 60,
        "mat_sala_cuna": 0,
        "mat_medio": 19,
        "mat_transicion": 41,
        "slep_sostenedor": null,
        "slep_procedencia": "sin_dato"
      },
      "geometry": {
        "type": "Point",
        "coordinates": [
          -71.2108,
          -32.68841
        ]
      }
    },
    {
      "type": "Feature",
      "properties": {
        "id_estab": "5506004",
        "nombre": "MELONCITO",
        "cod_comuna": "5506",
        "comuna": "NOGALES",
        "origen": 2,
        "tipo_estab": 6,
        "tipo_glosa": "JUNJI VTF",
        "matricula_total": 37,
        "mat_sala_cuna": 17,
        "mat_medio": 20,
        "mat_transicion": 0,
        "slep_sostenedor": null,
        "slep_procedencia": "sin_dato"
      },
      "geometry": {
        "type": "Point",
        "coordinates": [
          -71.224028,
          -32.677459
        ]
      }
    },
    {
      "type": "Feature",
      "properties": {
        "id_estab": "5506006",
        "nombre": "RINCÓN DEL JUEGO",
        "cod_comuna": "5506",
        "comuna": "NOGALES",
        "origen": 2,
        "tipo_estab": 5,
        "tipo_glosa": "JUNJI Administracion Directa",
        "matricula_total": 24,
        "mat_sala_cuna": 13,
        "mat_medio": 11,
        "mat_transicion": 0,
        "slep_sostenedor": null,
        "slep_procedencia": "sin_dato"
      },
      "geometry": {
        "type": "Point",
        "coordinates": [
          -71.215077,
          -32.737756
        ]
      }
    },
    {
      "type": "Feature",
      "properties": {
        "id_estab": "5506007",
        "nombre": "TREN DEL APRENDIZAJE",
        "cod_comuna": "5506",
        "comuna": "NOGALES",
        "origen": 2,
        "tipo_estab": 5,
        "tipo_glosa": "JUNJI Administracion Directa",
        "matricula_total": 49,
        "mat_sala_cuna": 21,
        "mat_medio": 28,
        "mat_transicion": 0,
        "slep_sostenedor": null,
        "slep_procedencia": "sin_dato"
      },
      "geometry": {
        "type": "Point",
        "coordinates": [
          -71.189409,
          -32.69884
        ]
      }
    },
    {
      "type": "Feature",
      "properties": {
        "id_estab": "5506005",
        "nombre": "SANTA MARIA DE LA ESPERANZA",
        "cod_comuna": "5506",
        "comuna": "NOGALES",
        "origen": 2,
        "tipo_estab": 6,
        "tipo_glosa": "JUNJI VTF",
        "matricula_total": 45,
        "mat_sala_cuna": 15,
        "mat_medio": 30,
        "mat_transicion": 0,
        "slep_sostenedor": null,
        "slep_procedencia": "sin_dato"
      },
      "geometry": {
        "type": "Point",
        "coordinates": [
          -71.207401,
          -32.733038
        ]
      }
    },
    {
      "type": "Feature",
      "properties": {
        "id_estab": "5506003",
        "nombre": "LA PEÑA",
        "cod_comuna": "5506",
        "comuna": "NOGALES",
        "origen": 2,
        "tipo_estab": 6,
        "tipo_glosa": "JUNJI VTF",
        "matricula_total": 16,
        "mat_sala_cuna": 16,
        "mat_medio": 0,
        "mat_transicion": 0,
        "slep_sostenedor": null,
        "slep_procedencia": "sin_dato"
      },
      "geometry": {
        "type": "Point",
        "coordinates": [
          -71.166719,
          -32.74594
        ]
      }
    },
    {
      "type": "Feature",
      "properties": {
        "id_estab": "5601013",
        "nombre": "MI MUNDO DE COLORES",
        "cod_comuna": "5601",
        "comuna": "SAN ANTONIO",
        "origen": 2,
        "tipo_estab": 6,
        "tipo_glosa": "JUNJI VTF",
        "matricula_total": 46,
        "mat_sala_cuna": 16,
        "mat_medio": 30,
        "mat_transicion": 0,
        "slep_sostenedor": null,
        "slep_procedencia": "sin_dato"
      },
      "geometry": {
        "type": "Point",
        "coordinates": [
          -71.593546,
          -33.617743
        ]
      }
    },
    {
      "type": "Feature",
      "properties": {
        "id_estab": "14539",
        "nombre": "ESCUELA SANTA INÉS",
        "cod_comuna": "5601",
        "comuna": "SAN ANTONIO",
        "origen": 1,
        "tipo_estab": 2,
        "tipo_glosa": "Escuela Particular Subvencionado",
        "matricula_total": 5,
        "mat_sala_cuna": 0,
        "mat_medio": 0,
        "mat_transicion": 5,
        "slep_sostenedor": null,
        "slep_procedencia": "sin_dato"
      },
      "geometry": {
        "type": "Point",
        "coordinates": [
          -71.615143,
          -33.617989
        ]
      }
    },
    {
      "type": "Feature",
      "properties": {
        "id_estab": "14909",
        "nombre": "ESCUELA ESPECIAL DE LENGUAJE PAIHUEN-MAPU",
        "cod_comuna": "5601",
        "comuna": "SAN ANTONIO",
        "origen": 1,
        "tipo_estab": 2,
        "tipo_glosa": "Escuela Particular Subvencionado",
        "matricula_total": 66,
        "mat_sala_cuna": 0,
        "mat_medio": 28,
        "mat_transicion": 38,
        "slep_sostenedor": null,
        "slep_procedencia": "sin_dato"
      },
      "geometry": {
        "type": "Point",
        "coordinates": [
          -71.60394,
          -33.589237
        ]
      }
    },
    {
      "type": "Feature",
      "properties": {
        "id_estab": "2047",
        "nombre": "COLEGIO PARTICULAR SARA CRUCHAGA",
        "cod_comuna": "5601",
        "comuna": "SAN ANTONIO",
        "origen": 1,
        "tipo_estab": 2,
        "tipo_glosa": "Escuela Particular Subvencionado",
        "matricula_total": 38,
        "mat_sala_cuna": 0,
        "mat_medio": 0,
        "mat_transicion": 38,
        "slep_sostenedor": null,
        "slep_procedencia": "sin_dato"
      },
      "geometry": {
        "type": "Point",
        "coordinates": [
          -71.6101,
          -33.58107
        ]
      }
    },
    {
      "type": "Feature",
      "properties": {
        "id_estab": "40047",
        "nombre": "COLEGIO SANTO TOMAS DE LAS ACACIAS",
        "cod_comuna": "5601",
        "comuna": "SAN ANTONIO",
        "origen": 1,
        "tipo_estab": 2,
        "tipo_glosa": "Escuela Particular Subvencionado",
        "matricula_total": 13,
        "mat_sala_cuna": 0,
        "mat_medio": 0,
        "mat_transicion": 13,
        "slep_sostenedor": null,
        "slep_procedencia": "sin_dato"
      },
      "geometry": {
        "type": "Point",
        "coordinates": [
          -71.594482,
          -33.617699
        ]
      }
    },
    {
      "type": "Feature",
      "properties": {
        "id_estab": "40291",
        "nombre": "ESCUELA ESPECIAL DE LENGUAJE Y COLEGIO BASICO ELUM KIMU",
        "cod_comuna": "5601",
        "comuna": "SAN ANTONIO",
        "origen": 1,
        "tipo_estab": 2,
        "tipo_glosa": "Escuela Particular Subvencionado",
        "matricula_total": 123,
        "mat_sala_cuna": 0,
        "mat_medio": 31,
        "mat_transicion": 92,
        "slep_sostenedor": null,
        "slep_procedencia": "sin_dato"
      },
      "geometry": {
        "type": "Point",
        "coordinates": [
          -71.588387,
          -33.68148
        ]
      }
    },
    {
      "type": "Feature",
      "properties": {
        "id_estab": "14509",
        "nombre": "ESCUELA DE PARVULOS TIA PATRICIA N_ 2",
        "cod_comuna": "5601",
        "comuna": "SAN ANTONIO",
        "origen": 1,
        "tipo_estab": 2,
        "tipo_glosa": "Escuela Particular Subvencionado",
        "matricula_total": 9,
        "mat_sala_cuna": 0,
        "mat_medio": 0,
        "mat_transicion": 9,
        "slep_sostenedor": null,
        "slep_procedencia": "sin_dato"
      },
      "geometry": {
        "type": "Point",
        "coordinates": [
          -71.6056,
          -33.618954
        ]
      }
    },
    {
      "type": "Feature",
      "properties": {
        "id_estab": "2041",
        "nombre": "LICEO SANTA TERESITA DE LLOLLEO",
        "cod_comuna": "5601",
        "comuna": "SAN ANTONIO",
        "origen": 1,
        "tipo_estab": 2,
        "tipo_glosa": "Escuela Particular Subvencionado",
        "matricula_total": 32,
        "mat_sala_cuna": 0,
        "mat_medio": 0,
        "mat_transicion": 32,
        "slep_sostenedor": null,
        "slep_procedencia": "sin_dato"
      },
      "geometry": {
        "type": "Point",
        "coordinates": [
          -71.61087,
          -33.616249
        ]
      }
    },
    {
      "type": "Feature",
      "properties": {
        "id_estab": "2049",
        "nombre": "COLEGIO FUND.EDUC. FERNANDEZ LEON",
        "cod_comuna": "5601",
        "comuna": "SAN ANTONIO",
        "origen": 1,
        "tipo_estab": 2,
        "tipo_glosa": "Escuela Particular Subvencionado",
        "matricula_total": 85,
        "mat_sala_cuna": 0,
        "mat_medio": 0,
        "mat_transicion": 85,
        "slep_sostenedor": null,
        "slep_procedencia": "sin_dato"
      },
      "geometry": {
        "type": "Point",
        "coordinates": [
          -71.615028,
          -33.60973
        ]
      }
    },
    {
      "type": "Feature",
      "properties": {
        "id_estab": "14348",
        "nombre": "COLEGIO ESPIRITU SANTO",
        "cod_comuna": "5601",
        "comuna": "SAN ANTONIO",
        "origen": 1,
        "tipo_estab": 2,
        "tipo_glosa": "Escuela Particular Subvencionado",
        "matricula_total": 116,
        "mat_sala_cuna": 0,
        "mat_medio": 0,
        "mat_transicion": 116,
        "slep_sostenedor": null,
        "slep_procedencia": "sin_dato"
      },
      "geometry": {
        "type": "Point",
        "coordinates": [
          -71.597122,
          -33.609211
        ]
      }
    },
    {
      "type": "Feature",
      "properties": {
        "id_estab": "2021",
        "nombre": "PADRE ANDRE COINDRE",
        "cod_comuna": "5601",
        "comuna": "SAN ANTONIO",
        "origen": 1,
        "tipo_estab": 1,
        "tipo_glosa": "Escuela Municipal",
        "matricula_total": 80,
        "mat_sala_cuna": 0,
        "mat_medio": 0,
        "mat_transicion": 80,
        "slep_sostenedor": null,
        "slep_procedencia": "sin_dato"
      },
      "geometry": {
        "type": "Point",
        "coordinates": [
          -71.606133,
          -33.571739
        ]
      }
    },
    {
      "type": "Feature",
      "properties": {
        "id_estab": "2023",
        "nombre": "ESCUELA CRISTO DEL MAIPO",
        "cod_comuna": "5601",
        "comuna": "SAN ANTONIO",
        "origen": 1,
        "tipo_estab": 1,
        "tipo_glosa": "Escuela Municipal",
        "matricula_total": 16,
        "mat_sala_cuna": 0,
        "mat_medio": 0,
        "mat_transicion": 16,
        "slep_sostenedor": null,
        "slep_procedencia": "sin_dato"
      },
      "geometry": {
        "type": "Point",
        "coordinates": [
          -71.600121,
          -33.609119
        ]
      }
    },
    {
      "type": "Feature",
      "properties": {
        "id_estab": "2018",
        "nombre": "ESCUELA MOVILIZADORES PORTUARIOS",
        "cod_comuna": "5601",
        "comuna": "SAN ANTONIO",
        "origen": 1,
        "tipo_estab": 1,
        "tipo_glosa": "Escuela Municipal",
        "matricula_total": 57,
        "mat_sala_cuna": 0,
        "mat_medio": 0,
        "mat_transicion": 57,
        "slep_sostenedor": null,
        "slep_procedencia": "sin_dato"
      },
      "geometry": {
        "type": "Point",
        "coordinates": [
          -71.60025,
          -33.59087
        ]
      }
    },
    {
      "type": "Feature",
      "properties": {
        "id_estab": "2028",
        "nombre": "PARVULARIO RAYITO DE SOL",
        "cod_comuna": "5601",
        "comuna": "SAN ANTONIO",
        "origen": 1,
        "tipo_estab": 1,
        "tipo_glosa": "Escuela Municipal",
        "matricula_total": 77,
        "mat_sala_cuna": 0,
        "mat_medio": 0,
        "mat_transicion": 77,
        "slep_sostenedor": null,
        "slep_procedencia": "sin_dato"
      },
      "geometry": {
        "type": "Point",
        "coordinates": [
          -71.611847,
          -33.602539
        ]
      }
    },
    {
      "type": "Feature",
      "properties": {
        "id_estab": "2054",
        "nombre": "COLEGIO PART.GUILLERMO BLEST GANA",
        "cod_comuna": "5601",
        "comuna": "SAN ANTONIO",
        "origen": 1,
        "tipo_estab": 2,
        "tipo_glosa": "Escuela Particular Subvencionado",
        "matricula_total": 20,
        "mat_sala_cuna": 0,
        "mat_medio": 0,
        "mat_transicion": 20,
        "slep_sostenedor": null,
        "slep_procedencia": "sin_dato"
      },
      "geometry": {
        "type": "Point",
        "coordinates": [
          -71.605988,
          -33.594681
        ]
      }
    },
    {
      "type": "Feature",
      "properties": {
        "id_estab": "40267",
        "nombre": "ESC.ESP.LENG.Y J.INF.CASTILLO DE SONRISAS",
        "cod_comuna": "5601",
        "comuna": "SAN ANTONIO",
        "origen": 1,
        "tipo_estab": 2,
        "tipo_glosa": "Escuela Particular Subvencionado",
        "matricula_total": 93,
        "mat_sala_cuna": 7,
        "mat_medio": 39,
        "mat_transicion": 47,
        "slep_sostenedor": null,
        "slep_procedencia": "sin_dato"
      },
      "geometry": {
        "type": "Point",
        "coordinates": [
          -71.612778,
          -33.61467
        ]
      }
    },
    {
      "type": "Feature",
      "properties": {
        "id_estab": "2019",
        "nombre": "COLEGIO ESPANA",
        "cod_comuna": "5601",
        "comuna": "SAN ANTONIO",
        "origen": 1,
        "tipo_estab": 1,
        "tipo_glosa": "Escuela Municipal",
        "matricula_total": 26,
        "mat_sala_cuna": 0,
        "mat_medio": 0,
        "mat_transicion": 26,
        "slep_sostenedor": null,
        "slep_procedencia": "sin_dato"
      },
      "geometry": {
        "type": "Point",
        "coordinates": [
          -71.607162,
          -33.617699
        ]
      }
    },
    {
      "type": "Feature",
      "properties": {
        "id_estab": "14288",
        "nombre": "COLEGIO NUEVA PROVIDENCIA",
        "cod_comuna": "5601",
        "comuna": "SAN ANTONIO",
        "origen": 1,
        "tipo_estab": 2,
        "tipo_glosa": "Escuela Particular Subvencionado",
        "matricula_total": 40,
        "mat_sala_cuna": 0,
        "mat_medio": 0,
        "mat_transicion": 40,
        "slep_sostenedor": null,
        "slep_procedencia": "sin_dato"
      },
      "geometry": {
        "type": "Point",
        "coordinates": [
          -71.611923,
          -33.614498
        ]
      }
    },
    {
      "type": "Feature",
      "properties": {
        "id_estab": "2017",
        "nombre": "ESCUELA VILLA LAS DUNAS",
        "cod_comuna": "5601",
        "comuna": "SAN ANTONIO",
        "origen": 1,
        "tipo_estab": 1,
        "tipo_glosa": "Escuela Municipal",
        "matricula_total": 36,
        "mat_sala_cuna": 0,
        "mat_medio": 0,
        "mat_transicion": 36,
        "slep_sostenedor": null,
        "slep_procedencia": "sin_dato"
      },
      "geometry": {
        "type": "Point",
        "coordinates": [
          -71.609962,
          -33.60297
        ]
      }
    },
    {
      "type": "Feature",
      "properties": {
        "id_estab": "14873",
        "nombre": "COLEGIO BAUTISTA JESUS MI REFUGIO",
        "cod_comuna": "5601",
        "comuna": "SAN ANTONIO",
        "origen": 1,
        "tipo_estab": 2,
        "tipo_glosa": "Escuela Particular Subvencionado",
        "matricula_total": 15,
        "mat_sala_cuna": 0,
        "mat_medio": 0,
        "mat_transicion": 15,
        "slep_sostenedor": null,
        "slep_procedencia": "sin_dato"
      },
      "geometry": {
        "type": "Point",
        "coordinates": [
          -71.60414,
          -33.586033
        ]
      }
    },
    {
      "type": "Feature",
      "properties": {
        "id_estab": "2042",
        "nombre": "INSTITUTO DEL PUERTO DE SAN ANTONIO",
        "cod_comuna": "5601",
        "comuna": "SAN ANTONIO",
        "origen": 1,
        "tipo_estab": 2,
        "tipo_glosa": "Escuela Particular Subvencionado",
        "matricula_total": 140,
        "mat_sala_cuna": 0,
        "mat_medio": 0,
        "mat_transicion": 140,
        "slep_sostenedor": null,
        "slep_procedencia": "sin_dato"
      },
      "geometry": {
        "type": "Point",
        "coordinates": [
          -71.603081,
          -33.617802
        ]
      }
    },
    {
      "type": "Feature",
      "properties": {
        "id_estab": "14699",
        "nombre": "COLEGIO FENIX",
        "cod_comuna": "5601",
        "comuna": "SAN ANTONIO",
        "origen": 1,
        "tipo_estab": 2,
        "tipo_glosa": "Escuela Particular Subvencionado",
        "matricula_total": 74,
        "mat_sala_cuna": 0,
        "mat_medio": 0,
        "mat_transicion": 74,
        "slep_sostenedor": null,
        "slep_procedencia": "sin_dato"
      },
      "geometry": {
        "type": "Point",
        "coordinates": [
          -71.59967,
          -33.590069
        ]
      }
    },
    {
      "type": "Feature",
      "properties": {
        "id_estab": "2026",
        "nombre": "ESCUELA BASICA CERRO PLACILLA",
        "cod_comuna": "5601",
        "comuna": "SAN ANTONIO",
        "origen": 1,
        "tipo_estab": 1,
        "tipo_glosa": "Escuela Municipal",
        "matricula_total": 54,
        "mat_sala_cuna": 0,
        "mat_medio": 0,
        "mat_transicion": 54,
        "slep_sostenedor": null,
        "slep_procedencia": "sin_dato"
      },
      "geometry": {
        "type": "Point",
        "coordinates": [
          -71.601257,
          -33.581612
        ]
      }
    },
    {
      "type": "Feature",
      "properties": {
        "id_estab": "2043",
        "nombre": "INSTITUTO ERCILLA",
        "cod_comuna": "5601",
        "comuna": "SAN ANTONIO",
        "origen": 1,
        "tipo_estab": 2,
        "tipo_glosa": "Escuela Particular Subvencionado",
        "matricula_total": 33,
        "mat_sala_cuna": 0,
        "mat_medio": 0,
        "mat_transicion": 33,
        "slep_sostenedor": null,
        "slep_procedencia": "sin_dato"
      },
      "geometry": {
        "type": "Point",
        "coordinates": [
          -71.614464,
          -33.59734
        ]
      }
    },
    {
      "type": "Feature",
      "properties": {
        "id_estab": "2048",
        "nombre": "COLEGIO SAGRADA FAMILIA",
        "cod_comuna": "5601",
        "comuna": "SAN ANTONIO",
        "origen": 1,
        "tipo_estab": 2,
        "tipo_glosa": "Escuela Particular Subvencionado",
        "matricula_total": 47,
        "mat_sala_cuna": 0,
        "mat_medio": 0,
        "mat_transicion": 47,
        "slep_sostenedor": null,
        "slep_procedencia": "sin_dato"
      },
      "geometry": {
        "type": "Point",
        "coordinates": [
          -71.60759,
          -33.593529
        ]
      }
    },
    {
      "type": "Feature",
      "properties": {
        "id_estab": "14557",
        "nombre": "CTRO DE ESTIMULACION TEMPRANA LAS ROSAS",
        "cod_comuna": "5601",
        "comuna": "SAN ANTONIO",
        "origen": 1,
        "tipo_estab": 2,
        "tipo_glosa": "Escuela Particular Subvencionado",
        "matricula_total": 31,
        "mat_sala_cuna": 0,
        "mat_medio": 7,
        "mat_transicion": 24,
        "slep_sostenedor": null,
        "slep_procedencia": "sin_dato"
      },
      "geometry": {
        "type": "Point",
        "coordinates": [
          -71.60943,
          -33.58978
        ]
      }
    },
    {
      "type": "Feature",
      "properties": {
        "id_estab": "2027",
        "nombre": "ESCUELA POETA HUIDOBRO",
        "cod_comuna": "5601",
        "comuna": "SAN ANTONIO",
        "origen": 1,
        "tipo_estab": 1,
        "tipo_glosa": "Escuela Municipal",
        "matricula_total": 15,
        "mat_sala_cuna": 0,
        "mat_medio": 0,
        "mat_transicion": 15,
        "slep_sostenedor": null,
        "slep_procedencia": "sin_dato"
      },
      "geometry": {
        "type": "Point",
        "coordinates": [
          -71.602257,
          -33.627621
        ]
      }
    },
    {
      "type": "Feature",
      "properties": {
        "id_estab": "14542",
        "nombre": "CENTR.ESC.TRAT.DEL LENGUAJE PAIHUEN",
        "cod_comuna": "5601",
        "comuna": "SAN ANTONIO",
        "origen": 1,
        "tipo_estab": 2,
        "tipo_glosa": "Escuela Particular Subvencionado",
        "matricula_total": 61,
        "mat_sala_cuna": 0,
        "mat_medio": 26,
        "mat_transicion": 35,
        "slep_sostenedor": null,
        "slep_procedencia": "sin_dato"
      },
      "geometry": {
        "type": "Point",
        "coordinates": [
          -71.604279,
          -33.592319
        ]
      }
    },
    {
      "type": "Feature",
      "properties": {
        "id_estab": "2037",
        "nombre": "EDUARDO FERNANDEZ DE ASTURIAS",
        "cod_comuna": "5601",
        "comuna": "SAN ANTONIO",
        "origen": 1,
        "tipo_estab": 1,
        "tipo_glosa": "Escuela Municipal",
        "matricula_total": 19,
        "mat_sala_cuna": 0,
        "mat_medio": 0,
        "mat_transicion": 19,
        "slep_sostenedor": null,
        "slep_procedencia": "sin_dato"
      },
      "geometry": {
        "type": "Point",
        "coordinates": [
          -71.563889,
          -33.560631
        ]
      }
    },
    {
      "type": "Feature",
      "properties": {
        "id_estab": "14788",
        "nombre": "COLEGIO PAPA JUAN PABLO II",
        "cod_comuna": "5601",
        "comuna": "SAN ANTONIO",
        "origen": 1,
        "tipo_estab": 2,
        "tipo_glosa": "Escuela Particular Subvencionado",
        "matricula_total": 34,
        "mat_sala_cuna": 0,
        "mat_medio": 0,
        "mat_transicion": 34,
        "slep_sostenedor": null,
        "slep_procedencia": "sin_dato"
      },
      "geometry": {
        "type": "Point",
        "coordinates": [
          -71.612473,
          -33.583092
        ]
      }
    },
    {
      "type": "Feature",
      "properties": {
        "id_estab": "11201",
        "nombre": "BRITISH SCHOOL SAN ANTONIO",
        "cod_comuna": "5601",
        "comuna": "SAN ANTONIO",
        "origen": 1,
        "tipo_estab": 2,
        "tipo_glosa": "Escuela Particular Subvencionado",
        "matricula_total": 12,
        "mat_sala_cuna": 0,
        "mat_medio": 0,
        "mat_transicion": 12,
        "slep_sostenedor": null,
        "slep_procedencia": "sin_dato"
      },
      "geometry": {
        "type": "Point",
        "coordinates": [
          -71.61116,
          -33.6171
        ]
      }
    },
    {
      "type": "Feature",
      "properties": {
        "id_estab": "2040",
        "nombre": "LICEO NACIONAL DE LLO LLEO",
        "cod_comuna": "5601",
        "comuna": "SAN ANTONIO",
        "origen": 1,
        "tipo_estab": 2,
        "tipo_glosa": "Escuela Particular Subvencionado",
        "matricula_total": 69,
        "mat_sala_cuna": 0,
        "mat_medio": 0,
        "mat_transicion": 69,
        "slep_sostenedor": null,
        "slep_procedencia": "sin_dato"
      },
      "geometry": {
        "type": "Point",
        "coordinates": [
          -71.609756,
          -33.612782
        ]
      }
    },
    {
      "type": "Feature",
      "properties": {
        "id_estab": "2050",
        "nombre": "COLEGIO NUESTRA SENORA DE POMPEYA",
        "cod_comuna": "5601",
        "comuna": "SAN ANTONIO",
        "origen": 1,
        "tipo_estab": 2,
        "tipo_glosa": "Escuela Particular Subvencionado",
        "matricula_total": 25,
        "mat_sala_cuna": 0,
        "mat_medio": 0,
        "mat_transicion": 25,
        "slep_sostenedor": null,
        "slep_procedencia": "sin_dato"
      },
      "geometry": {
        "type": "Point",
        "coordinates": [
          -71.611641,
          -33.587639
        ]
      }
    },
    {
      "type": "Feature",
      "properties": {
        "id_estab": "2022",
        "nombre": "ESCUELA BASICA SAN JOSE DE CALASANZ",
        "cod_comuna": "5601",
        "comuna": "SAN ANTONIO",
        "origen": 1,
        "tipo_estab": 1,
        "tipo_glosa": "Escuela Municipal",
        "matricula_total": 31,
        "mat_sala_cuna": 0,
        "mat_medio": 0,
        "mat_transicion": 31,
        "slep_sostenedor": null,
        "slep_procedencia": "sin_dato"
      },
      "geometry": {
        "type": "Point",
        "coordinates": [
          -71.603104,
          -33.597641
        ]
      }
    },
    {
      "type": "Feature",
      "properties": {
        "id_estab": "2052",
        "nombre": "COLEGIO PROVIDENCIA",
        "cod_comuna": "5601",
        "comuna": "SAN ANTONIO",
        "origen": 1,
        "tipo_estab": 2,
        "tipo_glosa": "Escuela Particular Subvencionado",
        "matricula_total": 7,
        "mat_sala_cuna": 0,
        "mat_medio": 0,
        "mat_transicion": 7,
        "slep_sostenedor": null,
        "slep_procedencia": "sin_dato"
      },
      "geometry": {
        "type": "Point",
        "coordinates": [
          -71.609978,
          -33.586979
        ]
      }
    },
    {
      "type": "Feature",
      "properties": {
        "id_estab": "2014",
        "nombre": "ESCUELA POETA PABLO NERUDA",
        "cod_comuna": "5601",
        "comuna": "SAN ANTONIO",
        "origen": 1,
        "tipo_estab": 1,
        "tipo_glosa": "Escuela Municipal",
        "matricula_total": 57,
        "mat_sala_cuna": 0,
        "mat_medio": 0,
        "mat_transicion": 57,
        "slep_sostenedor": null,
        "slep_procedencia": "sin_dato"
      },
      "geometry": {
        "type": "Point",
        "coordinates": [
          -71.611908,
          -33.57589
        ]
      }
    },
    {
      "type": "Feature",
      "properties": {
        "id_estab": "14626",
        "nombre": "COLEGIO ARAUCARIAS",
        "cod_comuna": "5601",
        "comuna": "SAN ANTONIO",
        "origen": 1,
        "tipo_estab": 2,
        "tipo_glosa": "Escuela Particular Subvencionado",
        "matricula_total": 10,
        "mat_sala_cuna": 0,
        "mat_medio": 0,
        "mat_transicion": 10,
        "slep_sostenedor": null,
        "slep_procedencia": "sin_dato"
      },
      "geometry": {
        "type": "Point",
        "coordinates": [
          -71.611794,
          -33.62225
        ]
      }
    },
    {
      "type": "Feature",
      "properties": {
        "id_estab": "2020",
        "nombre": "ESCUELA PRESIDENTE PEDRO AGUIRRE CERDA",
        "cod_comuna": "5601",
        "comuna": "SAN ANTONIO",
        "origen": 1,
        "tipo_estab": 1,
        "tipo_glosa": "Escuela Municipal",
        "matricula_total": 33,
        "mat_sala_cuna": 0,
        "mat_medio": 0,
        "mat_transicion": 33,
        "slep_sostenedor": null,
        "slep_procedencia": "sin_dato"
      },
      "geometry": {
        "type": "Point",
        "coordinates": [
          -71.61367,
          -33.59737
        ]
      }
    },
    {
      "type": "Feature",
      "properties": {
        "id_estab": "40171",
        "nombre": "ENGLISH COLLEGE SAGRADO CORAZON DE MARIA",
        "cod_comuna": "5601",
        "comuna": "SAN ANTONIO",
        "origen": 1,
        "tipo_estab": 2,
        "tipo_glosa": "Escuela Particular Subvencionado",
        "matricula_total": 25,
        "mat_sala_cuna": 0,
        "mat_medio": 0,
        "mat_transicion": 25,
        "slep_sostenedor": null,
        "slep_procedencia": "sin_dato"
      },
      "geometry": {
        "type": "Point",
        "coordinates": [
          -71.608818,
          -33.5867
        ]
      }
    },
    {
      "type": "Feature",
      "properties": {
        "id_estab": "2024",
        "nombre": "PROFESOR PEDRO VIVEROS ORMENO",
        "cod_comuna": "5601",
        "comuna": "SAN ANTONIO",
        "origen": 1,
        "tipo_estab": 1,
        "tipo_glosa": "Escuela Municipal",
        "matricula_total": 25,
        "mat_sala_cuna": 0,
        "mat_medio": 0,
        "mat_transicion": 25,
        "slep_sostenedor": null,
        "slep_procedencia": "sin_dato"
      },
      "geometry": {
        "type": "Point",
        "coordinates": [
          -71.619034,
          -33.61676
        ]
      }
    },
    {
      "type": "Feature",
      "properties": {
        "id_estab": "41612",
        "nombre": "ESCUELA ESPECIAL DE LENGUAJE PICHINTUN",
        "cod_comuna": "5601",
        "comuna": "SAN ANTONIO",
        "origen": 1,
        "tipo_estab": 2,
        "tipo_glosa": "Escuela Particular Subvencionado",
        "matricula_total": 29,
        "mat_sala_cuna": 0,
        "mat_medio": 15,
        "mat_transicion": 14,
        "slep_sostenedor": null,
        "slep_procedencia": "sin_dato"
      },
      "geometry": {
        "type": "Point",
        "coordinates": [
          -71.614743,
          -33.60075
        ]
      }
    },
    {
      "type": "Feature",
      "properties": {
        "id_estab": "40037",
        "nombre": "ESC. ESPECIAL DE LENGUAJE ALIWEN",
        "cod_comuna": "5601",
        "comuna": "SAN ANTONIO",
        "origen": 1,
        "tipo_estab": 2,
        "tipo_glosa": "Escuela Particular Subvencionado",
        "matricula_total": 83,
        "mat_sala_cuna": 0,
        "mat_medio": 45,
        "mat_transicion": 38,
        "slep_sostenedor": null,
        "slep_procedencia": "sin_dato"
      },
      "geometry": {
        "type": "Point",
        "coordinates": [
          -71.60313,
          -33.59827
        ]
      }
    },
    {
      "type": "Feature",
      "properties": {
        "id_estab": "14568",
        "nombre": "COLEGIO CRISTO REY SALVADOR",
        "cod_comuna": "5601",
        "comuna": "SAN ANTONIO",
        "origen": 1,
        "tipo_estab": 2,
        "tipo_glosa": "Escuela Particular Subvencionado",
        "matricula_total": 52,
        "mat_sala_cuna": 0,
        "mat_medio": 0,
        "mat_transicion": 52,
        "slep_sostenedor": null,
        "slep_procedencia": "sin_dato"
      },
      "geometry": {
        "type": "Point",
        "coordinates": [
          -71.614807,
          -33.61079
        ]
      }
    },
    {
      "type": "Feature",
      "properties": {
        "id_estab": "14669",
        "nombre": "ESCUELA DE PARVULOS GOTITA DE LUNA",
        "cod_comuna": "5601",
        "comuna": "SAN ANTONIO",
        "origen": 1,
        "tipo_estab": 2,
        "tipo_glosa": "Escuela Particular Subvencionado",
        "matricula_total": 30,
        "mat_sala_cuna": 0,
        "mat_medio": 0,
        "mat_transicion": 30,
        "slep_sostenedor": null,
        "slep_procedencia": "sin_dato"
      },
      "geometry": {
        "type": "Point",
        "coordinates": [
          -71.603325,
          -33.588528
        ]
      }
    },
    {
      "type": "Feature",
      "properties": {
        "id_estab": "14386",
        "nombre": "ESCUELA DE PARVULOS TIRITAS DE PAPEL II",
        "cod_comuna": "5601",
        "comuna": "SAN ANTONIO",
        "origen": 1,
        "tipo_estab": 2,
        "tipo_glosa": "Escuela Particular Subvencionado",
        "matricula_total": 21,
        "mat_sala_cuna": 0,
        "mat_medio": 0,
        "mat_transicion": 21,
        "slep_sostenedor": null,
        "slep_procedencia": "sin_dato"
      },
      "geometry": {
        "type": "Point",
        "coordinates": [
          -71.59766,
          -33.6153
        ]
      }
    },
    {
      "type": "Feature",
      "properties": {
        "id_estab": "2055",
        "nombre": "COLEGIO EL RETIRO",
        "cod_comuna": "5601",
        "comuna": "SAN ANTONIO",
        "origen": 1,
        "tipo_estab": 2,
        "tipo_glosa": "Escuela Particular Subvencionado",
        "matricula_total": 26,
        "mat_sala_cuna": 0,
        "mat_medio": 0,
        "mat_transicion": 26,
        "slep_sostenedor": null,
        "slep_procedencia": "sin_dato"
      },
      "geometry": {
        "type": "Point",
        "coordinates": [
          -71.603867,
          -33.615471
        ]
      }
    },
    {
      "type": "Feature",
      "properties": {
        "id_estab": "2036",
        "nombre": "ESCUELA BASICA LEYDA",
        "cod_comuna": "5601",
        "comuna": "SAN ANTONIO",
        "origen": 1,
        "tipo_estab": 1,
        "tipo_glosa": "Escuela Municipal",
        "matricula_total": 13,
        "mat_sala_cuna": 0,
        "mat_medio": 0,
        "mat_transicion": 13,
        "slep_sostenedor": null,
        "slep_procedencia": "sin_dato"
      },
      "geometry": {
        "type": "Point",
        "coordinates": [
          -71.444366,
          -33.612942
        ]
      }
    },
    {
      "type": "Feature",
      "properties": {
        "id_estab": "2025",
        "nombre": "ESCUELA PRE-BASICA PETER PAN",
        "cod_comuna": "5601",
        "comuna": "SAN ANTONIO",
        "origen": 1,
        "tipo_estab": 1,
        "tipo_glosa": "Escuela Municipal",
        "matricula_total": 37,
        "mat_sala_cuna": 0,
        "mat_medio": 0,
        "mat_transicion": 37,
        "slep_sostenedor": null,
        "slep_procedencia": "sin_dato"
      },
      "geometry": {
        "type": "Point",
        "coordinates": [
          -71.608566,
          -33.602924
        ]
      }
    },
    {
      "type": "Feature",
      "properties": {
        "id_estab": "2035",
        "nombre": "COLEGIO AGRÍCOLA CUNCUMÉN GONZALO BARROS AMUNÁTEGUI",
        "cod_comuna": "5601",
        "comuna": "SAN ANTONIO",
        "origen": 1,
        "tipo_estab": 1,
        "tipo_glosa": "Escuela Municipal",
        "matricula_total": 20,
        "mat_sala_cuna": 0,
        "mat_medio": 0,
        "mat_transicion": 20,
        "slep_sostenedor": null,
        "slep_procedencia": "sin_dato"
      },
      "geometry": {
        "type": "Point",
        "coordinates": [
          -71.423859,
          -33.737888
        ]
      }
    },
    {
      "type": "Feature",
      "properties": {
        "id_estab": "40213",
        "nombre": "ESCUELA DE PARVULOS ARCA DE NOE",
        "cod_comuna": "5601",
        "comuna": "SAN ANTONIO",
        "origen": 1,
        "tipo_estab": 2,
        "tipo_glosa": "Escuela Particular Subvencionado",
        "matricula_total": 18,
        "mat_sala_cuna": 0,
        "mat_medio": 0,
        "mat_transicion": 18,
        "slep_sostenedor": null,
        "slep_procedencia": "sin_dato"
      },
      "geometry": {
        "type": "Point",
        "coordinates": [
          -71.597168,
          -33.593349
        ]
      }
    },
    {
      "type": "Feature",
      "properties": {
        "id_estab": "2038",
        "nombre": "ESCUELA BASICA EL ASILO",
        "cod_comuna": "5601",
        "comuna": "SAN ANTONIO",
        "origen": 1,
        "tipo_estab": 1,
        "tipo_glosa": "Escuela Municipal",
        "matricula_total": 2,
        "mat_sala_cuna": 0,
        "mat_medio": 0,
        "mat_transicion": 2,
        "slep_sostenedor": null,
        "slep_procedencia": "sin_dato"
      },
      "geometry": {
        "type": "Point",
        "coordinates": [
          -71.362953,
          -33.752621
        ]
      }
    },
    {
      "type": "Feature",
      "properties": {
        "id_estab": "14806",
        "nombre": "ESC.DE PARVULOS ARBOL DE LA VIDA",
        "cod_comuna": "5601",
        "comuna": "SAN ANTONIO",
        "origen": 1,
        "tipo_estab": 2,
        "tipo_glosa": "Escuela Particular Subvencionado",
        "matricula_total": 20,
        "mat_sala_cuna": 0,
        "mat_medio": 0,
        "mat_transicion": 20,
        "slep_sostenedor": null,
        "slep_procedencia": "sin_dato"
      },
      "geometry": {
        "type": "Point",
        "coordinates": [
          -71.59775,
          -33.59713
        ]
      }
    },
    {
      "type": "Feature",
      "properties": {
        "id_estab": "5601015",
        "nombre": "EXPLORADORES DEL MAIPO",
        "cod_comuna": "5601",
        "comuna": "SAN ANTONIO",
        "origen": 2,
        "tipo_estab": 5,
        "tipo_glosa": "JUNJI Administracion Directa",
        "matricula_total": 73,
        "mat_sala_cuna": 27,
        "mat_medio": 46,
        "mat_transicion": 0,
        "slep_sostenedor": null,
        "slep_procedencia": "sin_dato"
      },
      "geometry": {
        "type": "Point",
        "coordinates": [
          -71.60438,
          -33.62048
        ]
      }
    },
    {
      "type": "Feature",
      "properties": {
        "id_estab": "5601014",
        "nombre": "TESOROS DEL MAR",
        "cod_comuna": "5601",
        "comuna": "SAN ANTONIO",
        "origen": 2,
        "tipo_estab": 6,
        "tipo_glosa": "JUNJI VTF",
        "matricula_total": 52,
        "mat_sala_cuna": 19,
        "mat_medio": 33,
        "mat_transicion": 0,
        "slep_sostenedor": null,
        "slep_procedencia": "sin_dato"
      },
      "geometry": {
        "type": "Point",
        "coordinates": [
          -71.606548,
          -33.562526
        ]
      }
    },
    {
      "type": "Feature",
      "properties": {
        "id_estab": "5601012",
        "nombre": "ESTRELLITA DE MAR",
        "cod_comuna": "5601",
        "comuna": "SAN ANTONIO",
        "origen": 2,
        "tipo_estab": 6,
        "tipo_glosa": "JUNJI VTF",
        "matricula_total": 47,
        "mat_sala_cuna": 19,
        "mat_medio": 28,
        "mat_transicion": 0,
        "slep_sostenedor": null,
        "slep_procedencia": "sin_dato"
      },
      "geometry": {
        "type": "Point",
        "coordinates": [
          -71.619239,
          -33.617037
        ]
      }
    },
    {
      "type": "Feature",
      "properties": {
        "id_estab": "53108",
        "nombre": "FLORENCIA",
        "cod_comuna": "5601",
        "comuna": "SAN ANTONIO",
        "origen": 3,
        "tipo_estab": 7,
        "tipo_glosa": "INTEGRA Administracion Directa",
        "matricula_total": 48,
        "mat_sala_cuna": 21,
        "mat_medio": 27,
        "mat_transicion": 0,
        "slep_sostenedor": null,
        "slep_procedencia": "sin_dato"
      },
      "geometry": {
        "type": "Point",
        "coordinates": [
          -71.60099,
          -33.590723
        ]
      }
    },
    {
      "type": "Feature",
      "properties": {
        "id_estab": "14898",
        "nombre": "ESCUELA DE PARVULOS EMILITA",
        "cod_comuna": "5601",
        "comuna": "SAN ANTONIO",
        "origen": 1,
        "tipo_estab": 3,
        "tipo_glosa": "Escuela Particular Pagado",
        "matricula_total": 50,
        "mat_sala_cuna": 0,
        "mat_medio": 42,
        "mat_transicion": 8,
        "slep_sostenedor": null,
        "slep_procedencia": "sin_dato"
      },
      "geometry": {
        "type": "Point",
        "coordinates": [
          -71.59775,
          -33.61527
        ]
      }
    },
    {
      "type": "Feature",
      "properties": {
        "id_estab": "14551",
        "nombre": "ESCUELA DE LENGUAJE LOS ALMENDRALES",
        "cod_comuna": "5601",
        "comuna": "SAN ANTONIO",
        "origen": 1,
        "tipo_estab": 2,
        "tipo_glosa": "Escuela Particular Subvencionado",
        "matricula_total": 45,
        "mat_sala_cuna": 0,
        "mat_medio": 22,
        "mat_transicion": 23,
        "slep_sostenedor": null,
        "slep_procedencia": "sin_dato"
      },
      "geometry": {
        "type": "Point",
        "coordinates": [
          -71.60592,
          -33.587627
        ]
      }
    },
    {
      "type": "Feature",
      "properties": {
        "id_estab": "31447",
        "nombre": "ESCUELA ESPECIAL AITUE",
        "cod_comuna": "5601",
        "comuna": "SAN ANTONIO",
        "origen": 1,
        "tipo_estab": 2,
        "tipo_glosa": "Escuela Particular Subvencionado",
        "matricula_total": 5,
        "mat_sala_cuna": 0,
        "mat_medio": 0,
        "mat_transicion": 5,
        "slep_sostenedor": null,
        "slep_procedencia": "sin_dato"
      },
      "geometry": {
        "type": "Point",
        "coordinates": [
          -71.6033,
          -33.58384
        ]
      }
    },
    {
      "type": "Feature",
      "properties": {
        "id_estab": "14373",
        "nombre": "COLEGIO JOSE LUIS NORRIS",
        "cod_comuna": "5601",
        "comuna": "SAN ANTONIO",
        "origen": 1,
        "tipo_estab": 2,
        "tipo_glosa": "Escuela Particular Subvencionado",
        "matricula_total": 6,
        "mat_sala_cuna": 0,
        "mat_medio": 0,
        "mat_transicion": 6,
        "slep_sostenedor": null,
        "slep_procedencia": "sin_dato"
      },
      "geometry": {
        "type": "Point",
        "coordinates": [
          -71.618523,
          -33.613571
        ]
      }
    },
    {
      "type": "Feature",
      "properties": {
        "id_estab": "41916",
        "nombre": "ESCUELA HOSPITALARIA PROVINCIA SAN ANTONIO",
        "cod_comuna": "5601",
        "comuna": "SAN ANTONIO",
        "origen": 1,
        "tipo_estab": 2,
        "tipo_glosa": "Escuela Particular Subvencionado",
        "matricula_total": 3,
        "mat_sala_cuna": 0,
        "mat_medio": 0,
        "mat_transicion": 3,
        "slep_sostenedor": null,
        "slep_procedencia": "sin_dato"
      },
      "geometry": {
        "type": "Point",
        "coordinates": [
          -71.60864,
          -33.5884
        ]
      }
    },
    {
      "type": "Feature",
      "properties": {
        "id_estab": "5601003",
        "nombre": "PECECITOS DE COLORES",
        "cod_comuna": "5601",
        "comuna": "SAN ANTONIO",
        "origen": 2,
        "tipo_estab": 6,
        "tipo_glosa": "JUNJI VTF",
        "matricula_total": 93,
        "mat_sala_cuna": 13,
        "mat_medio": 80,
        "mat_transicion": 0,
        "slep_sostenedor": null,
        "slep_procedencia": "sin_dato"
      },
      "geometry": {
        "type": "Point",
        "coordinates": [
          -71.614711,
          -33.601104
        ]
      }
    },
    {
      "type": "Feature",
      "properties": {
        "id_estab": "53105",
        "nombre": "CREANDO SONRISAS",
        "cod_comuna": "5601",
        "comuna": "SAN ANTONIO",
        "origen": 3,
        "tipo_estab": 7,
        "tipo_glosa": "INTEGRA Administracion Directa",
        "matricula_total": 93,
        "mat_sala_cuna": 37,
        "mat_medio": 56,
        "mat_transicion": 0,
        "slep_sostenedor": null,
        "slep_procedencia": "sin_dato"
      },
      "geometry": {
        "type": "Point",
        "coordinates": [
          -71.606625,
          -33.596707
        ]
      }
    },
    {
      "type": "Feature",
      "properties": {
        "id_estab": "5601011",
        "nombre": "DUENDECITO DE LO GALLARDO",
        "cod_comuna": "5601",
        "comuna": "SAN ANTONIO",
        "origen": 2,
        "tipo_estab": 6,
        "tipo_glosa": "JUNJI VTF",
        "matricula_total": 51,
        "mat_sala_cuna": 20,
        "mat_medio": 31,
        "mat_transicion": 0,
        "slep_sostenedor": null,
        "slep_procedencia": "sin_dato"
      },
      "geometry": {
        "type": "Point",
        "coordinates": [
          -71.59576,
          -33.630878
        ]
      }
    },
    {
      "type": "Feature",
      "properties": {
        "id_estab": "5601009",
        "nombre": "BARQUITO DE PAPEL",
        "cod_comuna": "5601",
        "comuna": "SAN ANTONIO",
        "origen": 2,
        "tipo_estab": 6,
        "tipo_glosa": "JUNJI VTF",
        "matricula_total": 44,
        "mat_sala_cuna": 13,
        "mat_medio": 31,
        "mat_transicion": 0,
        "slep_sostenedor": null,
        "slep_procedencia": "sin_dato"
      },
      "geometry": {
        "type": "Point",
        "coordinates": [
          -71.601341,
          -33.580536
        ]
      }
    },
    {
      "type": "Feature",
      "properties": {
        "id_estab": "5601001",
        "nombre": "EL VELERITO",
        "cod_comuna": "5601",
        "comuna": "SAN ANTONIO",
        "origen": 2,
        "tipo_estab": 5,
        "tipo_glosa": "JUNJI Administracion Directa",
        "matricula_total": 113,
        "mat_sala_cuna": 35,
        "mat_medio": 78,
        "mat_transicion": 0,
        "slep_sostenedor": null,
        "slep_procedencia": "sin_dato"
      },
      "geometry": {
        "type": "Point",
        "coordinates": [
          -71.602951,
          -33.612295
        ]
      }
    },
    {
      "type": "Feature",
      "properties": {
        "id_estab": "5601007",
        "nombre": "PAÑUD",
        "cod_comuna": "5601",
        "comuna": "SAN ANTONIO",
        "origen": 2,
        "tipo_estab": 6,
        "tipo_glosa": "JUNJI VTF",
        "matricula_total": 60,
        "mat_sala_cuna": 0,
        "mat_medio": 60,
        "mat_transicion": 0,
        "slep_sostenedor": null,
        "slep_procedencia": "sin_dato"
      },
      "geometry": {
        "type": "Point",
        "coordinates": [
          -71.610091,
          -33.603486
        ]
      }
    },
    {
      "type": "Feature",
      "properties": {
        "id_estab": "5601016",
        "nombre": "BELLAVISTA, SAN ANTONIO",
        "cod_comuna": "5601",
        "comuna": "SAN ANTONIO",
        "origen": 2,
        "tipo_estab": 5,
        "tipo_glosa": "JUNJI Administracion Directa",
        "matricula_total": 92,
        "mat_sala_cuna": 38,
        "mat_medio": 54,
        "mat_transicion": 0,
        "slep_sostenedor": null,
        "slep_procedencia": "sin_dato"
      },
      "geometry": {
        "type": "Point",
        "coordinates": [
          -71.60504,
          -33.563295
        ]
      }
    },
    {
      "type": "Feature",
      "properties": {
        "id_estab": "5601004",
        "nombre": "PEQUEÑOS CONQUISTADORES",
        "cod_comuna": "5601",
        "comuna": "SAN ANTONIO",
        "origen": 2,
        "tipo_estab": 6,
        "tipo_glosa": "JUNJI VTF",
        "matricula_total": 42,
        "mat_sala_cuna": 10,
        "mat_medio": 32,
        "mat_transicion": 0,
        "slep_sostenedor": null,
        "slep_procedencia": "sin_dato"
      },
      "geometry": {
        "type": "Point",
        "coordinates": [
          -71.600665,
          -33.596805
        ]
      }
    },
    {
      "type": "Feature",
      "properties": {
        "id_estab": "5601005",
        "nombre": "POETA PABLO NERUDA",
        "cod_comuna": "5601",
        "comuna": "SAN ANTONIO",
        "origen": 2,
        "tipo_estab": 6,
        "tipo_glosa": "JUNJI VTF",
        "matricula_total": 64,
        "mat_sala_cuna": 0,
        "mat_medio": 64,
        "mat_transicion": 0,
        "slep_sostenedor": null,
        "slep_procedencia": "sin_dato"
      },
      "geometry": {
        "type": "Point",
        "coordinates": [
          -71.614974,
          -33.576081
        ]
      }
    },
    {
      "type": "Feature",
      "properties": {
        "id_estab": "53302",
        "nombre": "BOSQUEMAR",
        "cod_comuna": "5601",
        "comuna": "SAN ANTONIO",
        "origen": 3,
        "tipo_estab": 7,
        "tipo_glosa": "INTEGRA Administracion Directa",
        "matricula_total": 123,
        "mat_sala_cuna": 39,
        "mat_medio": 84,
        "mat_transicion": 0,
        "slep_sostenedor": null,
        "slep_procedencia": "sin_dato"
      },
      "geometry": {
        "type": "Point",
        "coordinates": [
          -71.669674,
          -33.448567
        ]
      }
    },
    {
      "type": "Feature",
      "properties": {
        "id_estab": "53107",
        "nombre": "PILPILÉN",
        "cod_comuna": "5601",
        "comuna": "SAN ANTONIO",
        "origen": 3,
        "tipo_estab": 7,
        "tipo_glosa": "INTEGRA Administracion Directa",
        "matricula_total": 48,
        "mat_sala_cuna": 20,
        "mat_medio": 28,
        "mat_transicion": 0,
        "slep_sostenedor": null,
        "slep_procedencia": "sin_dato"
      },
      "geometry": {
        "type": "Point",
        "coordinates": [
          -71.606679,
          -33.610273
        ]
      }
    },
    {
      "type": "Feature",
      "properties": {
        "id_estab": "42064",
        "nombre": "JARDIN INFANTIL ARCOIRIS FLORENCIA",
        "cod_comuna": "5601",
        "comuna": "SAN ANTONIO",
        "origen": 1,
        "tipo_estab": 3,
        "tipo_glosa": "Escuela Particular Pagado",
        "matricula_total": 11,
        "mat_sala_cuna": 0,
        "mat_medio": 9,
        "mat_transicion": 2,
        "slep_sostenedor": null,
        "slep_procedencia": "sin_dato"
      },
      "geometry": {
        "type": "Point",
        "coordinates": [
          -71.61107,
          -33.61766
        ]
      }
    },
    {
      "type": "Feature",
      "properties": {
        "id_estab": "5601122",
        "nombre": "CECI MAR DE COLORES",
        "cod_comuna": "5601",
        "comuna": "SAN ANTONIO",
        "origen": 2,
        "tipo_estab": 5,
        "tipo_glosa": "JUNJI Administracion Directa",
        "matricula_total": 16,
        "mat_sala_cuna": 0,
        "mat_medio": 13,
        "mat_transicion": 3,
        "slep_sostenedor": null,
        "slep_procedencia": "sin_dato"
      },
      "geometry": {
        "type": "Point",
        "coordinates": [
          -71.620385,
          -33.615763
        ]
      }
    },
    {
      "type": "Feature",
      "properties": {
        "id_estab": "5601103",
        "nombre": "LOS PEQUES",
        "cod_comuna": "5601",
        "comuna": "SAN ANTONIO",
        "origen": 2,
        "tipo_estab": 5,
        "tipo_glosa": "JUNJI Administracion Directa",
        "matricula_total": 8,
        "mat_sala_cuna": 0,
        "mat_medio": 8,
        "mat_transicion": 0,
        "slep_sostenedor": null,
        "slep_procedencia": "sin_dato"
      },
      "geometry": {
        "type": "Point",
        "coordinates": [
          -71.444447,
          -33.613255
        ]
      }
    },
    {
      "type": "Feature",
      "properties": {
        "id_estab": "5601006",
        "nombre": "LAS CARACOLAS",
        "cod_comuna": "5601",
        "comuna": "SAN ANTONIO",
        "origen": 2,
        "tipo_estab": 6,
        "tipo_glosa": "JUNJI VTF",
        "matricula_total": 38,
        "mat_sala_cuna": 38,
        "mat_medio": 0,
        "mat_transicion": 0,
        "slep_sostenedor": null,
        "slep_procedencia": "sin_dato"
      },
      "geometry": {
        "type": "Point",
        "coordinates": [
          -71.611851,
          -33.576529
        ]
      }
    },
    {
      "type": "Feature",
      "properties": {
        "id_estab": "5601008",
        "nombre": "NUBECITA DE ALGODON",
        "cod_comuna": "5601",
        "comuna": "SAN ANTONIO",
        "origen": 2,
        "tipo_estab": 6,
        "tipo_glosa": "JUNJI VTF",
        "matricula_total": 20,
        "mat_sala_cuna": 20,
        "mat_medio": 0,
        "mat_transicion": 0,
        "slep_sostenedor": null,
        "slep_procedencia": "sin_dato"
      },
      "geometry": {
        "type": "Point",
        "coordinates": [
          -71.613923,
          -33.596849
        ]
      }
    },
    {
      "type": "Feature",
      "properties": {
        "id_estab": "40370",
        "nombre": "COLEGIO PUKALAN DE ALGARROBO",
        "cod_comuna": "5602",
        "comuna": "ALGARROBO",
        "origen": 1,
        "tipo_estab": 2,
        "tipo_glosa": "Escuela Particular Subvencionado",
        "matricula_total": 50,
        "mat_sala_cuna": 0,
        "mat_medio": 0,
        "mat_transicion": 50,
        "slep_sostenedor": null,
        "slep_procedencia": "sin_dato"
      },
      "geometry": {
        "type": "Point",
        "coordinates": [
          -71.664909,
          -33.38176
        ]
      }
    },
    {
      "type": "Feature",
      "properties": {
        "id_estab": "2087",
        "nombre": "ESCUELA BASICA RURAL SAN JOSE",
        "cod_comuna": "5602",
        "comuna": "ALGARROBO",
        "origen": 1,
        "tipo_estab": 1,
        "tipo_glosa": "Escuela Municipal",
        "matricula_total": 9,
        "mat_sala_cuna": 0,
        "mat_medio": 0,
        "mat_transicion": 9,
        "slep_sostenedor": null,
        "slep_procedencia": "sin_dato"
      },
      "geometry": {
        "type": "Point",
        "coordinates": [
          -71.558647,
          -33.30228
        ]
      }
    },
    {
      "type": "Feature",
      "properties": {
        "id_estab": "2084",
        "nombre": "COLEGIO CARLOS ALESSANDRI ALTAMIRANO",
        "cod_comuna": "5602",
        "comuna": "ALGARROBO",
        "origen": 1,
        "tipo_estab": 1,
        "tipo_glosa": "Escuela Municipal",
        "matricula_total": 88,
        "mat_sala_cuna": 0,
        "mat_medio": 0,
        "mat_transicion": 88,
        "slep_sostenedor": null,
        "slep_procedencia": "sin_dato"
      },
      "geometry": {
        "type": "Point",
        "coordinates": [
          -71.665398,
          -33.37328
        ]
      }
    },
    {
      "type": "Feature",
      "properties": {
        "id_estab": "2085",
        "nombre": "ESCUELA BASICA RURAL EL YECO",
        "cod_comuna": "5602",
        "comuna": "ALGARROBO",
        "origen": 1,
        "tipo_estab": 1,
        "tipo_glosa": "Escuela Municipal",
        "matricula_total": 25,
        "mat_sala_cuna": 0,
        "mat_medio": 0,
        "mat_transicion": 25,
        "slep_sostenedor": null,
        "slep_procedencia": "sin_dato"
      },
      "geometry": {
        "type": "Point",
        "coordinates": [
          -71.645447,
          -33.31834
        ]
      }
    },
    {
      "type": "Feature",
      "properties": {
        "id_estab": "2090",
        "nombre": "COLEGIO TERESA DE LOS ANDES-ALGARROBO",
        "cod_comuna": "5602",
        "comuna": "ALGARROBO",
        "origen": 1,
        "tipo_estab": 2,
        "tipo_glosa": "Escuela Particular Subvencionado",
        "matricula_total": 70,
        "mat_sala_cuna": 0,
        "mat_medio": 0,
        "mat_transicion": 70,
        "slep_sostenedor": null,
        "slep_procedencia": "sin_dato"
      },
      "geometry": {
        "type": "Point",
        "coordinates": [
          -71.664757,
          -33.3713
        ]
      }
    },
    {
      "type": "Feature",
      "properties": {
        "id_estab": "14457",
        "nombre": "ESCUELA DE PARVULOS LOS CLAVELES",
        "cod_comuna": "5602",
        "comuna": "ALGARROBO",
        "origen": 1,
        "tipo_estab": 1,
        "tipo_glosa": "Escuela Municipal",
        "matricula_total": 49,
        "mat_sala_cuna": 0,
        "mat_medio": 0,
        "mat_transicion": 49,
        "slep_sostenedor": null,
        "slep_procedencia": "sin_dato"
      },
      "geometry": {
        "type": "Point",
        "coordinates": [
          -71.662766,
          -33.369358
        ]
      }
    },
    {
      "type": "Feature",
      "properties": {
        "id_estab": "14507",
        "nombre": "COLEGIO NUESTRO TIEMPO",
        "cod_comuna": "5602",
        "comuna": "ALGARROBO",
        "origen": 1,
        "tipo_estab": 2,
        "tipo_glosa": "Escuela Particular Subvencionado",
        "matricula_total": 40,
        "mat_sala_cuna": 0,
        "mat_medio": 0,
        "mat_transicion": 40,
        "slep_sostenedor": null,
        "slep_procedencia": "sin_dato"
      },
      "geometry": {
        "type": "Point",
        "coordinates": [
          -71.66626,
          -33.372971
        ]
      }
    },
    {
      "type": "Feature",
      "properties": {
        "id_estab": "2089",
        "nombre": "ESCUELA PARTICULAR SAN JOSE",
        "cod_comuna": "5602",
        "comuna": "ALGARROBO",
        "origen": 1,
        "tipo_estab": 2,
        "tipo_glosa": "Escuela Particular Subvencionado",
        "matricula_total": 7,
        "mat_sala_cuna": 0,
        "mat_medio": 0,
        "mat_transicion": 7,
        "slep_sostenedor": null,
        "slep_procedencia": "sin_dato"
      },
      "geometry": {
        "type": "Point",
        "coordinates": [
          -71.576172,
          -33.280109
        ]
      }
    },
    {
      "type": "Feature",
      "properties": {
        "id_estab": "5602002",
        "nombre": "MIRASOL",
        "cod_comuna": "5602",
        "comuna": "ALGARROBO",
        "origen": 2,
        "tipo_estab": 6,
        "tipo_glosa": "JUNJI VTF",
        "matricula_total": 51,
        "mat_sala_cuna": 20,
        "mat_medio": 31,
        "mat_transicion": 0,
        "slep_sostenedor": null,
        "slep_procedencia": "sin_dato"
      },
      "geometry": {
        "type": "Point",
        "coordinates": [
          -71.644213,
          -33.326661
        ]
      }
    },
    {
      "type": "Feature",
      "properties": {
        "id_estab": "5602001",
        "nombre": "LOS CLAVELES",
        "cod_comuna": "5602",
        "comuna": "ALGARROBO",
        "origen": 2,
        "tipo_estab": 6,
        "tipo_glosa": "JUNJI VTF",
        "matricula_total": 71,
        "mat_sala_cuna": 43,
        "mat_medio": 28,
        "mat_transicion": 0,
        "slep_sostenedor": null,
        "slep_procedencia": "sin_dato"
      },
      "geometry": {
        "type": "Point",
        "coordinates": [
          -71.662663,
          -33.369563
        ]
      }
    },
    {
      "type": "Feature",
      "properties": {
        "id_estab": "51606",
        "nombre": "S.C. NIDITO",
        "cod_comuna": "5602",
        "comuna": "ALGARROBO",
        "origen": 3,
        "tipo_estab": 7,
        "tipo_glosa": "INTEGRA Administracion Directa",
        "matricula_total": 12,
        "mat_sala_cuna": 12,
        "mat_medio": 0,
        "mat_transicion": 0,
        "slep_sostenedor": null,
        "slep_procedencia": "sin_dato"
      },
      "geometry": {
        "type": "Point",
        "coordinates": [
          -71.262665,
          -32.880057
        ]
      }
    },
    {
      "type": "Feature",
      "properties": {
        "id_estab": "20508",
        "nombre": "COLEGIO VILLA CARTAGO",
        "cod_comuna": "5603",
        "comuna": "CARTAGENA",
        "origen": 1,
        "tipo_estab": 1,
        "tipo_glosa": "Escuela Municipal",
        "matricula_total": 53,
        "mat_sala_cuna": 0,
        "mat_medio": 0,
        "mat_transicion": 53,
        "slep_sostenedor": null,
        "slep_procedencia": "sin_dato"
      },
      "geometry": {
        "type": "Point",
        "coordinates": [
          -71.602608,
          -33.556198
        ]
      }
    },
    {
      "type": "Feature",
      "properties": {
        "id_estab": "2066",
        "nombre": "LICEO EUGENIA SUBERCASEAUX",
        "cod_comuna": "5603",
        "comuna": "CARTAGENA",
        "origen": 1,
        "tipo_estab": 1,
        "tipo_glosa": "Escuela Municipal",
        "matricula_total": 69,
        "mat_sala_cuna": 0,
        "mat_medio": 0,
        "mat_transicion": 69,
        "slep_sostenedor": null,
        "slep_procedencia": "sin_dato"
      },
      "geometry": {
        "type": "Point",
        "coordinates": [
          -71.598213,
          -33.52433
        ]
      }
    },
    {
      "type": "Feature",
      "properties": {
        "id_estab": "14825",
        "nombre": "NUEVO COLEGIO PART. DE CARTAGENA",
        "cod_comuna": "5603",
        "comuna": "CARTAGENA",
        "origen": 1,
        "tipo_estab": 2,
        "tipo_glosa": "Escuela Particular Subvencionado",
        "matricula_total": 68,
        "mat_sala_cuna": 0,
        "mat_medio": 0,
        "mat_transicion": 68,
        "slep_sostenedor": null,
        "slep_procedencia": "sin_dato"
      },
      "geometry": {
        "type": "Point",
        "coordinates": [
          -71.598778,
          -33.547619
        ]
      }
    },
    {
      "type": "Feature",
      "properties": {
        "id_estab": "31461",
        "nombre": "ESCUELA ESPECIAL DE LENGUAJE NUEVA CALAFQUEN",
        "cod_comuna": "5603",
        "comuna": "CARTAGENA",
        "origen": 1,
        "tipo_estab": 2,
        "tipo_glosa": "Escuela Particular Subvencionado",
        "matricula_total": 102,
        "mat_sala_cuna": 0,
        "mat_medio": 44,
        "mat_transicion": 58,
        "slep_sostenedor": null,
        "slep_procedencia": "sin_dato"
      },
      "geometry": {
        "type": "Point",
        "coordinates": [
          -71.606445,
          -33.553894
        ]
      }
    },
    {
      "type": "Feature",
      "properties": {
        "id_estab": "14523",
        "nombre": "LIONS SCHOOL",
        "cod_comuna": "5603",
        "comuna": "CARTAGENA",
        "origen": 1,
        "tipo_estab": 2,
        "tipo_glosa": "Escuela Particular Subvencionado",
        "matricula_total": 136,
        "mat_sala_cuna": 0,
        "mat_medio": 0,
        "mat_transicion": 136,
        "slep_sostenedor": null,
        "slep_procedencia": "sin_dato"
      },
      "geometry": {
        "type": "Point",
        "coordinates": [
          -71.581299,
          -33.549931
        ]
      }
    },
    {
      "type": "Feature",
      "properties": {
        "id_estab": "31446",
        "nombre": "ESC. ESP. DE LENGUAJE Y JARDIN INFANTIL EL CANELO",
        "cod_comuna": "5603",
        "comuna": "CARTAGENA",
        "origen": 1,
        "tipo_estab": 2,
        "tipo_glosa": "Escuela Particular Subvencionado",
        "matricula_total": 113,
        "mat_sala_cuna": 0,
        "mat_medio": 30,
        "mat_transicion": 83,
        "slep_sostenedor": null,
        "slep_procedencia": "sin_dato"
      },
      "geometry": {
        "type": "Point",
        "coordinates": [
          -71.59615,
          -33.547703
        ]
      }
    },
    {
      "type": "Feature",
      "properties": {
        "id_estab": "14953",
        "nombre": "COLEGIO PEUMAYÉN",
        "cod_comuna": "5603",
        "comuna": "CARTAGENA",
        "origen": 1,
        "tipo_estab": 2,
        "tipo_glosa": "Escuela Particular Subvencionado",
        "matricula_total": 65,
        "mat_sala_cuna": 0,
        "mat_medio": 0,
        "mat_transicion": 65,
        "slep_sostenedor": null,
        "slep_procedencia": "sin_dato"
      },
      "geometry": {
        "type": "Point",
        "coordinates": [
          -71.602142,
          -33.549332
        ]
      }
    },
    {
      "type": "Feature",
      "properties": {
        "id_estab": "2065",
        "nombre": "ESCUELA PRESIDENTE AGUIRRE CERDA",
        "cod_comuna": "5603",
        "comuna": "CARTAGENA",
        "origen": 1,
        "tipo_estab": 1,
        "tipo_glosa": "Escuela Municipal",
        "matricula_total": 104,
        "mat_sala_cuna": 0,
        "mat_medio": 0,
        "mat_transicion": 104,
        "slep_sostenedor": null,
        "slep_procedencia": "sin_dato"
      },
      "geometry": {
        "type": "Point",
        "coordinates": [
          -71.595627,
          -33.548481
        ]
      }
    },
    {
      "type": "Feature",
      "properties": {
        "id_estab": "2068",
        "nombre": "ESCUELA CARMEN ROMERO AGUIRRE",
        "cod_comuna": "5603",
        "comuna": "CARTAGENA",
        "origen": 1,
        "tipo_estab": 1,
        "tipo_glosa": "Escuela Municipal",
        "matricula_total": 25,
        "mat_sala_cuna": 0,
        "mat_medio": 0,
        "mat_transicion": 25,
        "slep_sostenedor": null,
        "slep_procedencia": "sin_dato"
      },
      "geometry": {
        "type": "Point",
        "coordinates": [
          -71.542198,
          -33.521561
        ]
      }
    },
    {
      "type": "Feature",
      "properties": {
        "id_estab": "14950",
        "nombre": "JARDIN INFANTIL Y ESC. ESPECIAL DE LENG. SEMILLITA",
        "cod_comuna": "5603",
        "comuna": "CARTAGENA",
        "origen": 1,
        "tipo_estab": 2,
        "tipo_glosa": "Escuela Particular Subvencionado",
        "matricula_total": 68,
        "mat_sala_cuna": 0,
        "mat_medio": 38,
        "mat_transicion": 30,
        "slep_sostenedor": null,
        "slep_procedencia": "sin_dato"
      },
      "geometry": {
        "type": "Point",
        "coordinates": [
          -71.596372,
          -33.54239
        ]
      }
    },
    {
      "type": "Feature",
      "properties": {
        "id_estab": "2071",
        "nombre": "ESCUELA BASICA SAN FRANCISCO",
        "cod_comuna": "5603",
        "comuna": "CARTAGENA",
        "origen": 1,
        "tipo_estab": 1,
        "tipo_glosa": "Escuela Municipal",
        "matricula_total": 7,
        "mat_sala_cuna": 0,
        "mat_medio": 0,
        "mat_transicion": 7,
        "slep_sostenedor": null,
        "slep_procedencia": "sin_dato"
      },
      "geometry": {
        "type": "Point",
        "coordinates": [
          -71.478554,
          -33.546131
        ]
      }
    },
    {
      "type": "Feature",
      "properties": {
        "id_estab": "5603001",
        "nombre": "CARITA DE LUNA",
        "cod_comuna": "5603",
        "comuna": "CARTAGENA",
        "origen": 2,
        "tipo_estab": 6,
        "tipo_glosa": "JUNJI VTF",
        "matricula_total": 97,
        "mat_sala_cuna": 33,
        "mat_medio": 64,
        "mat_transicion": 0,
        "slep_sostenedor": null,
        "slep_procedencia": "sin_dato"
      },
      "geometry": {
        "type": "Point",
        "coordinates": [
          -71.598061,
          -33.53999
        ]
      }
    },
    {
      "type": "Feature",
      "properties": {
        "id_estab": "5603002",
        "nombre": "SUEÑOS DE NIÑOS",
        "cod_comuna": "5603",
        "comuna": "CARTAGENA",
        "origen": 2,
        "tipo_estab": 6,
        "tipo_glosa": "JUNJI VTF",
        "matricula_total": 48,
        "mat_sala_cuna": 17,
        "mat_medio": 31,
        "mat_transicion": 0,
        "slep_sostenedor": null,
        "slep_procedencia": "sin_dato"
      },
      "geometry": {
        "type": "Point",
        "coordinates": [
          -71.59148,
          -33.540592
        ]
      }
    },
    {
      "type": "Feature",
      "properties": {
        "id_estab": "5603003",
        "nombre": "CARIÑOS DE MICHELLE",
        "cod_comuna": "5603",
        "comuna": "CARTAGENA",
        "origen": 2,
        "tipo_estab": 6,
        "tipo_glosa": "JUNJI VTF",
        "matricula_total": 44,
        "mat_sala_cuna": 17,
        "mat_medio": 27,
        "mat_transicion": 0,
        "slep_sostenedor": null,
        "slep_procedencia": "sin_dato"
      },
      "geometry": {
        "type": "Point",
        "coordinates": [
          -71.598989,
          -33.524475
        ]
      }
    },
    {
      "type": "Feature",
      "properties": {
        "id_estab": "5603004",
        "nombre": "VILLA CARTAGO",
        "cod_comuna": "5603",
        "comuna": "CARTAGENA",
        "origen": 2,
        "tipo_estab": 6,
        "tipo_glosa": "JUNJI VTF",
        "matricula_total": 62,
        "mat_sala_cuna": 33,
        "mat_medio": 29,
        "mat_transicion": 0,
        "slep_sostenedor": null,
        "slep_procedencia": "sin_dato"
      },
      "geometry": {
        "type": "Point",
        "coordinates": [
          -71.602241,
          -33.5556
        ]
      }
    },
    {
      "type": "Feature",
      "properties": {
        "id_estab": "5603005",
        "nombre": "VICENTE Y LAS LETRAS",
        "cod_comuna": "5603",
        "comuna": "CARTAGENA",
        "origen": 2,
        "tipo_estab": 5,
        "tipo_glosa": "JUNJI Administracion Directa",
        "matricula_total": 42,
        "mat_sala_cuna": 18,
        "mat_medio": 24,
        "mat_transicion": 0,
        "slep_sostenedor": null,
        "slep_procedencia": "sin_dato"
      },
      "geometry": {
        "type": "Point",
        "coordinates": [
          -71.598214,
          -33.524258
        ]
      }
    },
    {
      "type": "Feature",
      "properties": {
        "id_estab": "5603006",
        "nombre": "SEMILLAS DE LO ABARCA",
        "cod_comuna": "5603",
        "comuna": "CARTAGENA",
        "origen": 2,
        "tipo_estab": 5,
        "tipo_glosa": "JUNJI Administracion Directa",
        "matricula_total": 21,
        "mat_sala_cuna": 10,
        "mat_medio": 11,
        "mat_transicion": 0,
        "slep_sostenedor": null,
        "slep_procedencia": "sin_dato"
      },
      "geometry": {
        "type": "Point",
        "coordinates": [
          -71.544135,
          -33.523086
        ]
      }
    },
    {
      "type": "Feature",
      "properties": {
        "id_estab": "51607",
        "nombre": "S.C. ANTÜ LIWEN",
        "cod_comuna": "5603",
        "comuna": "CARTAGENA",
        "origen": 3,
        "tipo_estab": 7,
        "tipo_glosa": "INTEGRA Administracion Directa",
        "matricula_total": 18,
        "mat_sala_cuna": 18,
        "mat_medio": 0,
        "mat_transicion": 0,
        "slep_sostenedor": null,
        "slep_procedencia": "sin_dato"
      },
      "geometry": {
        "type": "Point",
        "coordinates": [
          -71.253135,
          -32.875535
        ]
      }
    },
    {
      "type": "Feature",
      "properties": {
        "id_estab": "2078",
        "nombre": "COMPLEJO EDUCACIONAL CLARA SOLOVERA",
        "cod_comuna": "5604",
        "comuna": "EL QUISCO",
        "origen": 1,
        "tipo_estab": 1,
        "tipo_glosa": "Escuela Municipal",
        "matricula_total": 106,
        "mat_sala_cuna": 0,
        "mat_medio": 0,
        "mat_transicion": 106,
        "slep_sostenedor": null,
        "slep_procedencia": "sin_dato"
      },
      "geometry": {
        "type": "Point",
        "coordinates": [
          -71.694206,
          -33.40221
        ]
      }
    },
    {
      "type": "Feature",
      "properties": {
        "id_estab": "2079",
        "nombre": "ESCUELA POETA NERUDA DE ISLA NEGRA",
        "cod_comuna": "5604",
        "comuna": "EL QUISCO",
        "origen": 1,
        "tipo_estab": 1,
        "tipo_glosa": "Escuela Municipal",
        "matricula_total": 59,
        "mat_sala_cuna": 0,
        "mat_medio": 0,
        "mat_transicion": 59,
        "slep_sostenedor": null,
        "slep_procedencia": "sin_dato"
      },
      "geometry": {
        "type": "Point",
        "coordinates": [
          -71.680313,
          -33.43993
        ]
      }
    },
    {
      "type": "Feature",
      "properties": {
        "id_estab": "14876",
        "nombre": "ESC. ESP. DE LENGUAJE JARDIN DEL MAR",
        "cod_comuna": "5604",
        "comuna": "EL QUISCO",
        "origen": 1,
        "tipo_estab": 2,
        "tipo_glosa": "Escuela Particular Subvencionado",
        "matricula_total": 71,
        "mat_sala_cuna": 0,
        "mat_medio": 30,
        "mat_transicion": 41,
        "slep_sostenedor": null,
        "slep_procedencia": "sin_dato"
      },
      "geometry": {
        "type": "Point",
        "coordinates": [
          -71.69332,
          -33.39937
        ]
      }
    },
    {
      "type": "Feature",
      "properties": {
        "id_estab": "14420",
        "nombre": "COLEGIO EL ALBA",
        "cod_comuna": "5604",
        "comuna": "EL QUISCO",
        "origen": 1,
        "tipo_estab": 2,
        "tipo_glosa": "Escuela Particular Subvencionado",
        "matricula_total": 23,
        "mat_sala_cuna": 0,
        "mat_medio": 0,
        "mat_transicion": 23,
        "slep_sostenedor": null,
        "slep_procedencia": "sin_dato"
      },
      "geometry": {
        "type": "Point",
        "coordinates": [
          -71.693451,
          -33.402031
        ]
      }
    },
    {
      "type": "Feature",
      "properties": {
        "id_estab": "2081",
        "nombre": "ESCUELA EL TOTORAL",
        "cod_comuna": "5604",
        "comuna": "EL QUISCO",
        "origen": 1,
        "tipo_estab": 1,
        "tipo_glosa": "Escuela Municipal",
        "matricula_total": 60,
        "mat_sala_cuna": 0,
        "mat_medio": 0,
        "mat_transicion": 60,
        "slep_sostenedor": null,
        "slep_procedencia": "sin_dato"
      },
      "geometry": {
        "type": "Point",
        "coordinates": [
          -71.625443,
          -33.420509
        ]
      }
    },
    {
      "type": "Feature",
      "properties": {
        "id_estab": "2083",
        "nombre": "ESC.PART. SAN MIGUEL ARCANGEL",
        "cod_comuna": "5604",
        "comuna": "EL QUISCO",
        "origen": 1,
        "tipo_estab": 2,
        "tipo_glosa": "Escuela Particular Subvencionado",
        "matricula_total": 84,
        "mat_sala_cuna": 0,
        "mat_medio": 0,
        "mat_transicion": 84,
        "slep_sostenedor": null,
        "slep_procedencia": "sin_dato"
      },
      "geometry": {
        "type": "Point",
        "coordinates": [
          -71.686974,
          -33.39959
        ]
      }
    },
    {
      "type": "Feature",
      "properties": {
        "id_estab": "5604003",
        "nombre": "TRALCAMAHUIDA EL QUISCO",
        "cod_comuna": "5604",
        "comuna": "EL QUISCO",
        "origen": 2,
        "tipo_estab": 5,
        "tipo_glosa": "JUNJI Administracion Directa",
        "matricula_total": 44,
        "mat_sala_cuna": 17,
        "mat_medio": 27,
        "mat_transicion": 0,
        "slep_sostenedor": null,
        "slep_procedencia": "sin_dato"
      },
      "geometry": {
        "type": "Point",
        "coordinates": [
          -71.69761,
          -33.41299
        ]
      }
    },
    {
      "type": "Feature",
      "properties": {
        "id_estab": "53501",
        "nombre": "SANTA TERESITA",
        "cod_comuna": "5604",
        "comuna": "EL QUISCO",
        "origen": 3,
        "tipo_estab": 7,
        "tipo_glosa": "INTEGRA Administracion Directa",
        "matricula_total": 77,
        "mat_sala_cuna": 20,
        "mat_medio": 57,
        "mat_transicion": 0,
        "slep_sostenedor": null,
        "slep_procedencia": "sin_dato"
      },
      "geometry": {
        "type": "Point",
        "coordinates": [
          -71.664228,
          -33.373393
        ]
      }
    },
    {
      "type": "Feature",
      "properties": {
        "id_estab": "51602",
        "nombre": "LAS ROSAS",
        "cod_comuna": "5604",
        "comuna": "EL QUISCO",
        "origen": 3,
        "tipo_estab": 7,
        "tipo_glosa": "INTEGRA Administracion Directa",
        "matricula_total": 131,
        "mat_sala_cuna": 36,
        "mat_medio": 95,
        "mat_transicion": 0,
        "slep_sostenedor": null,
        "slep_procedencia": "sin_dato"
      },
      "geometry": {
        "type": "Point",
        "coordinates": [
          -71.260571,
          -32.886399
        ]
      }
    },
    {
      "type": "Feature",
      "properties": {
        "id_estab": "5604001",
        "nombre": "VILLA MARINA",
        "cod_comuna": "5604",
        "comuna": "EL QUISCO",
        "origen": 2,
        "tipo_estab": 6,
        "tipo_glosa": "JUNJI VTF",
        "matricula_total": 93,
        "mat_sala_cuna": 31,
        "mat_medio": 62,
        "mat_transicion": 0,
        "slep_sostenedor": null,
        "slep_procedencia": "sin_dato"
      },
      "geometry": {
        "type": "Point",
        "coordinates": [
          -71.668966,
          -33.389522
        ]
      }
    },
    {
      "type": "Feature",
      "properties": {
        "id_estab": "5604002",
        "nombre": "POETAS DE HUALLILEMU",
        "cod_comuna": "5604",
        "comuna": "EL QUISCO",
        "origen": 2,
        "tipo_estab": 5,
        "tipo_glosa": "JUNJI Administracion Directa",
        "matricula_total": 47,
        "mat_sala_cuna": 20,
        "mat_medio": 27,
        "mat_transicion": 0,
        "slep_sostenedor": null,
        "slep_procedencia": "sin_dato"
      },
      "geometry": {
        "type": "Point",
        "coordinates": [
          -71.68159,
          -33.408441
        ]
      }
    },
    {
      "type": "Feature",
      "properties": {
        "id_estab": "5604121",
        "nombre": "CECI LOS ISLEÑITOS",
        "cod_comuna": "5604",
        "comuna": "EL QUISCO",
        "origen": 2,
        "tipo_estab": 5,
        "tipo_glosa": "JUNJI Administracion Directa",
        "matricula_total": 14,
        "mat_sala_cuna": 0,
        "mat_medio": 13,
        "mat_transicion": 1,
        "slep_sostenedor": null,
        "slep_procedencia": "sin_dato"
      },
      "geometry": {
        "type": "Point",
        "coordinates": [
          -71.680258,
          -33.439975
        ]
      }
    },
    {
      "type": "Feature",
      "properties": {
        "id_estab": "2075",
        "nombre": "COLEGIO EL TABO",
        "cod_comuna": "5605",
        "comuna": "EL TABO",
        "origen": 1,
        "tipo_estab": 1,
        "tipo_glosa": "Escuela Municipal",
        "matricula_total": 56,
        "mat_sala_cuna": 0,
        "mat_medio": 0,
        "mat_transicion": 56,
        "slep_sostenedor": null,
        "slep_procedencia": "sin_dato"
      },
      "geometry": {
        "type": "Point",
        "coordinates": [
          -71.659286,
          -33.4589
        ]
      }
    },
    {
      "type": "Feature",
      "properties": {
        "id_estab": "2074",
        "nombre": "ESCUELA BASICA LAS CRUCES",
        "cod_comuna": "5605",
        "comuna": "EL TABO",
        "origen": 1,
        "tipo_estab": 1,
        "tipo_glosa": "Escuela Municipal",
        "matricula_total": 59,
        "mat_sala_cuna": 0,
        "mat_medio": 0,
        "mat_transicion": 59,
        "slep_sostenedor": null,
        "slep_procedencia": "sin_dato"
      },
      "geometry": {
        "type": "Point",
        "coordinates": [
          -71.628128,
          -33.496269
        ]
      }
    },
    {
      "type": "Feature",
      "properties": {
        "id_estab": "14569",
        "nombre": "ESCUELA DEL LENGUAJE NACAREL",
        "cod_comuna": "5605",
        "comuna": "EL TABO",
        "origen": 1,
        "tipo_estab": 2,
        "tipo_glosa": "Escuela Particular Subvencionado",
        "matricula_total": 33,
        "mat_sala_cuna": 0,
        "mat_medio": 15,
        "mat_transicion": 18,
        "slep_sostenedor": null,
        "slep_procedencia": "sin_dato"
      },
      "geometry": {
        "type": "Point",
        "coordinates": [
          -71.63318,
          -33.49532
        ]
      }
    },
    {
      "type": "Feature",
      "properties": {
        "id_estab": "2076",
        "nombre": "ESCUELA BASICA QUILLAYCILLO",
        "cod_comuna": "5605",
        "comuna": "EL TABO",
        "origen": 1,
        "tipo_estab": 1,
        "tipo_glosa": "Escuela Municipal",
        "matricula_total": 16,
        "mat_sala_cuna": 0,
        "mat_medio": 0,
        "mat_transicion": 16,
        "slep_sostenedor": null,
        "slep_procedencia": "sin_dato"
      },
      "geometry": {
        "type": "Point",
        "coordinates": [
          -71.50211,
          -33.50257
        ]
      }
    },
    {
      "type": "Feature",
      "properties": {
        "id_estab": "40048",
        "nombre": "ESC.DISCAPACIDAD INTELECTUAL NADIEL",
        "cod_comuna": "5605",
        "comuna": "EL TABO",
        "origen": 1,
        "tipo_estab": 2,
        "tipo_glosa": "Escuela Particular Subvencionado",
        "matricula_total": 4,
        "mat_sala_cuna": 0,
        "mat_medio": 0,
        "mat_transicion": 4,
        "slep_sostenedor": null,
        "slep_procedencia": "sin_dato"
      },
      "geometry": {
        "type": "Point",
        "coordinates": [
          -71.63237,
          -33.504353
        ]
      }
    },
    {
      "type": "Feature",
      "properties": {
        "id_estab": "5605001",
        "nombre": "CARITAS DE ANGEL",
        "cod_comuna": "5605",
        "comuna": "EL TABO",
        "origen": 2,
        "tipo_estab": 6,
        "tipo_glosa": "JUNJI VTF",
        "matricula_total": 53,
        "mat_sala_cuna": 20,
        "mat_medio": 33,
        "mat_transicion": 0,
        "slep_sostenedor": null,
        "slep_procedencia": "sin_dato"
      },
      "geometry": {
        "type": "Point",
        "coordinates": [
          -71.623716,
          -33.490721
        ]
      }
    },
    {
      "type": "Feature",
      "properties": {
        "id_estab": "53401",
        "nombre": "NUESTRA SEÑORA DE LAS MERCEDES",
        "cod_comuna": "5605",
        "comuna": "EL TABO",
        "origen": 3,
        "tipo_estab": 7,
        "tipo_glosa": "INTEGRA Administracion Directa",
        "matricula_total": 49,
        "mat_sala_cuna": 19,
        "mat_medio": 30,
        "mat_transicion": 0,
        "slep_sostenedor": null,
        "slep_procedencia": "sin_dato"
      },
      "geometry": {
        "type": "Point",
        "coordinates": [
          -71.689439,
          -33.398243
        ]
      }
    },
    {
      "type": "Feature",
      "properties": {
        "id_estab": "5605002",
        "nombre": "CRECIENDO ENTRE POETAS",
        "cod_comuna": "5605",
        "comuna": "EL TABO",
        "origen": 2,
        "tipo_estab": 5,
        "tipo_glosa": "JUNJI Administracion Directa",
        "matricula_total": 47,
        "mat_sala_cuna": 19,
        "mat_medio": 28,
        "mat_transicion": 0,
        "slep_sostenedor": null,
        "slep_procedencia": "sin_dato"
      },
      "geometry": {
        "type": "Point",
        "coordinates": [
          -71.619633,
          -33.499347
        ]
      }
    },
    {
      "type": "Feature",
      "properties": {
        "id_estab": "42211",
        "nombre": "COLEGIO PUCAIQUEN",
        "cod_comuna": "5606",
        "comuna": "SANTO DOMINGO",
        "origen": 1,
        "tipo_estab": 3,
        "tipo_glosa": "Escuela Particular Pagado",
        "matricula_total": 56,
        "mat_sala_cuna": 0,
        "mat_medio": 10,
        "mat_transicion": 46,
        "slep_sostenedor": null,
        "slep_procedencia": "sin_dato"
      },
      "geometry": {
        "type": "Point",
        "coordinates": [
          -71.609318,
          -33.655282
        ]
      }
    },
    {
      "type": "Feature",
      "properties": {
        "id_estab": "2091",
        "nombre": "COLEGIO BICENTENARIO PEOPLE HELP PEOPLE",
        "cod_comuna": "5606",
        "comuna": "SANTO DOMINGO",
        "origen": 1,
        "tipo_estab": 1,
        "tipo_glosa": "Escuela Municipal",
        "matricula_total": 127,
        "mat_sala_cuna": 0,
        "mat_medio": 0,
        "mat_transicion": 127,
        "slep_sostenedor": null,
        "slep_procedencia": "sin_dato"
      },
      "geometry": {
        "type": "Point",
        "coordinates": [
          -71.614159,
          -33.63533
        ]
      }
    },
    {
      "type": "Feature",
      "properties": {
        "id_estab": "2092",
        "nombre": "ESCUELA EL CONVENTO",
        "cod_comuna": "5606",
        "comuna": "SANTO DOMINGO",
        "origen": 1,
        "tipo_estab": 1,
        "tipo_glosa": "Escuela Municipal",
        "matricula_total": 32,
        "mat_sala_cuna": 0,
        "mat_medio": 0,
        "mat_transicion": 32,
        "slep_sostenedor": null,
        "slep_procedencia": "sin_dato"
      },
      "geometry": {
        "type": "Point",
        "coordinates": [
          -71.618958,
          -33.771519
        ]
      }
    },
    {
      "type": "Feature",
      "properties": {
        "id_estab": "2099",
        "nombre": "COLEGIO STO. DOMINGO HELEN LEE LASSEN",
        "cod_comuna": "5606",
        "comuna": "SANTO DOMINGO",
        "origen": 1,
        "tipo_estab": 2,
        "tipo_glosa": "Escuela Particular Subvencionado",
        "matricula_total": 34,
        "mat_sala_cuna": 0,
        "mat_medio": 0,
        "mat_transicion": 34,
        "slep_sostenedor": null,
        "slep_procedencia": "sin_dato"
      },
      "geometry": {
        "type": "Point",
        "coordinates": [
          -71.623161,
          -33.636169
        ]
      }
    },
    {
      "type": "Feature",
      "properties": {
        "id_estab": "2096",
        "nombre": "ESCUELA BASICA CLAUDIO VICUNA",
        "cod_comuna": "5606",
        "comuna": "SANTO DOMINGO",
        "origen": 1,
        "tipo_estab": 1,
        "tipo_glosa": "Escuela Municipal",
        "matricula_total": 39,
        "mat_sala_cuna": 0,
        "mat_medio": 0,
        "mat_transicion": 39,
        "slep_sostenedor": null,
        "slep_procedencia": "sin_dato"
      },
      "geometry": {
        "type": "Point",
        "coordinates": [
          -71.656937,
          -33.854118
        ]
      }
    },
    {
      "type": "Feature",
      "properties": {
        "id_estab": "14751",
        "nombre": "COLEGIO EL ROBLE DE SANTO DOMINGO",
        "cod_comuna": "5606",
        "comuna": "SANTO DOMINGO",
        "origen": 1,
        "tipo_estab": 2,
        "tipo_glosa": "Escuela Particular Subvencionado",
        "matricula_total": 58,
        "mat_sala_cuna": 0,
        "mat_medio": 0,
        "mat_transicion": 58,
        "slep_sostenedor": null,
        "slep_procedencia": "sin_dato"
      },
      "geometry": {
        "type": "Point",
        "coordinates": [
          -71.601639,
          -33.67131
        ]
      }
    },
    {
      "type": "Feature",
      "properties": {
        "id_estab": "42178",
        "nombre": "COLEGIO AGUSTIN DE HIPONA",
        "cod_comuna": "5606",
        "comuna": "SANTO DOMINGO",
        "origen": 1,
        "tipo_estab": 3,
        "tipo_glosa": "Escuela Particular Pagado",
        "matricula_total": 10,
        "mat_sala_cuna": 0,
        "mat_medio": 0,
        "mat_transicion": 10,
        "slep_sostenedor": null,
        "slep_procedencia": "sin_dato"
      },
      "geometry": {
        "type": "Point",
        "coordinates": [
          -71.599782,
          -33.675028
        ]
      }
    },
    {
      "type": "Feature",
      "properties": {
        "id_estab": "53101",
        "nombre": "EL PRINCIPITO",
        "cod_comuna": "5606",
        "comuna": "SANTO DOMINGO",
        "origen": 3,
        "tipo_estab": 7,
        "tipo_glosa": "INTEGRA Administracion Directa",
        "matricula_total": 112,
        "mat_sala_cuna": 31,
        "mat_medio": 81,
        "mat_transicion": 0,
        "slep_sostenedor": null,
        "slep_procedencia": "sin_dato"
      },
      "geometry": {
        "type": "Point",
        "coordinates": [
          -71.610937,
          -33.603712
        ]
      }
    },
    {
      "type": "Feature",
      "properties": {
        "id_estab": "5606001",
        "nombre": "LOS PRADOS",
        "cod_comuna": "5606",
        "comuna": "SANTO DOMINGO",
        "origen": 2,
        "tipo_estab": 6,
        "tipo_glosa": "JUNJI VTF",
        "matricula_total": 102,
        "mat_sala_cuna": 41,
        "mat_medio": 61,
        "mat_transicion": 0,
        "slep_sostenedor": null,
        "slep_procedencia": "sin_dato"
      },
      "geometry": {
        "type": "Point",
        "coordinates": [
          -71.612443,
          -33.637016
        ]
      }
    },
    {
      "type": "Feature",
      "properties": {
        "id_estab": "5606002",
        "nombre": "LOS MAITENES",
        "cod_comuna": "5606",
        "comuna": "SANTO DOMINGO",
        "origen": 2,
        "tipo_estab": 6,
        "tipo_glosa": "JUNJI VTF",
        "matricula_total": 52,
        "mat_sala_cuna": 20,
        "mat_medio": 32,
        "mat_transicion": 0,
        "slep_sostenedor": null,
        "slep_procedencia": "sin_dato"
      },
      "geometry": {
        "type": "Point",
        "coordinates": [
          -71.609999,
          -33.645802
        ]
      }
    },
    {
      "type": "Feature",
      "properties": {
        "id_estab": "5606003",
        "nombre": "MADRE TIERRA",
        "cod_comuna": "5606",
        "comuna": "SANTO DOMINGO",
        "origen": 2,
        "tipo_estab": 6,
        "tipo_glosa": "JUNJI VTF",
        "matricula_total": 42,
        "mat_sala_cuna": 13,
        "mat_medio": 29,
        "mat_transicion": 0,
        "slep_sostenedor": null,
        "slep_procedencia": "sin_dato"
      },
      "geometry": {
        "type": "Point",
        "coordinates": [
          -71.618893,
          -33.770911
        ]
      }
    },
    {
      "type": "Feature",
      "properties": {
        "id_estab": "5606005",
        "nombre": "CARITAS FELICES",
        "cod_comuna": "5606",
        "comuna": "SANTO DOMINGO",
        "origen": 2,
        "tipo_estab": 5,
        "tipo_glosa": "JUNJI Administracion Directa",
        "matricula_total": 17,
        "mat_sala_cuna": 0,
        "mat_medio": 16,
        "mat_transicion": 1,
        "slep_sostenedor": null,
        "slep_procedencia": "sin_dato"
      },
      "geometry": {
        "type": "Point",
        "coordinates": [
          -71.657149,
          -33.853975
        ]
      }
    },
    {
      "type": "Feature",
      "properties": {
        "id_estab": "1288",
        "nombre": "INSTITUTO ABDON CIFUENTES",
        "cod_comuna": "5701",
        "comuna": "SAN FELIPE",
        "origen": 1,
        "tipo_estab": 3,
        "tipo_glosa": "Escuela Particular Pagado",
        "matricula_total": 117,
        "mat_sala_cuna": 0,
        "mat_medio": 0,
        "mat_transicion": 117,
        "slep_sostenedor": null,
        "slep_procedencia": "sin_dato"
      },
      "geometry": {
        "type": "Point",
        "coordinates": [
          -70.72382,
          -32.753392
        ]
      }
    },
    {
      "type": "Feature",
      "properties": {
        "id_estab": "1276",
        "nombre": "ESCUELA ESPECIAL SAGRADO CORAZON",
        "cod_comuna": "5701",
        "comuna": "SAN FELIPE",
        "origen": 1,
        "tipo_estab": 1,
        "tipo_glosa": "Escuela Municipal",
        "matricula_total": 15,
        "mat_sala_cuna": 0,
        "mat_medio": 0,
        "mat_transicion": 15,
        "slep_sostenedor": null,
        "slep_procedencia": "sin_dato"
      },
      "geometry": {
        "type": "Point",
        "coordinates": [
          -70.71833,
          -32.753521
        ]
      }
    },
    {
      "type": "Feature",
      "properties": {
        "id_estab": "14933",
        "nombre": "ESC. ESP. DE LENG. CUMBRES DE ACONCAGUA",
        "cod_comuna": "5701",
        "comuna": "SAN FELIPE",
        "origen": 1,
        "tipo_estab": 2,
        "tipo_glosa": "Escuela Particular Subvencionado",
        "matricula_total": 118,
        "mat_sala_cuna": 0,
        "mat_medio": 38,
        "mat_transicion": 80,
        "slep_sostenedor": null,
        "slep_procedencia": "sin_dato"
      },
      "geometry": {
        "type": "Point",
        "coordinates": [
          -70.700005,
          -32.76948
        ]
      }
    },
    {
      "type": "Feature",
      "properties": {
        "id_estab": "1279",
        "nombre": "ESCUELA CARMELA CARVAJAL DE PRAT",
        "cod_comuna": "5701",
        "comuna": "SAN FELIPE",
        "origen": 1,
        "tipo_estab": 1,
        "tipo_glosa": "Escuela Municipal",
        "matricula_total": 28,
        "mat_sala_cuna": 0,
        "mat_medio": 0,
        "mat_transicion": 28,
        "slep_sostenedor": null,
        "slep_procedencia": "sin_dato"
      },
      "geometry": {
        "type": "Point",
        "coordinates": [
          -70.678123,
          -32.78899
        ]
      }
    },
    {
      "type": "Feature",
      "properties": {
        "id_estab": "1292",
        "nombre": "COLEGIO ALONSO DE ERCILLA",
        "cod_comuna": "5701",
        "comuna": "SAN FELIPE",
        "origen": 1,
        "tipo_estab": 2,
        "tipo_glosa": "Escuela Particular Subvencionado",
        "matricula_total": 102,
        "mat_sala_cuna": 0,
        "mat_medio": 0,
        "mat_transicion": 102,
        "slep_sostenedor": null,
        "slep_procedencia": "sin_dato"
      },
      "geometry": {
        "type": "Point",
        "coordinates": [
          -70.725273,
          -32.747589
        ]
      }
    },
    {
      "type": "Feature",
      "properties": {
        "id_estab": "1290",
        "nombre": "COLEGIO SANTA JUANA DE ARCO",
        "cod_comuna": "5701",
        "comuna": "SAN FELIPE",
        "origen": 1,
        "tipo_estab": 2,
        "tipo_glosa": "Escuela Particular Subvencionado",
        "matricula_total": 46,
        "mat_sala_cuna": 0,
        "mat_medio": 0,
        "mat_transicion": 46,
        "slep_sostenedor": null,
        "slep_procedencia": "sin_dato"
      },
      "geometry": {
        "type": "Point",
        "coordinates": [
          -70.728691,
          -32.751789
        ]
      }
    },
    {
      "type": "Feature",
      "properties": {
        "id_estab": "14879",
        "nombre": "LICEO PART, MIXTO SAN FELIPE",
        "cod_comuna": "5701",
        "comuna": "SAN FELIPE",
        "origen": 1,
        "tipo_estab": 2,
        "tipo_glosa": "Escuela Particular Subvencionado",
        "matricula_total": 89,
        "mat_sala_cuna": 0,
        "mat_medio": 0,
        "mat_transicion": 89,
        "slep_sostenedor": null,
        "slep_procedencia": "sin_dato"
      },
      "geometry": {
        "type": "Point",
        "coordinates": [
          -70.700447,
          -32.751572
        ]
      }
    },
    {
      "type": "Feature",
      "properties": {
        "id_estab": "1268",
        "nombre": "ESCUELA BASICA JOSE DE SAN MARTIN",
        "cod_comuna": "5701",
        "comuna": "SAN FELIPE",
        "origen": 1,
        "tipo_estab": 1,
        "tipo_glosa": "Escuela Municipal",
        "matricula_total": 61,
        "mat_sala_cuna": 0,
        "mat_medio": 0,
        "mat_transicion": 61,
        "slep_sostenedor": null,
        "slep_procedencia": "sin_dato"
      },
      "geometry": {
        "type": "Point",
        "coordinates": [
          -70.722992,
          -32.75293
        ]
      }
    },
    {
      "type": "Feature",
      "properties": {
        "id_estab": "1271",
        "nombre": "ESCUELA JOSÉ ANTONIO MANSO DE VELASCO",
        "cod_comuna": "5701",
        "comuna": "SAN FELIPE",
        "origen": 1,
        "tipo_estab": 1,
        "tipo_glosa": "Escuela Municipal",
        "matricula_total": 42,
        "mat_sala_cuna": 0,
        "mat_medio": 0,
        "mat_transicion": 42,
        "slep_sostenedor": null,
        "slep_procedencia": "sin_dato"
      },
      "geometry": {
        "type": "Point",
        "coordinates": [
          -70.728897,
          -32.74511
        ]
      }
    },
    {
      "type": "Feature",
      "properties": {
        "id_estab": "1269",
        "nombre": "ESCUELA JOHN F KENNEDY",
        "cod_comuna": "5701",
        "comuna": "SAN FELIPE",
        "origen": 1,
        "tipo_estab": 1,
        "tipo_glosa": "Escuela Municipal",
        "matricula_total": 37,
        "mat_sala_cuna": 0,
        "mat_medio": 0,
        "mat_transicion": 37,
        "slep_sostenedor": null,
        "slep_procedencia": "sin_dato"
      },
      "geometry": {
        "type": "Point",
        "coordinates": [
          -70.714104,
          -32.749981
        ]
      }
    },
    {
      "type": "Feature",
      "properties": {
        "id_estab": "1266",
        "nombre": "ESCUELA MANUEL RODRIGUEZ ERDOIZA",
        "cod_comuna": "5701",
        "comuna": "SAN FELIPE",
        "origen": 1,
        "tipo_estab": 1,
        "tipo_glosa": "Escuela Municipal",
        "matricula_total": 19,
        "mat_sala_cuna": 0,
        "mat_medio": 0,
        "mat_transicion": 19,
        "slep_sostenedor": null,
        "slep_procedencia": "sin_dato"
      },
      "geometry": {
        "type": "Point",
        "coordinates": [
          -70.727112,
          -32.757771
        ]
      }
    },
    {
      "type": "Feature",
      "properties": {
        "id_estab": "1294",
        "nombre": "COLEGIO PARTICULAR PUMANQUE",
        "cod_comuna": "5701",
        "comuna": "SAN FELIPE",
        "origen": 1,
        "tipo_estab": 2,
        "tipo_glosa": "Escuela Particular Subvencionado",
        "matricula_total": 67,
        "mat_sala_cuna": 0,
        "mat_medio": 0,
        "mat_transicion": 67,
        "slep_sostenedor": null,
        "slep_procedencia": "sin_dato"
      },
      "geometry": {
        "type": "Point",
        "coordinates": [
          -70.725082,
          -32.753109
        ]
      }
    },
    {
      "type": "Feature",
      "properties": {
        "id_estab": "1275",
        "nombre": "ESCUELA BUEN PASTOR",
        "cod_comuna": "5701",
        "comuna": "SAN FELIPE",
        "origen": 1,
        "tipo_estab": 1,
        "tipo_glosa": "Escuela Municipal",
        "matricula_total": 29,
        "mat_sala_cuna": 0,
        "mat_medio": 0,
        "mat_transicion": 29,
        "slep_sostenedor": null,
        "slep_procedencia": "sin_dato"
      },
      "geometry": {
        "type": "Point",
        "coordinates": [
          -70.72126,
          -32.755322
        ]
      }
    },
    {
      "type": "Feature",
      "properties": {
        "id_estab": "1265",
        "nombre": "ESCUELA BASICA BERNARDO O HIGGINS R.",
        "cod_comuna": "5701",
        "comuna": "SAN FELIPE",
        "origen": 1,
        "tipo_estab": 1,
        "tipo_glosa": "Escuela Municipal",
        "matricula_total": 34,
        "mat_sala_cuna": 0,
        "mat_medio": 0,
        "mat_transicion": 34,
        "slep_sostenedor": null,
        "slep_procedencia": "sin_dato"
      },
      "geometry": {
        "type": "Point",
        "coordinates": [
          -70.724167,
          -32.74218
        ]
      }
    },
    {
      "type": "Feature",
      "properties": {
        "id_estab": "14697",
        "nombre": "LICEO BICENTENARIO CORDILLERA DE SAN FELIPE",
        "cod_comuna": "5701",
        "comuna": "SAN FELIPE",
        "origen": 1,
        "tipo_estab": 1,
        "tipo_glosa": "Escuela Municipal",
        "matricula_total": 66,
        "mat_sala_cuna": 0,
        "mat_medio": 0,
        "mat_transicion": 66,
        "slep_sostenedor": null,
        "slep_procedencia": "sin_dato"
      },
      "geometry": {
        "type": "Point",
        "coordinates": [
          -70.708473,
          -32.742149
        ]
      }
    },
    {
      "type": "Feature",
      "properties": {
        "id_estab": "1287",
        "nombre": "ESCUELA JOSE BERNARDO SUAREZ",
        "cod_comuna": "5701",
        "comuna": "SAN FELIPE",
        "origen": 1,
        "tipo_estab": 1,
        "tipo_glosa": "Escuela Municipal",
        "matricula_total": 16,
        "mat_sala_cuna": 0,
        "mat_medio": 0,
        "mat_transicion": 16,
        "slep_sostenedor": null,
        "slep_procedencia": "sin_dato"
      },
      "geometry": {
        "type": "Point",
        "coordinates": [
          -70.746193,
          -32.711349
        ]
      }
    },
    {
      "type": "Feature",
      "properties": {
        "id_estab": "12309",
        "nombre": "COLEGIO PIRAMIDE",
        "cod_comuna": "5701",
        "comuna": "SAN FELIPE",
        "origen": 1,
        "tipo_estab": 2,
        "tipo_glosa": "Escuela Particular Subvencionado",
        "matricula_total": 47,
        "mat_sala_cuna": 0,
        "mat_medio": 0,
        "mat_transicion": 47,
        "slep_sostenedor": null,
        "slep_procedencia": "sin_dato"
      },
      "geometry": {
        "type": "Point",
        "coordinates": [
          -70.707153,
          -32.754978
        ]
      }
    },
    {
      "type": "Feature",
      "properties": {
        "id_estab": "1281",
        "nombre": "ESCUELA REPUBLICA ARGENTINA",
        "cod_comuna": "5701",
        "comuna": "SAN FELIPE",
        "origen": 1,
        "tipo_estab": 1,
        "tipo_glosa": "Escuela Municipal",
        "matricula_total": 17,
        "mat_sala_cuna": 0,
        "mat_medio": 0,
        "mat_transicion": 17,
        "slep_sostenedor": null,
        "slep_procedencia": "sin_dato"
      },
      "geometry": {
        "type": "Point",
        "coordinates": [
          -70.68251,
          -32.764324
        ]
      }
    },
    {
      "type": "Feature",
      "properties": {
        "id_estab": "1291",
        "nombre": "COLEGIO JOSE AGUSTIN GOMEZ",
        "cod_comuna": "5701",
        "comuna": "SAN FELIPE",
        "origen": 1,
        "tipo_estab": 2,
        "tipo_glosa": "Escuela Particular Subvencionado",
        "matricula_total": 72,
        "mat_sala_cuna": 0,
        "mat_medio": 0,
        "mat_transicion": 72,
        "slep_sostenedor": null,
        "slep_procedencia": "sin_dato"
      },
      "geometry": {
        "type": "Point",
        "coordinates": [
          -70.726463,
          -32.746391
        ]
      }
    },
    {
      "type": "Feature",
      "properties": {
        "id_estab": "14949",
        "nombre": "ESCUELA ESPECIAL DE LENGUAJE CURIMON",
        "cod_comuna": "5701",
        "comuna": "SAN FELIPE",
        "origen": 1,
        "tipo_estab": 2,
        "tipo_glosa": "Escuela Particular Subvencionado",
        "matricula_total": 72,
        "mat_sala_cuna": 0,
        "mat_medio": 25,
        "mat_transicion": 47,
        "slep_sostenedor": null,
        "slep_procedencia": "sin_dato"
      },
      "geometry": {
        "type": "Point",
        "coordinates": [
          -70.72081,
          -32.75
        ]
      }
    },
    {
      "type": "Feature",
      "properties": {
        "id_estab": "14856",
        "nombre": "SUNNYLAND SCHOOL",
        "cod_comuna": "5701",
        "comuna": "SAN FELIPE",
        "origen": 1,
        "tipo_estab": 2,
        "tipo_glosa": "Escuela Particular Subvencionado",
        "matricula_total": 46,
        "mat_sala_cuna": 0,
        "mat_medio": 0,
        "mat_transicion": 46,
        "slep_sostenedor": null,
        "slep_procedencia": "sin_dato"
      },
      "geometry": {
        "type": "Point",
        "coordinates": [
          -70.737991,
          -32.72802
        ]
      }
    },
    {
      "type": "Feature",
      "properties": {
        "id_estab": "14750",
        "nombre": "COLEGIO GREENLAND SAN FELIPE",
        "cod_comuna": "5701",
        "comuna": "SAN FELIPE",
        "origen": 1,
        "tipo_estab": 2,
        "tipo_glosa": "Escuela Particular Subvencionado",
        "matricula_total": 49,
        "mat_sala_cuna": 0,
        "mat_medio": 0,
        "mat_transicion": 49,
        "slep_sostenedor": null,
        "slep_procedencia": "sin_dato"
      },
      "geometry": {
        "type": "Point",
        "coordinates": [
          -70.697906,
          -32.737831
        ]
      }
    },
    {
      "type": "Feature",
      "properties": {
        "id_estab": "14412",
        "nombre": "COLEGIO SAN PABLO",
        "cod_comuna": "5701",
        "comuna": "SAN FELIPE",
        "origen": 1,
        "tipo_estab": 2,
        "tipo_glosa": "Escuela Particular Subvencionado",
        "matricula_total": 23,
        "mat_sala_cuna": 0,
        "mat_medio": 0,
        "mat_transicion": 23,
        "slep_sostenedor": null,
        "slep_procedencia": "sin_dato"
      },
      "geometry": {
        "type": "Point",
        "coordinates": [
          -70.727493,
          -32.75716
        ]
      }
    },
    {
      "type": "Feature",
      "properties": {
        "id_estab": "14614",
        "nombre": "COLEGIO VEDRUNA",
        "cod_comuna": "5701",
        "comuna": "SAN FELIPE",
        "origen": 1,
        "tipo_estab": 2,
        "tipo_glosa": "Escuela Particular Subvencionado",
        "matricula_total": 42,
        "mat_sala_cuna": 0,
        "mat_medio": 0,
        "mat_transicion": 42,
        "slep_sostenedor": null,
        "slep_procedencia": "sin_dato"
      },
      "geometry": {
        "type": "Point",
        "coordinates": [
          -70.723328,
          -32.750481
        ]
      }
    },
    {
      "type": "Feature",
      "properties": {
        "id_estab": "1274",
        "nombre": "ESCUELA ALMENDRAL",
        "cod_comuna": "5701",
        "comuna": "SAN FELIPE",
        "origen": 1,
        "tipo_estab": 1,
        "tipo_glosa": "Escuela Municipal",
        "matricula_total": 27,
        "mat_sala_cuna": 0,
        "mat_medio": 0,
        "mat_transicion": 27,
        "slep_sostenedor": null,
        "slep_procedencia": "sin_dato"
      },
      "geometry": {
        "type": "Point",
        "coordinates": [
          -70.691109,
          -32.751671
        ]
      }
    },
    {
      "type": "Feature",
      "properties": {
        "id_estab": "14739",
        "nombre": "ESCUELA DE LENGUAJE TRIGAL",
        "cod_comuna": "5701",
        "comuna": "SAN FELIPE",
        "origen": 1,
        "tipo_estab": 2,
        "tipo_glosa": "Escuela Particular Subvencionado",
        "matricula_total": 48,
        "mat_sala_cuna": 0,
        "mat_medio": 15,
        "mat_transicion": 33,
        "slep_sostenedor": null,
        "slep_procedencia": "sin_dato"
      },
      "geometry": {
        "type": "Point",
        "coordinates": [
          -70.73318,
          -32.74032
        ]
      }
    },
    {
      "type": "Feature",
      "properties": {
        "id_estab": "14798",
        "nombre": "ESCUELA DE LENGUAJE CAICURA",
        "cod_comuna": "5701",
        "comuna": "SAN FELIPE",
        "origen": 1,
        "tipo_estab": 2,
        "tipo_glosa": "Escuela Particular Subvencionado",
        "matricula_total": 65,
        "mat_sala_cuna": 0,
        "mat_medio": 25,
        "mat_transicion": 40,
        "slep_sostenedor": null,
        "slep_procedencia": "sin_dato"
      },
      "geometry": {
        "type": "Point",
        "coordinates": [
          -70.72448,
          -32.75275
        ]
      }
    },
    {
      "type": "Feature",
      "properties": {
        "id_estab": "14705",
        "nombre": "ESC.DE LENG. SEMBRANDO PALABRAS",
        "cod_comuna": "5701",
        "comuna": "SAN FELIPE",
        "origen": 1,
        "tipo_estab": 2,
        "tipo_glosa": "Escuela Particular Subvencionado",
        "matricula_total": 69,
        "mat_sala_cuna": 0,
        "mat_medio": 28,
        "mat_transicion": 41,
        "slep_sostenedor": null,
        "slep_procedencia": "sin_dato"
      },
      "geometry": {
        "type": "Point",
        "coordinates": [
          -70.72023,
          -32.743214
        ]
      }
    },
    {
      "type": "Feature",
      "properties": {
        "id_estab": "20373",
        "nombre": "ESCUELA ESPECIAL DE LENGUAJE RAIMAU",
        "cod_comuna": "5701",
        "comuna": "SAN FELIPE",
        "origen": 1,
        "tipo_estab": 2,
        "tipo_glosa": "Escuela Particular Subvencionado",
        "matricula_total": 38,
        "mat_sala_cuna": 0,
        "mat_medio": 15,
        "mat_transicion": 23,
        "slep_sostenedor": null,
        "slep_procedencia": "sin_dato"
      },
      "geometry": {
        "type": "Point",
        "coordinates": [
          -70.71803,
          -32.75884
        ]
      }
    },
    {
      "type": "Feature",
      "properties": {
        "id_estab": "1280",
        "nombre": "ESCUELA 21 DE MAYO",
        "cod_comuna": "5701",
        "comuna": "SAN FELIPE",
        "origen": 1,
        "tipo_estab": 1,
        "tipo_glosa": "Escuela Municipal",
        "matricula_total": 22,
        "mat_sala_cuna": 0,
        "mat_medio": 0,
        "mat_transicion": 22,
        "slep_sostenedor": null,
        "slep_procedencia": "sin_dato"
      },
      "geometry": {
        "type": "Point",
        "coordinates": [
          -70.765213,
          -32.694328
        ]
      }
    },
    {
      "type": "Feature",
      "properties": {
        "id_estab": "14531",
        "nombre": "ESC.ESPEC.LENG. MIS NUEVAS PALABRAS",
        "cod_comuna": "5701",
        "comuna": "SAN FELIPE",
        "origen": 1,
        "tipo_estab": 2,
        "tipo_glosa": "Escuela Particular Subvencionado",
        "matricula_total": 61,
        "mat_sala_cuna": 0,
        "mat_medio": 23,
        "mat_transicion": 38,
        "slep_sostenedor": null,
        "slep_procedencia": "sin_dato"
      },
      "geometry": {
        "type": "Point",
        "coordinates": [
          -70.72055,
          -32.742928
        ]
      }
    },
    {
      "type": "Feature",
      "properties": {
        "id_estab": "16990",
        "nombre": "ESCUELA ESPECIAL DE LENGUAJE MAGRACE",
        "cod_comuna": "5701",
        "comuna": "SAN FELIPE",
        "origen": 1,
        "tipo_estab": 2,
        "tipo_glosa": "Escuela Particular Subvencionado",
        "matricula_total": 57,
        "mat_sala_cuna": 0,
        "mat_medio": 17,
        "mat_transicion": 40,
        "slep_sostenedor": null,
        "slep_procedencia": "sin_dato"
      },
      "geometry": {
        "type": "Point",
        "coordinates": [
          -70.72011,
          -32.75293
        ]
      }
    },
    {
      "type": "Feature",
      "properties": {
        "id_estab": "1285",
        "nombre": "ESCUELA MATEO COKLJAT K",
        "cod_comuna": "5701",
        "comuna": "SAN FELIPE",
        "origen": 1,
        "tipo_estab": 1,
        "tipo_glosa": "Escuela Municipal",
        "matricula_total": 21,
        "mat_sala_cuna": 0,
        "mat_medio": 0,
        "mat_transicion": 21,
        "slep_sostenedor": null,
        "slep_procedencia": "sin_dato"
      },
      "geometry": {
        "type": "Point",
        "coordinates": [
          -70.714073,
          -32.7868
        ]
      }
    },
    {
      "type": "Feature",
      "properties": {
        "id_estab": "1264",
        "nombre": "LICEO SAN FELIPE",
        "cod_comuna": "5701",
        "comuna": "SAN FELIPE",
        "origen": 1,
        "tipo_estab": 1,
        "tipo_glosa": "Escuela Municipal",
        "matricula_total": 54,
        "mat_sala_cuna": 0,
        "mat_medio": 0,
        "mat_transicion": 54,
        "slep_sostenedor": null,
        "slep_procedencia": "sin_dato"
      },
      "geometry": {
        "type": "Point",
        "coordinates": [
          -70.737984,
          -32.744122
        ]
      }
    },
    {
      "type": "Feature",
      "properties": {
        "id_estab": "41947",
        "nombre": "ESCUELA HOSPITALARIA SAN CAMILO",
        "cod_comuna": "5701",
        "comuna": "SAN FELIPE",
        "origen": 1,
        "tipo_estab": 2,
        "tipo_glosa": "Escuela Particular Subvencionado",
        "matricula_total": 9,
        "mat_sala_cuna": 0,
        "mat_medio": 0,
        "mat_transicion": 9,
        "slep_sostenedor": null,
        "slep_procedencia": "sin_dato"
      },
      "geometry": {
        "type": "Point",
        "coordinates": [
          -70.72584,
          -32.74976
        ]
      }
    },
    {
      "type": "Feature",
      "properties": {
        "id_estab": "14638",
        "nombre": "ESC.DE TRAST.DE LA COMUNIC.YAMANKI",
        "cod_comuna": "5701",
        "comuna": "SAN FELIPE",
        "origen": 1,
        "tipo_estab": 2,
        "tipo_glosa": "Escuela Particular Subvencionado",
        "matricula_total": 91,
        "mat_sala_cuna": 0,
        "mat_medio": 27,
        "mat_transicion": 64,
        "slep_sostenedor": null,
        "slep_procedencia": "sin_dato"
      },
      "geometry": {
        "type": "Point",
        "coordinates": [
          -70.71026,
          -32.750107
        ]
      }
    },
    {
      "type": "Feature",
      "properties": {
        "id_estab": "1286",
        "nombre": "ESCUELA BASICA CAROLINA OCAMPO GARCIA",
        "cod_comuna": "5701",
        "comuna": "SAN FELIPE",
        "origen": 1,
        "tipo_estab": 1,
        "tipo_glosa": "Escuela Municipal",
        "matricula_total": 20,
        "mat_sala_cuna": 0,
        "mat_medio": 0,
        "mat_transicion": 20,
        "slep_sostenedor": null,
        "slep_procedencia": "sin_dato"
      },
      "geometry": {
        "type": "Point",
        "coordinates": [
          -70.774178,
          -32.722
        ]
      }
    },
    {
      "type": "Feature",
      "properties": {
        "id_estab": "1263",
        "nombre": "LICEO BICENTENARIO CORINA URBINA VILLANUEVA",
        "cod_comuna": "5701",
        "comuna": "SAN FELIPE",
        "origen": 1,
        "tipo_estab": 1,
        "tipo_glosa": "Escuela Municipal",
        "matricula_total": 18,
        "mat_sala_cuna": 0,
        "mat_medio": 0,
        "mat_transicion": 18,
        "slep_sostenedor": null,
        "slep_procedencia": "sin_dato"
      },
      "geometry": {
        "type": "Point",
        "coordinates": [
          -70.718483,
          -32.750271
        ]
      }
    },
    {
      "type": "Feature",
      "properties": {
        "id_estab": "14702",
        "nombre": "ESCUELA DE LENGUAJE OTE MOANA",
        "cod_comuna": "5701",
        "comuna": "SAN FELIPE",
        "origen": 1,
        "tipo_estab": 2,
        "tipo_glosa": "Escuela Particular Subvencionado",
        "matricula_total": 61,
        "mat_sala_cuna": 0,
        "mat_medio": 23,
        "mat_transicion": 38,
        "slep_sostenedor": null,
        "slep_procedencia": "sin_dato"
      },
      "geometry": {
        "type": "Point",
        "coordinates": [
          -70.72216,
          -32.744503
        ]
      }
    },
    {
      "type": "Feature",
      "properties": {
        "id_estab": "14730",
        "nombre": "ESC. DE LENGUAJE ARINGA POKI",
        "cod_comuna": "5701",
        "comuna": "SAN FELIPE",
        "origen": 1,
        "tipo_estab": 2,
        "tipo_glosa": "Escuela Particular Subvencionado",
        "matricula_total": 58,
        "mat_sala_cuna": 0,
        "mat_medio": 13,
        "mat_transicion": 45,
        "slep_sostenedor": null,
        "slep_procedencia": "sin_dato"
      },
      "geometry": {
        "type": "Point",
        "coordinates": [
          -70.7122,
          -32.75666
        ]
      }
    },
    {
      "type": "Feature",
      "properties": {
        "id_estab": "14932",
        "nombre": "ESCUELA ESP.DE LENGUAJE CAICURA EPU",
        "cod_comuna": "5701",
        "comuna": "SAN FELIPE",
        "origen": 1,
        "tipo_estab": 2,
        "tipo_glosa": "Escuela Particular Subvencionado",
        "matricula_total": 44,
        "mat_sala_cuna": 0,
        "mat_medio": 11,
        "mat_transicion": 33,
        "slep_sostenedor": null,
        "slep_procedencia": "sin_dato"
      },
      "geometry": {
        "type": "Point",
        "coordinates": [
          -70.70091,
          -32.760452
        ]
      }
    },
    {
      "type": "Feature",
      "properties": {
        "id_estab": "14502",
        "nombre": "COLEGIO CURIMON",
        "cod_comuna": "5701",
        "comuna": "SAN FELIPE",
        "origen": 1,
        "tipo_estab": 3,
        "tipo_glosa": "Escuela Particular Pagado",
        "matricula_total": 51,
        "mat_sala_cuna": 0,
        "mat_medio": 0,
        "mat_transicion": 51,
        "slep_sostenedor": null,
        "slep_procedencia": "sin_dato"
      },
      "geometry": {
        "type": "Point",
        "coordinates": [
          -70.71178,
          -32.774201
        ]
      }
    },
    {
      "type": "Feature",
      "properties": {
        "id_estab": "1212",
        "nombre": "ESCUELA JUAN GOMEZ MILLAS",
        "cod_comuna": "5701",
        "comuna": "SAN FELIPE",
        "origen": 1,
        "tipo_estab": 1,
        "tipo_glosa": "Escuela Municipal",
        "matricula_total": 7,
        "mat_sala_cuna": 0,
        "mat_medio": 0,
        "mat_transicion": 7,
        "slep_sostenedor": null,
        "slep_procedencia": "sin_dato"
      },
      "geometry": {
        "type": "Point",
        "coordinates": [
          -70.659142,
          -32.825039
        ]
      }
    },
    {
      "type": "Feature",
      "properties": {
        "id_estab": "14707",
        "nombre": "COLEGIO PORTALIANO",
        "cod_comuna": "5701",
        "comuna": "SAN FELIPE",
        "origen": 1,
        "tipo_estab": 3,
        "tipo_glosa": "Escuela Particular Pagado",
        "matricula_total": 25,
        "mat_sala_cuna": 0,
        "mat_medio": 0,
        "mat_transicion": 25,
        "slep_sostenedor": null,
        "slep_procedencia": "sin_dato"
      },
      "geometry": {
        "type": "Point",
        "coordinates": [
          -70.72647,
          -32.754506
        ]
      }
    },
    {
      "type": "Feature",
      "properties": {
        "id_estab": "1283",
        "nombre": "ESCUELA HERIBERTO BERMUDEZ CRUZ",
        "cod_comuna": "5701",
        "comuna": "SAN FELIPE",
        "origen": 1,
        "tipo_estab": 1,
        "tipo_glosa": "Escuela Municipal",
        "matricula_total": 9,
        "mat_sala_cuna": 0,
        "mat_medio": 0,
        "mat_transicion": 9,
        "slep_sostenedor": null,
        "slep_procedencia": "sin_dato"
      },
      "geometry": {
        "type": "Point",
        "coordinates": [
          -70.726089,
          -32.715519
        ]
      }
    },
    {
      "type": "Feature",
      "properties": {
        "id_estab": "5701001",
        "nombre": "EL PENECA",
        "cod_comuna": "5701",
        "comuna": "SAN FELIPE",
        "origen": 2,
        "tipo_estab": 5,
        "tipo_glosa": "JUNJI Administracion Directa",
        "matricula_total": 111,
        "mat_sala_cuna": 32,
        "mat_medio": 79,
        "mat_transicion": 0,
        "slep_sostenedor": null,
        "slep_procedencia": "sin_dato"
      },
      "geometry": {
        "type": "Point",
        "coordinates": [
          -70.703251,
          -32.752402
        ]
      }
    },
    {
      "type": "Feature",
      "properties": {
        "id_estab": "5701011",
        "nombre": "CRECIENDO EN LAS ACACIAS",
        "cod_comuna": "5701",
        "comuna": "SAN FELIPE",
        "origen": 2,
        "tipo_estab": 5,
        "tipo_glosa": "JUNJI Administracion Directa",
        "matricula_total": 85,
        "mat_sala_cuna": 33,
        "mat_medio": 52,
        "mat_transicion": 0,
        "slep_sostenedor": null,
        "slep_procedencia": "sin_dato"
      },
      "geometry": {
        "type": "Point",
        "coordinates": [
          -70.732969,
          -32.738122
        ]
      }
    },
    {
      "type": "Feature",
      "properties": {
        "id_estab": "5701010",
        "nombre": "CONEJITOS SALTARINES",
        "cod_comuna": "5701",
        "comuna": "SAN FELIPE",
        "origen": 2,
        "tipo_estab": 6,
        "tipo_glosa": "JUNJI VTF",
        "matricula_total": 61,
        "mat_sala_cuna": 19,
        "mat_medio": 42,
        "mat_transicion": 0,
        "slep_sostenedor": "Aconcagua",
        "slep_procedencia": "derivada_comuna"
      },
      "geometry": {
        "type": "Point",
        "coordinates": [
          -70.678492,
          -32.787386
        ]
      }
    },
    {
      "type": "Feature",
      "properties": {
        "id_estab": "5701004",
        "nombre": "SOL NACIENTE",
        "cod_comuna": "5701",
        "comuna": "SAN FELIPE",
        "origen": 2,
        "tipo_estab": 6,
        "tipo_glosa": "JUNJI VTF",
        "matricula_total": 55,
        "mat_sala_cuna": 18,
        "mat_medio": 37,
        "mat_transicion": 0,
        "slep_sostenedor": "Aconcagua",
        "slep_procedencia": "derivada_comuna"
      },
      "geometry": {
        "type": "Point",
        "coordinates": [
          -70.727515,
          -32.76168
        ]
      }
    },
    {
      "type": "Feature",
      "properties": {
        "id_estab": "5701009",
        "nombre": "EL CASTILLO DE COLORES",
        "cod_comuna": "5701",
        "comuna": "SAN FELIPE",
        "origen": 2,
        "tipo_estab": 6,
        "tipo_glosa": "JUNJI VTF",
        "matricula_total": 90,
        "mat_sala_cuna": 35,
        "mat_medio": 55,
        "mat_transicion": 0,
        "slep_sostenedor": "Aconcagua",
        "slep_procedencia": "derivada_comuna"
      },
      "geometry": {
        "type": "Point",
        "coordinates": [
          -70.710703,
          -32.740096
        ]
      }
    },
    {
      "type": "Feature",
      "properties": {
        "id_estab": "51103",
        "nombre": "TIKAY",
        "cod_comuna": "5701",
        "comuna": "SAN FELIPE",
        "origen": 3,
        "tipo_estab": 7,
        "tipo_glosa": "INTEGRA Administracion Directa",
        "matricula_total": 87,
        "mat_sala_cuna": 32,
        "mat_medio": 55,
        "mat_transicion": 0,
        "slep_sostenedor": null,
        "slep_procedencia": "sin_dato"
      },
      "geometry": {
        "type": "Point",
        "coordinates": [
          -70.719292,
          -32.630332
        ]
      }
    },
    {
      "type": "Feature",
      "properties": {
        "id_estab": "1282",
        "nombre": "ESCUELA BUCALEMITO",
        "cod_comuna": "5701",
        "comuna": "SAN FELIPE",
        "origen": 1,
        "tipo_estab": 1,
        "tipo_glosa": "Escuela Municipal",
        "matricula_total": 15,
        "mat_sala_cuna": 0,
        "mat_medio": 0,
        "mat_transicion": 15,
        "slep_sostenedor": null,
        "slep_procedencia": "sin_dato"
      },
      "geometry": {
        "type": "Point",
        "coordinates": [
          -70.685112,
          -32.808392
        ]
      }
    },
    {
      "type": "Feature",
      "properties": {
        "id_estab": "5701003",
        "nombre": "LAS CUNCUNITAS",
        "cod_comuna": "5701",
        "comuna": "SAN FELIPE",
        "origen": 2,
        "tipo_estab": 6,
        "tipo_glosa": "JUNJI VTF",
        "matricula_total": 77,
        "mat_sala_cuna": 19,
        "mat_medio": 58,
        "mat_transicion": 0,
        "slep_sostenedor": "Aconcagua",
        "slep_procedencia": "derivada_comuna"
      },
      "geometry": {
        "type": "Point",
        "coordinates": [
          -70.73467,
          -32.75117
        ]
      }
    },
    {
      "type": "Feature",
      "properties": {
        "id_estab": "5701005",
        "nombre": "LOS PINGUINITOS",
        "cod_comuna": "5701",
        "comuna": "SAN FELIPE",
        "origen": 2,
        "tipo_estab": 6,
        "tipo_glosa": "JUNJI VTF",
        "matricula_total": 69,
        "mat_sala_cuna": 39,
        "mat_medio": 30,
        "mat_transicion": 0,
        "slep_sostenedor": "Aconcagua",
        "slep_procedencia": "derivada_comuna"
      },
      "geometry": {
        "type": "Point",
        "coordinates": [
          -70.718357,
          -32.749156
        ]
      }
    },
    {
      "type": "Feature",
      "properties": {
        "id_estab": "5701007",
        "nombre": "ALMENDRITAS",
        "cod_comuna": "5701",
        "comuna": "SAN FELIPE",
        "origen": 2,
        "tipo_estab": 6,
        "tipo_glosa": "JUNJI VTF",
        "matricula_total": 46,
        "mat_sala_cuna": 16,
        "mat_medio": 30,
        "mat_transicion": 0,
        "slep_sostenedor": "Aconcagua",
        "slep_procedencia": "derivada_comuna"
      },
      "geometry": {
        "type": "Point",
        "coordinates": [
          -70.691399,
          -32.751436
        ]
      }
    },
    {
      "type": "Feature",
      "properties": {
        "id_estab": "5701006",
        "nombre": "EL RINCON DE LOS ANGELITOS",
        "cod_comuna": "5701",
        "comuna": "SAN FELIPE",
        "origen": 2,
        "tipo_estab": 6,
        "tipo_glosa": "JUNJI VTF",
        "matricula_total": 116,
        "mat_sala_cuna": 46,
        "mat_medio": 70,
        "mat_transicion": 0,
        "slep_sostenedor": "Aconcagua",
        "slep_procedencia": "derivada_comuna"
      },
      "geometry": {
        "type": "Point",
        "coordinates": [
          -70.744444,
          -32.737972
        ]
      }
    },
    {
      "type": "Feature",
      "properties": {
        "id_estab": "5701008",
        "nombre": "BURBUJITAS DE COLORES",
        "cod_comuna": "5701",
        "comuna": "SAN FELIPE",
        "origen": 2,
        "tipo_estab": 6,
        "tipo_glosa": "JUNJI VTF",
        "matricula_total": 75,
        "mat_sala_cuna": 19,
        "mat_medio": 56,
        "mat_transicion": 0,
        "slep_sostenedor": "Aconcagua",
        "slep_procedencia": "derivada_comuna"
      },
      "geometry": {
        "type": "Point",
        "coordinates": [
          -70.714324,
          -32.760028
        ]
      }
    },
    {
      "type": "Feature",
      "properties": {
        "id_estab": "5701104",
        "nombre": "PEPELIN",
        "cod_comuna": "5701",
        "comuna": "SAN FELIPE",
        "origen": 2,
        "tipo_estab": 5,
        "tipo_glosa": "JUNJI Administracion Directa",
        "matricula_total": 15,
        "mat_sala_cuna": 0,
        "mat_medio": 13,
        "mat_transicion": 2,
        "slep_sostenedor": null,
        "slep_procedencia": "sin_dato"
      },
      "geometry": {
        "type": "Point",
        "coordinates": [
          -70.71929,
          -32.737736
        ]
      }
    },
    {
      "type": "Feature",
      "properties": {
        "id_estab": "5701013",
        "nombre": "TUTUMPI",
        "cod_comuna": "5701",
        "comuna": "SAN FELIPE",
        "origen": 2,
        "tipo_estab": 5,
        "tipo_glosa": "JUNJI Administracion Directa",
        "matricula_total": 21,
        "mat_sala_cuna": 7,
        "mat_medio": 14,
        "mat_transicion": 0,
        "slep_sostenedor": null,
        "slep_procedencia": "sin_dato"
      },
      "geometry": {
        "type": "Point",
        "coordinates": [
          -70.71461,
          -32.78643
        ]
      }
    },
    {
      "type": "Feature",
      "properties": {
        "id_estab": "1273",
        "nombre": "ESCUELA SAN RAFAEL",
        "cod_comuna": "5701",
        "comuna": "SAN FELIPE",
        "origen": 1,
        "tipo_estab": 1,
        "tipo_glosa": "Escuela Municipal",
        "matricula_total": 7,
        "mat_sala_cuna": 0,
        "mat_medio": 0,
        "mat_transicion": 7,
        "slep_sostenedor": null,
        "slep_procedencia": "sin_dato"
      },
      "geometry": {
        "type": "Point",
        "coordinates": [
          -70.650047,
          -32.80864
        ]
      }
    },
    {
      "type": "Feature",
      "properties": {
        "id_estab": "51101",
        "nombre": "LAS PIEDRECITAS",
        "cod_comuna": "5701",
        "comuna": "SAN FELIPE",
        "origen": 3,
        "tipo_estab": 7,
        "tipo_glosa": "INTEGRA Administracion Directa",
        "matricula_total": 20,
        "mat_sala_cuna": 0,
        "mat_medio": 16,
        "mat_transicion": 4,
        "slep_sostenedor": null,
        "slep_procedencia": "sin_dato"
      },
      "geometry": {
        "type": "Point",
        "coordinates": [
          -70.737022,
          -32.625472
        ]
      }
    },
    {
      "type": "Feature",
      "properties": {
        "id_estab": "11238",
        "nombre": "ESCUELA DE PARVULOS LOS ALMENDROS",
        "cod_comuna": "5701",
        "comuna": "SAN FELIPE",
        "origen": 1,
        "tipo_estab": 3,
        "tipo_glosa": "Escuela Particular Pagado",
        "matricula_total": 45,
        "mat_sala_cuna": 11,
        "mat_medio": 34,
        "mat_transicion": 0,
        "slep_sostenedor": null,
        "slep_procedencia": "sin_dato"
      },
      "geometry": {
        "type": "Point",
        "coordinates": [
          -70.728,
          -32.747112
        ]
      }
    },
    {
      "type": "Feature",
      "properties": {
        "id_estab": "51102",
        "nombre": "LAS MOCHILITAS",
        "cod_comuna": "5701",
        "comuna": "SAN FELIPE",
        "origen": 3,
        "tipo_estab": 7,
        "tipo_glosa": "INTEGRA Administracion Directa",
        "matricula_total": 17,
        "mat_sala_cuna": 0,
        "mat_medio": 13,
        "mat_transicion": 4,
        "slep_sostenedor": null,
        "slep_procedencia": "sin_dato"
      },
      "geometry": {
        "type": "Point",
        "coordinates": [
          -70.702743,
          -32.656805
        ]
      }
    },
    {
      "type": "Feature",
      "properties": {
        "id_estab": "5701105",
        "nombre": "PMI-NUESTRO SUEÑO",
        "cod_comuna": "5701",
        "comuna": "SAN FELIPE",
        "origen": 2,
        "tipo_estab": 5,
        "tipo_glosa": "JUNJI Administracion Directa",
        "matricula_total": 12,
        "mat_sala_cuna": 0,
        "mat_medio": 10,
        "mat_transicion": 2,
        "slep_sostenedor": null,
        "slep_procedencia": "sin_dato"
      },
      "geometry": {
        "type": "Point",
        "coordinates": [
          -70.69294,
          -32.738362
        ]
      }
    },
    {
      "type": "Feature",
      "properties": {
        "id_estab": "1359",
        "nombre": "ESCUELA BASICA LOS CERRILLOS",
        "cod_comuna": "5702",
        "comuna": "CATEMU",
        "origen": 1,
        "tipo_estab": 1,
        "tipo_glosa": "Escuela Municipal",
        "matricula_total": 24,
        "mat_sala_cuna": 0,
        "mat_medio": 0,
        "mat_transicion": 24,
        "slep_sostenedor": null,
        "slep_procedencia": "sin_dato"
      },
      "geometry": {
        "type": "Point",
        "coordinates": [
          -70.930923,
          -32.698608
        ]
      }
    },
    {
      "type": "Feature",
      "properties": {
        "id_estab": "1352",
        "nombre": "ESCUELA MARIA TERESA DEL CANTO",
        "cod_comuna": "5702",
        "comuna": "CATEMU",
        "origen": 1,
        "tipo_estab": 1,
        "tipo_glosa": "Escuela Municipal",
        "matricula_total": 42,
        "mat_sala_cuna": 0,
        "mat_medio": 0,
        "mat_transicion": 42,
        "slep_sostenedor": null,
        "slep_procedencia": "sin_dato"
      },
      "geometry": {
        "type": "Point",
        "coordinates": [
          -70.963821,
          -32.7785
        ]
      }
    },
    {
      "type": "Feature",
      "properties": {
        "id_estab": "40216",
        "nombre": "ESCUELA ESPECIAL DE LENGUAJE MONTSERRAT EDUCA",
        "cod_comuna": "5702",
        "comuna": "CATEMU",
        "origen": 1,
        "tipo_estab": 2,
        "tipo_glosa": "Escuela Particular Subvencionado",
        "matricula_total": 53,
        "mat_sala_cuna": 0,
        "mat_medio": 18,
        "mat_transicion": 35,
        "slep_sostenedor": null,
        "slep_procedencia": "sin_dato"
      },
      "geometry": {
        "type": "Point",
        "coordinates": [
          -70.941734,
          -32.77521
        ]
      }
    },
    {
      "type": "Feature",
      "properties": {
        "id_estab": "1361",
        "nombre": "COLEGIO PARTICULAR CALIFORNIA",
        "cod_comuna": "5702",
        "comuna": "CATEMU",
        "origen": 1,
        "tipo_estab": 2,
        "tipo_glosa": "Escuela Particular Subvencionado",
        "matricula_total": 30,
        "mat_sala_cuna": 0,
        "mat_medio": 0,
        "mat_transicion": 30,
        "slep_sostenedor": null,
        "slep_procedencia": "sin_dato"
      },
      "geometry": {
        "type": "Point",
        "coordinates": [
          -70.962486,
          -32.779339
        ]
      }
    },
    {
      "type": "Feature",
      "properties": {
        "id_estab": "1353",
        "nombre": "ESCUELA SAN JOSE DE CATEMU",
        "cod_comuna": "5702",
        "comuna": "CATEMU",
        "origen": 1,
        "tipo_estab": 1,
        "tipo_glosa": "Escuela Municipal",
        "matricula_total": 15,
        "mat_sala_cuna": 0,
        "mat_medio": 0,
        "mat_transicion": 15,
        "slep_sostenedor": null,
        "slep_procedencia": "sin_dato"
      },
      "geometry": {
        "type": "Point",
        "coordinates": [
          -70.912292,
          -32.787628
        ]
      }
    },
    {
      "type": "Feature",
      "properties": {
        "id_estab": "1355",
        "nombre": "ESCUELA EL COBRE",
        "cod_comuna": "5702",
        "comuna": "CATEMU",
        "origen": 1,
        "tipo_estab": 1,
        "tipo_glosa": "Escuela Municipal",
        "matricula_total": 13,
        "mat_sala_cuna": 0,
        "mat_medio": 0,
        "mat_transicion": 13,
        "slep_sostenedor": null,
        "slep_procedencia": "sin_dato"
      },
      "geometry": {
        "type": "Point",
        "coordinates": [
          -70.96508,
          -32.7514
        ]
      }
    },
    {
      "type": "Feature",
      "properties": {
        "id_estab": "1358",
        "nombre": "ESCUELA BASICA EL NILHUE",
        "cod_comuna": "5702",
        "comuna": "CATEMU",
        "origen": 1,
        "tipo_estab": 1,
        "tipo_glosa": "Escuela Municipal",
        "matricula_total": 21,
        "mat_sala_cuna": 0,
        "mat_medio": 0,
        "mat_transicion": 21,
        "slep_sostenedor": null,
        "slep_procedencia": "sin_dato"
      },
      "geometry": {
        "type": "Point",
        "coordinates": [
          -70.922394,
          -32.720901
        ]
      }
    },
    {
      "type": "Feature",
      "properties": {
        "id_estab": "40127",
        "nombre": "ESCUELA ESPECIAL DE LENGUAJE ARCO IRIS",
        "cod_comuna": "5702",
        "comuna": "CATEMU",
        "origen": 1,
        "tipo_estab": 2,
        "tipo_glosa": "Escuela Particular Subvencionado",
        "matricula_total": 86,
        "mat_sala_cuna": 0,
        "mat_medio": 29,
        "mat_transicion": 57,
        "slep_sostenedor": null,
        "slep_procedencia": "sin_dato"
      },
      "geometry": {
        "type": "Point",
        "coordinates": [
          -70.94262,
          -32.76618
        ]
      }
    },
    {
      "type": "Feature",
      "properties": {
        "id_estab": "1360",
        "nombre": "ESCUELA BASICA SANTA MARGARITA",
        "cod_comuna": "5702",
        "comuna": "CATEMU",
        "origen": 1,
        "tipo_estab": 1,
        "tipo_glosa": "Escuela Municipal",
        "matricula_total": 15,
        "mat_sala_cuna": 0,
        "mat_medio": 0,
        "mat_transicion": 15,
        "slep_sostenedor": null,
        "slep_procedencia": "sin_dato"
      },
      "geometry": {
        "type": "Point",
        "coordinates": [
          -70.933807,
          -32.77433
        ]
      }
    },
    {
      "type": "Feature",
      "properties": {
        "id_estab": "5702001",
        "nombre": "VALLE HERMOSO",
        "cod_comuna": "5702",
        "comuna": "CATEMU",
        "origen": 2,
        "tipo_estab": 5,
        "tipo_glosa": "JUNJI Administracion Directa",
        "matricula_total": 46,
        "mat_sala_cuna": 17,
        "mat_medio": 29,
        "mat_transicion": 0,
        "slep_sostenedor": null,
        "slep_procedencia": "sin_dato"
      },
      "geometry": {
        "type": "Point",
        "coordinates": [
          -70.963541,
          -32.777492
        ]
      }
    },
    {
      "type": "Feature",
      "properties": {
        "id_estab": "5702002",
        "nombre": "LOS ENANITOS",
        "cod_comuna": "5702",
        "comuna": "CATEMU",
        "origen": 2,
        "tipo_estab": 6,
        "tipo_glosa": "JUNJI VTF",
        "matricula_total": 35,
        "mat_sala_cuna": 14,
        "mat_medio": 21,
        "mat_transicion": 0,
        "slep_sostenedor": "Aconcagua",
        "slep_procedencia": "derivada_comuna"
      },
      "geometry": {
        "type": "Point",
        "coordinates": [
          -70.955777,
          -32.750822
        ]
      }
    },
    {
      "type": "Feature",
      "properties": {
        "id_estab": "53102",
        "nombre": "LA PRINCESITA",
        "cod_comuna": "5702",
        "comuna": "CATEMU",
        "origen": 3,
        "tipo_estab": 7,
        "tipo_glosa": "INTEGRA Administracion Directa",
        "matricula_total": 114,
        "mat_sala_cuna": 42,
        "mat_medio": 72,
        "mat_transicion": 0,
        "slep_sostenedor": null,
        "slep_procedencia": "sin_dato"
      },
      "geometry": {
        "type": "Point",
        "coordinates": [
          -71.604249,
          -33.594495
        ]
      }
    },
    {
      "type": "Feature",
      "properties": {
        "id_estab": "5702003",
        "nombre": "TAÑI RUKA",
        "cod_comuna": "5702",
        "comuna": "CATEMU",
        "origen": 2,
        "tipo_estab": 6,
        "tipo_glosa": "JUNJI VTF",
        "matricula_total": 47,
        "mat_sala_cuna": 16,
        "mat_medio": 31,
        "mat_transicion": 0,
        "slep_sostenedor": "Aconcagua",
        "slep_procedencia": "derivada_comuna"
      },
      "geometry": {
        "type": "Point",
        "coordinates": [
          -70.92989,
          -32.69592
        ]
      }
    },
    {
      "type": "Feature",
      "properties": {
        "id_estab": "5702007",
        "nombre": "LOS ARRAYANES",
        "cod_comuna": "5702",
        "comuna": "CATEMU",
        "origen": 2,
        "tipo_estab": 5,
        "tipo_glosa": "JUNJI Administracion Directa",
        "matricula_total": 34,
        "mat_sala_cuna": 16,
        "mat_medio": 18,
        "mat_transicion": 0,
        "slep_sostenedor": null,
        "slep_procedencia": "sin_dato"
      },
      "geometry": {
        "type": "Point",
        "coordinates": [
          -70.954008,
          -32.781804
        ]
      }
    },
    {
      "type": "Feature",
      "properties": {
        "id_estab": "5702006",
        "nombre": "LA CASITA DEL SOL(COPIHUE)",
        "cod_comuna": "5702",
        "comuna": "CATEMU",
        "origen": 2,
        "tipo_estab": 6,
        "tipo_glosa": "JUNJI VTF",
        "matricula_total": 39,
        "mat_sala_cuna": 16,
        "mat_medio": 23,
        "mat_transicion": 0,
        "slep_sostenedor": "Aconcagua",
        "slep_procedencia": "derivada_comuna"
      },
      "geometry": {
        "type": "Point",
        "coordinates": [
          -70.969148,
          -32.776743
        ]
      }
    },
    {
      "type": "Feature",
      "properties": {
        "id_estab": "5702004",
        "nombre": "VILLA EL SOL",
        "cod_comuna": "5702",
        "comuna": "CATEMU",
        "origen": 2,
        "tipo_estab": 6,
        "tipo_glosa": "JUNJI VTF",
        "matricula_total": 43,
        "mat_sala_cuna": 19,
        "mat_medio": 24,
        "mat_transicion": 0,
        "slep_sostenedor": "Aconcagua",
        "slep_procedencia": "derivada_comuna"
      },
      "geometry": {
        "type": "Point",
        "coordinates": [
          -70.964577,
          -32.773619
        ]
      }
    },
    {
      "type": "Feature",
      "properties": {
        "id_estab": "5702005",
        "nombre": "LOS ANGELITOS DE SAN JOSE",
        "cod_comuna": "5702",
        "comuna": "CATEMU",
        "origen": 2,
        "tipo_estab": 6,
        "tipo_glosa": "JUNJI VTF",
        "matricula_total": 19,
        "mat_sala_cuna": 19,
        "mat_medio": 0,
        "mat_transicion": 0,
        "slep_sostenedor": "Aconcagua",
        "slep_procedencia": "derivada_comuna"
      },
      "geometry": {
        "type": "Point",
        "coordinates": [
          -70.913403,
          -32.787392
        ]
      }
    },
    {
      "type": "Feature",
      "properties": {
        "id_estab": "1350",
        "nombre": "ESC.PARTICULAR MARIA LETELIER DE PRIETO",
        "cod_comuna": "5703",
        "comuna": "LLAILLAY",
        "origen": 1,
        "tipo_estab": 2,
        "tipo_glosa": "Escuela Particular Subvencionado",
        "matricula_total": 46,
        "mat_sala_cuna": 0,
        "mat_medio": 0,
        "mat_transicion": 46,
        "slep_sostenedor": null,
        "slep_procedencia": "sin_dato"
      },
      "geometry": {
        "type": "Point",
        "coordinates": [
          -70.956673,
          -32.84219
        ]
      }
    },
    {
      "type": "Feature",
      "properties": {
        "id_estab": "1346",
        "nombre": "ESCUELA JORGE PRIETO LETELIER",
        "cod_comuna": "5703",
        "comuna": "LLAILLAY",
        "origen": 1,
        "tipo_estab": 1,
        "tipo_glosa": "Escuela Municipal",
        "matricula_total": 10,
        "mat_sala_cuna": 0,
        "mat_medio": 0,
        "mat_transicion": 10,
        "slep_sostenedor": null,
        "slep_procedencia": "sin_dato"
      },
      "geometry": {
        "type": "Point",
        "coordinates": [
          -70.915558,
          -32.850899
        ]
      }
    },
    {
      "type": "Feature",
      "properties": {
        "id_estab": "14934",
        "nombre": "ESC. ESPECIAL LENGUAJE MI PEQUEÑO MUNDO",
        "cod_comuna": "5703",
        "comuna": "LLAILLAY",
        "origen": 1,
        "tipo_estab": 2,
        "tipo_glosa": "Escuela Particular Subvencionado",
        "matricula_total": 83,
        "mat_sala_cuna": 0,
        "mat_medio": 27,
        "mat_transicion": 56,
        "slep_sostenedor": null,
        "slep_procedencia": "sin_dato"
      },
      "geometry": {
        "type": "Point",
        "coordinates": [
          -70.94717,
          -32.836597
        ]
      }
    },
    {
      "type": "Feature",
      "properties": {
        "id_estab": "1336",
        "nombre": "ESCUELA AGUSTIN EDWARDS",
        "cod_comuna": "5703",
        "comuna": "LLAILLAY",
        "origen": 1,
        "tipo_estab": 1,
        "tipo_glosa": "Escuela Municipal",
        "matricula_total": 24,
        "mat_sala_cuna": 0,
        "mat_medio": 0,
        "mat_transicion": 24,
        "slep_sostenedor": null,
        "slep_procedencia": "sin_dato"
      },
      "geometry": {
        "type": "Point",
        "coordinates": [
          -70.949463,
          -32.83913
        ]
      }
    },
    {
      "type": "Feature",
      "properties": {
        "id_estab": "14565",
        "nombre": "VERDOYHAM SCHOOL",
        "cod_comuna": "5703",
        "comuna": "LLAILLAY",
        "origen": 1,
        "tipo_estab": 2,
        "tipo_glosa": "Escuela Particular Subvencionado",
        "matricula_total": 52,
        "mat_sala_cuna": 0,
        "mat_medio": 0,
        "mat_transicion": 52,
        "slep_sostenedor": null,
        "slep_procedencia": "sin_dato"
      },
      "geometry": {
        "type": "Point",
        "coordinates": [
          -70.944458,
          -32.836609
        ]
      }
    },
    {
      "type": "Feature",
      "properties": {
        "id_estab": "1338",
        "nombre": "ESCUELA NACIONES UNIDAS",
        "cod_comuna": "5703",
        "comuna": "LLAILLAY",
        "origen": 1,
        "tipo_estab": 1,
        "tipo_glosa": "Escuela Municipal",
        "matricula_total": 35,
        "mat_sala_cuna": 0,
        "mat_medio": 0,
        "mat_transicion": 35,
        "slep_sostenedor": null,
        "slep_procedencia": "sin_dato"
      },
      "geometry": {
        "type": "Point",
        "coordinates": [
          -70.943367,
          -32.8424
        ]
      }
    },
    {
      "type": "Feature",
      "properties": {
        "id_estab": "1339",
        "nombre": "ESCUELA ELISA LATTAPIAT VARGAS",
        "cod_comuna": "5703",
        "comuna": "LLAILLAY",
        "origen": 1,
        "tipo_estab": 1,
        "tipo_glosa": "Escuela Municipal",
        "matricula_total": 18,
        "mat_sala_cuna": 0,
        "mat_medio": 0,
        "mat_transicion": 18,
        "slep_sostenedor": null,
        "slep_procedencia": "sin_dato"
      },
      "geometry": {
        "type": "Point",
        "coordinates": [
          -70.963219,
          -32.839821
        ]
      }
    },
    {
      "type": "Feature",
      "properties": {
        "id_estab": "31459",
        "nombre": "ESCUELA ESPECIAL DE LENGUAJE CUMBRES DE LLAY LLAY",
        "cod_comuna": "5703",
        "comuna": "LLAILLAY",
        "origen": 1,
        "tipo_estab": 2,
        "tipo_glosa": "Escuela Particular Subvencionado",
        "matricula_total": 32,
        "mat_sala_cuna": 0,
        "mat_medio": 6,
        "mat_transicion": 26,
        "slep_sostenedor": null,
        "slep_procedencia": "sin_dato"
      },
      "geometry": {
        "type": "Point",
        "coordinates": [
          -70.95267,
          -32.84272
        ]
      }
    },
    {
      "type": "Feature",
      "properties": {
        "id_estab": "1347",
        "nombre": "LICEO MENESIANO SAGRADO CORAZON",
        "cod_comuna": "5703",
        "comuna": "LLAILLAY",
        "origen": 1,
        "tipo_estab": 2,
        "tipo_glosa": "Escuela Particular Subvencionado",
        "matricula_total": 58,
        "mat_sala_cuna": 0,
        "mat_medio": 0,
        "mat_transicion": 58,
        "slep_sostenedor": null,
        "slep_procedencia": "sin_dato"
      },
      "geometry": {
        "type": "Point",
        "coordinates": [
          -70.948273,
          -32.837521
        ]
      }
    },
    {
      "type": "Feature",
      "properties": {
        "id_estab": "1340",
        "nombre": "ESCUELA HERMINIA ORTEGA DE CROXATO",
        "cod_comuna": "5703",
        "comuna": "LLAILLAY",
        "origen": 1,
        "tipo_estab": 1,
        "tipo_glosa": "Escuela Municipal",
        "matricula_total": 18,
        "mat_sala_cuna": 0,
        "mat_medio": 0,
        "mat_transicion": 18,
        "slep_sostenedor": null,
        "slep_procedencia": "sin_dato"
      },
      "geometry": {
        "type": "Point",
        "coordinates": [
          -70.948608,
          -32.837921
        ]
      }
    },
    {
      "type": "Feature",
      "properties": {
        "id_estab": "14787",
        "nombre": "ESC.TRAST. LENGUAJE RAYITO DE SOL",
        "cod_comuna": "5703",
        "comuna": "LLAILLAY",
        "origen": 1,
        "tipo_estab": 2,
        "tipo_glosa": "Escuela Particular Subvencionado",
        "matricula_total": 89,
        "mat_sala_cuna": 0,
        "mat_medio": 30,
        "mat_transicion": 59,
        "slep_sostenedor": null,
        "slep_procedencia": "sin_dato"
      },
      "geometry": {
        "type": "Point",
        "coordinates": [
          -70.951324,
          -32.835938
        ]
      }
    },
    {
      "type": "Feature",
      "properties": {
        "id_estab": "1349",
        "nombre": "COLEGIO SALVADOR GONZALEZ",
        "cod_comuna": "5703",
        "comuna": "LLAILLAY",
        "origen": 1,
        "tipo_estab": 2,
        "tipo_glosa": "Escuela Particular Subvencionado",
        "matricula_total": 57,
        "mat_sala_cuna": 0,
        "mat_medio": 0,
        "mat_transicion": 57,
        "slep_sostenedor": null,
        "slep_procedencia": "sin_dato"
      },
      "geometry": {
        "type": "Point",
        "coordinates": [
          -70.956741,
          -32.837872
        ]
      }
    },
    {
      "type": "Feature",
      "properties": {
        "id_estab": "1341",
        "nombre": "ESCUELA BASICA EL PORVENIR",
        "cod_comuna": "5703",
        "comuna": "LLAILLAY",
        "origen": 1,
        "tipo_estab": 1,
        "tipo_glosa": "Escuela Municipal",
        "matricula_total": 46,
        "mat_sala_cuna": 0,
        "mat_medio": 0,
        "mat_transicion": 46,
        "slep_sostenedor": null,
        "slep_procedencia": "sin_dato"
      },
      "geometry": {
        "type": "Point",
        "coordinates": [
          -70.951187,
          -32.86417
        ]
      }
    },
    {
      "type": "Feature",
      "properties": {
        "id_estab": "14883",
        "nombre": "ESCUELA DE LENGUAJE ALIWEN",
        "cod_comuna": "5703",
        "comuna": "LLAILLAY",
        "origen": 1,
        "tipo_estab": 2,
        "tipo_glosa": "Escuela Particular Subvencionado",
        "matricula_total": 53,
        "mat_sala_cuna": 0,
        "mat_medio": 24,
        "mat_transicion": 29,
        "slep_sostenedor": null,
        "slep_procedencia": "sin_dato"
      },
      "geometry": {
        "type": "Point",
        "coordinates": [
          -70.96196,
          -32.841454
        ]
      }
    },
    {
      "type": "Feature",
      "properties": {
        "id_estab": "1337",
        "nombre": "ESCUELA HEROES DE IQUIQUE",
        "cod_comuna": "5703",
        "comuna": "LLAILLAY",
        "origen": 1,
        "tipo_estab": 1,
        "tipo_glosa": "Escuela Municipal",
        "matricula_total": 13,
        "mat_sala_cuna": 0,
        "mat_medio": 0,
        "mat_transicion": 13,
        "slep_sostenedor": null,
        "slep_procedencia": "sin_dato"
      },
      "geometry": {
        "type": "Point",
        "coordinates": [
          -70.971649,
          -32.840912
        ]
      }
    },
    {
      "type": "Feature",
      "properties": {
        "id_estab": "14885",
        "nombre": "COLEGIO LEONARDO DA VINCI",
        "cod_comuna": "5703",
        "comuna": "LLAILLAY",
        "origen": 1,
        "tipo_estab": 2,
        "tipo_glosa": "Escuela Particular Subvencionado",
        "matricula_total": 58,
        "mat_sala_cuna": 0,
        "mat_medio": 26,
        "mat_transicion": 32,
        "slep_sostenedor": null,
        "slep_procedencia": "sin_dato"
      },
      "geometry": {
        "type": "Point",
        "coordinates": [
          -70.961983,
          -32.842468
        ]
      }
    },
    {
      "type": "Feature",
      "properties": {
        "id_estab": "16797",
        "nombre": "ESC. ESP. DE LENGUAJE AMANECER DE COLORES",
        "cod_comuna": "5703",
        "comuna": "LLAILLAY",
        "origen": 1,
        "tipo_estab": 2,
        "tipo_glosa": "Escuela Particular Subvencionado",
        "matricula_total": 24,
        "mat_sala_cuna": 0,
        "mat_medio": 5,
        "mat_transicion": 19,
        "slep_sostenedor": null,
        "slep_procedencia": "sin_dato"
      },
      "geometry": {
        "type": "Point",
        "coordinates": [
          -70.96478,
          -32.8408
        ]
      }
    },
    {
      "type": "Feature",
      "properties": {
        "id_estab": "1345",
        "nombre": "ESCUELA LAS VEGAS",
        "cod_comuna": "5703",
        "comuna": "LLAILLAY",
        "origen": 1,
        "tipo_estab": 1,
        "tipo_glosa": "Escuela Municipal",
        "matricula_total": 10,
        "mat_sala_cuna": 0,
        "mat_medio": 0,
        "mat_transicion": 10,
        "slep_sostenedor": null,
        "slep_procedencia": "sin_dato"
      },
      "geometry": {
        "type": "Point",
        "coordinates": [
          -71.000076,
          -32.840858
        ]
      }
    },
    {
      "type": "Feature",
      "properties": {
        "id_estab": "41917",
        "nombre": "ESCUELA HOSPITALARIA SAN FRANCISCO",
        "cod_comuna": "5703",
        "comuna": "LLAILLAY",
        "origen": 1,
        "tipo_estab": 2,
        "tipo_glosa": "Escuela Particular Subvencionado",
        "matricula_total": 3,
        "mat_sala_cuna": 0,
        "mat_medio": 0,
        "mat_transicion": 3,
        "slep_sostenedor": null,
        "slep_procedencia": "sin_dato"
      },
      "geometry": {
        "type": "Point",
        "coordinates": [
          -70.954943,
          -32.842526
        ]
      }
    },
    {
      "type": "Feature",
      "properties": {
        "id_estab": "5703006",
        "nombre": "LOS CAPULLITOS",
        "cod_comuna": "5703",
        "comuna": "LLAILLAY",
        "origen": 2,
        "tipo_estab": 6,
        "tipo_glosa": "JUNJI VTF",
        "matricula_total": 50,
        "mat_sala_cuna": 19,
        "mat_medio": 31,
        "mat_transicion": 0,
        "slep_sostenedor": "Aconcagua",
        "slep_procedencia": "derivada_comuna"
      },
      "geometry": {
        "type": "Point",
        "coordinates": [
          -70.943472,
          -32.842432
        ]
      }
    },
    {
      "type": "Feature",
      "properties": {
        "id_estab": "5703003",
        "nombre": "LOS MENESITOS",
        "cod_comuna": "5703",
        "comuna": "LLAILLAY",
        "origen": 2,
        "tipo_estab": 6,
        "tipo_glosa": "JUNJI VTF",
        "matricula_total": 95,
        "mat_sala_cuna": 34,
        "mat_medio": 61,
        "mat_transicion": 0,
        "slep_sostenedor": null,
        "slep_procedencia": "sin_dato"
      },
      "geometry": {
        "type": "Point",
        "coordinates": [
          -70.948134,
          -32.83767
        ]
      }
    },
    {
      "type": "Feature",
      "properties": {
        "id_estab": "1342",
        "nombre": "ESCUELA LAS PALMAS",
        "cod_comuna": "5703",
        "comuna": "LLAILLAY",
        "origen": 1,
        "tipo_estab": 1,
        "tipo_glosa": "Escuela Municipal",
        "matricula_total": 10,
        "mat_sala_cuna": 0,
        "mat_medio": 0,
        "mat_transicion": 10,
        "slep_sostenedor": null,
        "slep_procedencia": "sin_dato"
      },
      "geometry": {
        "type": "Point",
        "coordinates": [
          -70.981567,
          -32.850231
        ]
      }
    },
    {
      "type": "Feature",
      "properties": {
        "id_estab": "5703002",
        "nombre": "TRENCITO",
        "cod_comuna": "5703",
        "comuna": "LLAILLAY",
        "origen": 2,
        "tipo_estab": 5,
        "tipo_glosa": "JUNJI Administracion Directa",
        "matricula_total": 45,
        "mat_sala_cuna": 10,
        "mat_medio": 35,
        "mat_transicion": 0,
        "slep_sostenedor": null,
        "slep_procedencia": "sin_dato"
      },
      "geometry": {
        "type": "Point",
        "coordinates": [
          -70.971711,
          -32.842143
        ]
      }
    },
    {
      "type": "Feature",
      "properties": {
        "id_estab": "5703001",
        "nombre": "REMOLINO",
        "cod_comuna": "5703",
        "comuna": "LLAILLAY",
        "origen": 2,
        "tipo_estab": 5,
        "tipo_glosa": "JUNJI Administracion Directa",
        "matricula_total": 120,
        "mat_sala_cuna": 43,
        "mat_medio": 77,
        "mat_transicion": 0,
        "slep_sostenedor": null,
        "slep_procedencia": "sin_dato"
      },
      "geometry": {
        "type": "Point",
        "coordinates": [
          -70.953174,
          -32.838773
        ]
      }
    },
    {
      "type": "Feature",
      "properties": {
        "id_estab": "5703004",
        "nombre": "MAZORQUITA",
        "cod_comuna": "5703",
        "comuna": "LLAILLAY",
        "origen": 2,
        "tipo_estab": 6,
        "tipo_glosa": "JUNJI VTF",
        "matricula_total": 45,
        "mat_sala_cuna": 17,
        "mat_medio": 28,
        "mat_transicion": 0,
        "slep_sostenedor": "Aconcagua",
        "slep_procedencia": "derivada_comuna"
      },
      "geometry": {
        "type": "Point",
        "coordinates": [
          -70.954838,
          -32.876995
        ]
      }
    },
    {
      "type": "Feature",
      "properties": {
        "id_estab": "1343",
        "nombre": "ESCUELA LAS PENAS",
        "cod_comuna": "5703",
        "comuna": "LLAILLAY",
        "origen": 1,
        "tipo_estab": 1,
        "tipo_glosa": "Escuela Municipal",
        "matricula_total": 9,
        "mat_sala_cuna": 0,
        "mat_medio": 0,
        "mat_transicion": 9,
        "slep_sostenedor": null,
        "slep_procedencia": "sin_dato"
      },
      "geometry": {
        "type": "Point",
        "coordinates": [
          -70.924004,
          -32.871288
        ]
      }
    },
    {
      "type": "Feature",
      "properties": {
        "id_estab": "5703007",
        "nombre": "LAS LUCIERNAGAS",
        "cod_comuna": "5703",
        "comuna": "LLAILLAY",
        "origen": 2,
        "tipo_estab": 6,
        "tipo_glosa": "JUNJI VTF",
        "matricula_total": 46,
        "mat_sala_cuna": 17,
        "mat_medio": 29,
        "mat_transicion": 0,
        "slep_sostenedor": "Aconcagua",
        "slep_procedencia": "derivada_comuna"
      },
      "geometry": {
        "type": "Point",
        "coordinates": [
          -70.915583,
          -32.852103
        ]
      }
    },
    {
      "type": "Feature",
      "properties": {
        "id_estab": "5703005",
        "nombre": "SEMILLITAS DE AMOR",
        "cod_comuna": "5703",
        "comuna": "LLAILLAY",
        "origen": 2,
        "tipo_estab": 6,
        "tipo_glosa": "JUNJI VTF",
        "matricula_total": 44,
        "mat_sala_cuna": 16,
        "mat_medio": 28,
        "mat_transicion": 0,
        "slep_sostenedor": "Aconcagua",
        "slep_procedencia": "derivada_comuna"
      },
      "geometry": {
        "type": "Point",
        "coordinates": [
          -70.980802,
          -32.850532
        ]
      }
    },
    {
      "type": "Feature",
      "properties": {
        "id_estab": "5703008",
        "nombre": "MIRASOL",
        "cod_comuna": "5703",
        "comuna": "LLAILLAY",
        "origen": 2,
        "tipo_estab": 6,
        "tipo_glosa": "JUNJI VTF",
        "matricula_total": 38,
        "mat_sala_cuna": 14,
        "mat_medio": 24,
        "mat_transicion": 0,
        "slep_sostenedor": "Aconcagua",
        "slep_procedencia": "derivada_comuna"
      },
      "geometry": {
        "type": "Point",
        "coordinates": [
          -70.949779,
          -32.862232
        ]
      }
    },
    {
      "type": "Feature",
      "properties": {
        "id_estab": "5703009",
        "nombre": "ESTACION DE LOS SUEÑOS",
        "cod_comuna": "5703",
        "comuna": "LLAILLAY",
        "origen": 2,
        "tipo_estab": 5,
        "tipo_glosa": "JUNJI Administracion Directa",
        "matricula_total": 35,
        "mat_sala_cuna": 13,
        "mat_medio": 22,
        "mat_transicion": 0,
        "slep_sostenedor": null,
        "slep_procedencia": "sin_dato"
      },
      "geometry": {
        "type": "Point",
        "coordinates": [
          -70.999889,
          -32.840392
        ]
      }
    },
    {
      "type": "Feature",
      "properties": {
        "id_estab": "20514",
        "nombre": "ESCUELA ESPECIAL DE LENGUAJE ANELEY",
        "cod_comuna": "5704",
        "comuna": "PANQUEHUE",
        "origen": 1,
        "tipo_estab": 2,
        "tipo_glosa": "Escuela Particular Subvencionado",
        "matricula_total": 44,
        "mat_sala_cuna": 0,
        "mat_medio": 15,
        "mat_transicion": 29,
        "slep_sostenedor": null,
        "slep_procedencia": "sin_dato"
      },
      "geometry": {
        "type": "Point",
        "coordinates": [
          -70.84867,
          -32.78086
        ]
      }
    },
    {
      "type": "Feature",
      "properties": {
        "id_estab": "1328",
        "nombre": "ESCUELA INDEPENDENCIA",
        "cod_comuna": "5704",
        "comuna": "PANQUEHUE",
        "origen": 1,
        "tipo_estab": 1,
        "tipo_glosa": "Escuela Municipal",
        "matricula_total": 23,
        "mat_sala_cuna": 0,
        "mat_medio": 0,
        "mat_transicion": 23,
        "slep_sostenedor": null,
        "slep_procedencia": "sin_dato"
      },
      "geometry": {
        "type": "Point",
        "coordinates": [
          -70.852287,
          -32.78336
        ]
      }
    },
    {
      "type": "Feature",
      "properties": {
        "id_estab": "1329",
        "nombre": "ESCUELA EMA LOBOS REYES",
        "cod_comuna": "5704",
        "comuna": "PANQUEHUE",
        "origen": 1,
        "tipo_estab": 1,
        "tipo_glosa": "Escuela Municipal",
        "matricula_total": 20,
        "mat_sala_cuna": 0,
        "mat_medio": 0,
        "mat_transicion": 20,
        "slep_sostenedor": null,
        "slep_procedencia": "sin_dato"
      },
      "geometry": {
        "type": "Point",
        "coordinates": [
          -70.871262,
          -32.79179
        ]
      }
    },
    {
      "type": "Feature",
      "properties": {
        "id_estab": "1332",
        "nombre": "ESCUELA BASICA VINA ERRAZURIZ",
        "cod_comuna": "5704",
        "comuna": "PANQUEHUE",
        "origen": 1,
        "tipo_estab": 1,
        "tipo_glosa": "Escuela Municipal",
        "matricula_total": 14,
        "mat_sala_cuna": 0,
        "mat_medio": 0,
        "mat_transicion": 14,
        "slep_sostenedor": null,
        "slep_procedencia": "sin_dato"
      },
      "geometry": {
        "type": "Point",
        "coordinates": [
          -70.826927,
          -32.797939
        ]
      }
    },
    {
      "type": "Feature",
      "properties": {
        "id_estab": "11237",
        "nombre": "COLEGIO ALEMAN DE SAN FELIPE",
        "cod_comuna": "5704",
        "comuna": "PANQUEHUE",
        "origen": 1,
        "tipo_estab": 3,
        "tipo_glosa": "Escuela Particular Pagado",
        "matricula_total": 90,
        "mat_sala_cuna": 0,
        "mat_medio": 13,
        "mat_transicion": 77,
        "slep_sostenedor": null,
        "slep_procedencia": "sin_dato"
      },
      "geometry": {
        "type": "Point",
        "coordinates": [
          -70.74023,
          -32.755807
        ]
      }
    },
    {
      "type": "Feature",
      "properties": {
        "id_estab": "1331",
        "nombre": "ESCUELA BASICA FRAY CAMILO HENRIQUEZ",
        "cod_comuna": "5704",
        "comuna": "PANQUEHUE",
        "origen": 1,
        "tipo_estab": 1,
        "tipo_glosa": "Escuela Municipal",
        "matricula_total": 8,
        "mat_sala_cuna": 0,
        "mat_medio": 0,
        "mat_transicion": 8,
        "slep_sostenedor": null,
        "slep_procedencia": "sin_dato"
      },
      "geometry": {
        "type": "Point",
        "coordinates": [
          -70.899757,
          -32.80357
        ]
      }
    },
    {
      "type": "Feature",
      "properties": {
        "id_estab": "1333",
        "nombre": "ESCUELA JORGE BARROS BEAUCHEF",
        "cod_comuna": "5704",
        "comuna": "PANQUEHUE",
        "origen": 1,
        "tipo_estab": 1,
        "tipo_glosa": "Escuela Municipal",
        "matricula_total": 8,
        "mat_sala_cuna": 0,
        "mat_medio": 0,
        "mat_transicion": 8,
        "slep_sostenedor": null,
        "slep_procedencia": "sin_dato"
      },
      "geometry": {
        "type": "Point",
        "coordinates": [
          -70.808998,
          -32.75423
        ]
      }
    },
    {
      "type": "Feature",
      "properties": {
        "id_estab": "40123",
        "nombre": "ESCUELA ESPECIAL DE LENGUAJE GABRIELA MISTRAL",
        "cod_comuna": "5704",
        "comuna": "PANQUEHUE",
        "origen": 1,
        "tipo_estab": 2,
        "tipo_glosa": "Escuela Particular Subvencionado",
        "matricula_total": 38,
        "mat_sala_cuna": 0,
        "mat_medio": 14,
        "mat_transicion": 24,
        "slep_sostenedor": null,
        "slep_procedencia": "sin_dato"
      },
      "geometry": {
        "type": "Point",
        "coordinates": [
          -70.83342,
          -32.779118
        ]
      }
    },
    {
      "type": "Feature",
      "properties": {
        "id_estab": "51501",
        "nombre": "LAS MAQUINITAS",
        "cod_comuna": "5704",
        "comuna": "PANQUEHUE",
        "origen": 3,
        "tipo_estab": 7,
        "tipo_glosa": "INTEGRA Administracion Directa",
        "matricula_total": 29,
        "mat_sala_cuna": 0,
        "mat_medio": 19,
        "mat_transicion": 10,
        "slep_sostenedor": null,
        "slep_procedencia": "sin_dato"
      },
      "geometry": {
        "type": "Point",
        "coordinates": [
          -70.965388,
          -32.780191
        ]
      }
    },
    {
      "type": "Feature",
      "properties": {
        "id_estab": "53103",
        "nombre": "ARCOÍRIS",
        "cod_comuna": "5704",
        "comuna": "PANQUEHUE",
        "origen": 3,
        "tipo_estab": 7,
        "tipo_glosa": "INTEGRA Administracion Directa",
        "matricula_total": 104,
        "mat_sala_cuna": 26,
        "mat_medio": 78,
        "mat_transicion": 0,
        "slep_sostenedor": null,
        "slep_procedencia": "sin_dato"
      },
      "geometry": {
        "type": "Point",
        "coordinates": [
          -71.601635,
          -33.611842
        ]
      }
    },
    {
      "type": "Feature",
      "properties": {
        "id_estab": "5704003",
        "nombre": "ENANITOS DEL BOSQUE",
        "cod_comuna": "5704",
        "comuna": "PANQUEHUE",
        "origen": 2,
        "tipo_estab": 6,
        "tipo_glosa": "JUNJI VTF",
        "matricula_total": 50,
        "mat_sala_cuna": 19,
        "mat_medio": 31,
        "mat_transicion": 0,
        "slep_sostenedor": "Aconcagua",
        "slep_procedencia": "derivada_comuna"
      },
      "geometry": {
        "type": "Point",
        "coordinates": [
          -70.833731,
          -32.768167
        ]
      }
    },
    {
      "type": "Feature",
      "properties": {
        "id_estab": "53601",
        "nombre": "EL MARINERITO",
        "cod_comuna": "5704",
        "comuna": "PANQUEHUE",
        "origen": 3,
        "tipo_estab": 7,
        "tipo_glosa": "INTEGRA Administracion Directa",
        "matricula_total": 71,
        "mat_sala_cuna": 18,
        "mat_medio": 53,
        "mat_transicion": 0,
        "slep_sostenedor": null,
        "slep_procedencia": "sin_dato"
      },
      "geometry": {
        "type": "Point",
        "coordinates": [
          -71.611124,
          -33.642044
        ]
      }
    },
    {
      "type": "Feature",
      "properties": {
        "id_estab": "5704001",
        "nombre": "TIPITIN",
        "cod_comuna": "5704",
        "comuna": "PANQUEHUE",
        "origen": 2,
        "tipo_estab": 6,
        "tipo_glosa": "JUNJI VTF",
        "matricula_total": 54,
        "mat_sala_cuna": 15,
        "mat_medio": 39,
        "mat_transicion": 0,
        "slep_sostenedor": "Aconcagua",
        "slep_procedencia": "derivada_comuna"
      },
      "geometry": {
        "type": "Point",
        "coordinates": [
          -70.851596,
          -32.782876
        ]
      }
    },
    {
      "type": "Feature",
      "properties": {
        "id_estab": "5704004",
        "nombre": "SEMBRANDO SUEÑOS",
        "cod_comuna": "5704",
        "comuna": "PANQUEHUE",
        "origen": 2,
        "tipo_estab": 5,
        "tipo_glosa": "JUNJI Administracion Directa",
        "matricula_total": 22,
        "mat_sala_cuna": 7,
        "mat_medio": 15,
        "mat_transicion": 0,
        "slep_sostenedor": null,
        "slep_procedencia": "sin_dato"
      },
      "geometry": {
        "type": "Point",
        "coordinates": [
          -70.90533,
          -32.8008
        ]
      }
    },
    {
      "type": "Feature",
      "properties": {
        "id_estab": "1302",
        "nombre": "LICEO RINCONADA DE SILVA",
        "cod_comuna": "5705",
        "comuna": "PUTAENDO",
        "origen": 1,
        "tipo_estab": 1,
        "tipo_glosa": "Escuela Municipal",
        "matricula_total": 16,
        "mat_sala_cuna": 0,
        "mat_medio": 0,
        "mat_transicion": 16,
        "slep_sostenedor": null,
        "slep_procedencia": "sin_dato"
      },
      "geometry": {
        "type": "Point",
        "coordinates": [
          -70.717667,
          -32.66188
        ]
      }
    },
    {
      "type": "Feature",
      "properties": {
        "id_estab": "1307",
        "nombre": "ESCUELA SAN ALBERTO",
        "cod_comuna": "5705",
        "comuna": "PUTAENDO",
        "origen": 1,
        "tipo_estab": 1,
        "tipo_glosa": "Escuela Municipal",
        "matricula_total": 24,
        "mat_sala_cuna": 0,
        "mat_medio": 0,
        "mat_transicion": 24,
        "slep_sostenedor": null,
        "slep_procedencia": "sin_dato"
      },
      "geometry": {
        "type": "Point",
        "coordinates": [
          -70.733566,
          -32.58268
        ]
      }
    },
    {
      "type": "Feature",
      "properties": {
        "id_estab": "1313",
        "nombre": "ESCUELA CATAN DABIKE",
        "cod_comuna": "5705",
        "comuna": "PUTAENDO",
        "origen": 1,
        "tipo_estab": 1,
        "tipo_glosa": "Escuela Municipal",
        "matricula_total": 12,
        "mat_sala_cuna": 0,
        "mat_medio": 0,
        "mat_transicion": 12,
        "slep_sostenedor": null,
        "slep_procedencia": "sin_dato"
      },
      "geometry": {
        "type": "Point",
        "coordinates": [
          -70.691437,
          -32.56982
        ]
      }
    },
    {
      "type": "Feature",
      "properties": {
        "id_estab": "14766",
        "nombre": "ESC. DE LENGUAJE TERRANOVA",
        "cod_comuna": "5705",
        "comuna": "PUTAENDO",
        "origen": 1,
        "tipo_estab": 2,
        "tipo_glosa": "Escuela Particular Subvencionado",
        "matricula_total": 26,
        "mat_sala_cuna": 0,
        "mat_medio": 12,
        "mat_transicion": 14,
        "slep_sostenedor": null,
        "slep_procedencia": "sin_dato"
      },
      "geometry": {
        "type": "Point",
        "coordinates": [
          -70.71716,
          -32.64163
        ]
      }
    },
    {
      "type": "Feature",
      "properties": {
        "id_estab": "1312",
        "nombre": "ESC. BAS. GASTON ORMAZABAL CABRERA",
        "cod_comuna": "5705",
        "comuna": "PUTAENDO",
        "origen": 1,
        "tipo_estab": 1,
        "tipo_glosa": "Escuela Municipal",
        "matricula_total": 17,
        "mat_sala_cuna": 0,
        "mat_medio": 0,
        "mat_transicion": 17,
        "slep_sostenedor": null,
        "slep_procedencia": "sin_dato"
      },
      "geometry": {
        "type": "Point",
        "coordinates": [
          -70.736938,
          -32.625469
        ]
      }
    },
    {
      "type": "Feature",
      "properties": {
        "id_estab": "1316",
        "nombre": "COLEGIO MARIE POUSSEPIN",
        "cod_comuna": "5705",
        "comuna": "PUTAENDO",
        "origen": 1,
        "tipo_estab": 2,
        "tipo_glosa": "Escuela Particular Subvencionado",
        "matricula_total": 73,
        "mat_sala_cuna": 0,
        "mat_medio": 0,
        "mat_transicion": 73,
        "slep_sostenedor": null,
        "slep_procedencia": "sin_dato"
      },
      "geometry": {
        "type": "Point",
        "coordinates": [
          -70.720703,
          -32.63274
        ]
      }
    },
    {
      "type": "Feature",
      "properties": {
        "id_estab": "14819",
        "nombre": "COLEGIO CERVANTINO",
        "cod_comuna": "5705",
        "comuna": "PUTAENDO",
        "origen": 1,
        "tipo_estab": 2,
        "tipo_glosa": "Escuela Particular Subvencionado",
        "matricula_total": 41,
        "mat_sala_cuna": 0,
        "mat_medio": 0,
        "mat_transicion": 41,
        "slep_sostenedor": null,
        "slep_procedencia": "sin_dato"
      },
      "geometry": {
        "type": "Point",
        "coordinates": [
          -70.719116,
          -32.641861
        ]
      }
    },
    {
      "type": "Feature",
      "properties": {
        "id_estab": "1309",
        "nombre": "ESCUELA EDUARDO BECERRA BASCUNAN",
        "cod_comuna": "5705",
        "comuna": "PUTAENDO",
        "origen": 1,
        "tipo_estab": 1,
        "tipo_glosa": "Escuela Municipal",
        "matricula_total": 8,
        "mat_sala_cuna": 0,
        "mat_medio": 0,
        "mat_transicion": 8,
        "slep_sostenedor": null,
        "slep_procedencia": "sin_dato"
      },
      "geometry": {
        "type": "Point",
        "coordinates": [
          -70.639519,
          -32.526489
        ]
      }
    },
    {
      "type": "Feature",
      "properties": {
        "id_estab": "1304",
        "nombre": "ESCUELA PASO HISTORICO EL TARTARO",
        "cod_comuna": "5705",
        "comuna": "PUTAENDO",
        "origen": 1,
        "tipo_estab": 1,
        "tipo_glosa": "Escuela Municipal",
        "matricula_total": 20,
        "mat_sala_cuna": 0,
        "mat_medio": 0,
        "mat_transicion": 20,
        "slep_sostenedor": null,
        "slep_procedencia": "sin_dato"
      },
      "geometry": {
        "type": "Point",
        "coordinates": [
          -70.701897,
          -32.57196
        ]
      }
    },
    {
      "type": "Feature",
      "properties": {
        "id_estab": "1301",
        "nombre": "LICEO MANUEL MARIN",
        "cod_comuna": "5705",
        "comuna": "PUTAENDO",
        "origen": 1,
        "tipo_estab": 1,
        "tipo_glosa": "Escuela Municipal",
        "matricula_total": 19,
        "mat_sala_cuna": 0,
        "mat_medio": 0,
        "mat_transicion": 19,
        "slep_sostenedor": null,
        "slep_procedencia": "sin_dato"
      },
      "geometry": {
        "type": "Point",
        "coordinates": [
          -70.71492,
          -32.627171
        ]
      }
    },
    {
      "type": "Feature",
      "properties": {
        "id_estab": "14882",
        "nombre": "ESC.ESPECIAL DE LENGUAJE OROLONCO",
        "cod_comuna": "5705",
        "comuna": "PUTAENDO",
        "origen": 1,
        "tipo_estab": 2,
        "tipo_glosa": "Escuela Particular Subvencionado",
        "matricula_total": 46,
        "mat_sala_cuna": 0,
        "mat_medio": 21,
        "mat_transicion": 25,
        "slep_sostenedor": null,
        "slep_procedencia": "sin_dato"
      },
      "geometry": {
        "type": "Point",
        "coordinates": [
          -70.71545,
          -32.631504
        ]
      }
    },
    {
      "type": "Feature",
      "properties": {
        "id_estab": "1310",
        "nombre": "ESCUELA MARIA LEIVA DE IBANEZ",
        "cod_comuna": "5705",
        "comuna": "PUTAENDO",
        "origen": 1,
        "tipo_estab": 1,
        "tipo_glosa": "Escuela Municipal",
        "matricula_total": 15,
        "mat_sala_cuna": 0,
        "mat_medio": 0,
        "mat_transicion": 15,
        "slep_sostenedor": null,
        "slep_procedencia": "sin_dato"
      },
      "geometry": {
        "type": "Point",
        "coordinates": [
          -70.732933,
          -32.696201
        ]
      }
    },
    {
      "type": "Feature",
      "properties": {
        "id_estab": "1308",
        "nombre": "ESCUELA ALEJANDRINA CARVAJAL ASPEE",
        "cod_comuna": "5705",
        "comuna": "PUTAENDO",
        "origen": 1,
        "tipo_estab": 1,
        "tipo_glosa": "Escuela Municipal",
        "matricula_total": 2,
        "mat_sala_cuna": 0,
        "mat_medio": 0,
        "mat_transicion": 2,
        "slep_sostenedor": null,
        "slep_procedencia": "sin_dato"
      },
      "geometry": {
        "type": "Point",
        "coordinates": [
          -70.641449,
          -32.53693
        ]
      }
    },
    {
      "type": "Feature",
      "properties": {
        "id_estab": "51301",
        "nombre": "RAMITO DE UVA",
        "cod_comuna": "5705",
        "comuna": "PUTAENDO",
        "origen": 3,
        "tipo_estab": 7,
        "tipo_glosa": "INTEGRA Administracion Directa",
        "matricula_total": 17,
        "mat_sala_cuna": 0,
        "mat_medio": 9,
        "mat_transicion": 8,
        "slep_sostenedor": null,
        "slep_procedencia": "sin_dato"
      },
      "geometry": {
        "type": "Point",
        "coordinates": [
          -70.826136,
          -32.797857
        ]
      }
    },
    {
      "type": "Feature",
      "properties": {
        "id_estab": "5705001",
        "nombre": "EL TRENCITO",
        "cod_comuna": "5705",
        "comuna": "PUTAENDO",
        "origen": 2,
        "tipo_estab": 5,
        "tipo_glosa": "JUNJI Administracion Directa",
        "matricula_total": 25,
        "mat_sala_cuna": 7,
        "mat_medio": 18,
        "mat_transicion": 0,
        "slep_sostenedor": null,
        "slep_procedencia": "sin_dato"
      },
      "geometry": {
        "type": "Point",
        "coordinates": [
          -70.714843,
          -32.631035
        ]
      }
    },
    {
      "type": "Feature",
      "properties": {
        "id_estab": "1305",
        "nombre": "ESCUELA RENACER",
        "cod_comuna": "5705",
        "comuna": "PUTAENDO",
        "origen": 1,
        "tipo_estab": 1,
        "tipo_glosa": "Escuela Municipal",
        "matricula_total": 15,
        "mat_sala_cuna": 0,
        "mat_medio": 0,
        "mat_transicion": 15,
        "slep_sostenedor": null,
        "slep_procedencia": "sin_dato"
      },
      "geometry": {
        "type": "Point",
        "coordinates": [
          -70.750381,
          -32.674381
        ]
      }
    },
    {
      "type": "Feature",
      "properties": {
        "id_estab": "5705002",
        "nombre": "PAKARIN",
        "cod_comuna": "5705",
        "comuna": "PUTAENDO",
        "origen": 2,
        "tipo_estab": 6,
        "tipo_glosa": "JUNJI VTF",
        "matricula_total": 31,
        "mat_sala_cuna": 8,
        "mat_medio": 23,
        "mat_transicion": 0,
        "slep_sostenedor": "Aconcagua",
        "slep_procedencia": "derivada_comuna"
      },
      "geometry": {
        "type": "Point",
        "coordinates": [
          -70.702219,
          -32.571335
        ]
      }
    },
    {
      "type": "Feature",
      "properties": {
        "id_estab": "51302",
        "nombre": "LA PIRCA",
        "cod_comuna": "5705",
        "comuna": "PUTAENDO",
        "origen": 3,
        "tipo_estab": 7,
        "tipo_glosa": "INTEGRA Administracion Directa",
        "matricula_total": 14,
        "mat_sala_cuna": 0,
        "mat_medio": 10,
        "mat_transicion": 4,
        "slep_sostenedor": null,
        "slep_procedencia": "sin_dato"
      },
      "geometry": {
        "type": "Point",
        "coordinates": [
          -70.872536,
          -32.7924
        ]
      }
    },
    {
      "type": "Feature",
      "properties": {
        "id_estab": "5705006",
        "nombre": "MUNDO DE ALEGRÍA",
        "cod_comuna": "5705",
        "comuna": "PUTAENDO",
        "origen": 2,
        "tipo_estab": 5,
        "tipo_glosa": "JUNJI Administracion Directa",
        "matricula_total": 34,
        "mat_sala_cuna": 11,
        "mat_medio": 23,
        "mat_transicion": 0,
        "slep_sostenedor": null,
        "slep_procedencia": "sin_dato"
      },
      "geometry": {
        "type": "Point",
        "coordinates": [
          -70.692195,
          -32.569395
        ]
      }
    },
    {
      "type": "Feature",
      "properties": {
        "id_estab": "5705003",
        "nombre": "HUIPU-PEIKIÑÑ",
        "cod_comuna": "5705",
        "comuna": "PUTAENDO",
        "origen": 2,
        "tipo_estab": 6,
        "tipo_glosa": "JUNJI VTF",
        "matricula_total": 28,
        "mat_sala_cuna": 11,
        "mat_medio": 17,
        "mat_transicion": 0,
        "slep_sostenedor": "Aconcagua",
        "slep_procedencia": "derivada_comuna"
      },
      "geometry": {
        "type": "Point",
        "coordinates": [
          -70.730669,
          -32.688703
        ]
      }
    },
    {
      "type": "Feature",
      "properties": {
        "id_estab": "5705004",
        "nombre": "MILLAHUE",
        "cod_comuna": "5705",
        "comuna": "PUTAENDO",
        "origen": 2,
        "tipo_estab": 6,
        "tipo_glosa": "JUNJI VTF",
        "matricula_total": 28,
        "mat_sala_cuna": 0,
        "mat_medio": 28,
        "mat_transicion": 0,
        "slep_sostenedor": "Aconcagua",
        "slep_procedencia": "derivada_comuna"
      },
      "geometry": {
        "type": "Point",
        "coordinates": [
          -70.742667,
          -32.6522
        ]
      }
    },
    {
      "type": "Feature",
      "properties": {
        "id_estab": "5705007",
        "nombre": "JOSÉ SALINAS",
        "cod_comuna": "5705",
        "comuna": "PUTAENDO",
        "origen": 2,
        "tipo_estab": 5,
        "tipo_glosa": "JUNJI Administracion Directa",
        "matricula_total": 23,
        "mat_sala_cuna": 5,
        "mat_medio": 18,
        "mat_transicion": 0,
        "slep_sostenedor": null,
        "slep_procedencia": "sin_dato"
      },
      "geometry": {
        "type": "Point",
        "coordinates": [
          -70.710479,
          -32.627392
        ]
      }
    },
    {
      "type": "Feature",
      "properties": {
        "id_estab": "5705005",
        "nombre": "ANTU YAMPAI",
        "cod_comuna": "5705",
        "comuna": "PUTAENDO",
        "origen": 2,
        "tipo_estab": 6,
        "tipo_glosa": "JUNJI VTF",
        "matricula_total": 18,
        "mat_sala_cuna": 18,
        "mat_medio": 0,
        "mat_transicion": 0,
        "slep_sostenedor": "Aconcagua",
        "slep_procedencia": "derivada_comuna"
      },
      "geometry": {
        "type": "Point",
        "coordinates": [
          -70.713972,
          -32.626917
        ]
      }
    },
    {
      "type": "Feature",
      "properties": {
        "id_estab": "51303",
        "nombre": "S.C. LA PIRQUITA",
        "cod_comuna": "5705",
        "comuna": "PUTAENDO",
        "origen": 3,
        "tipo_estab": 7,
        "tipo_glosa": "INTEGRA Administracion Directa",
        "matricula_total": 13,
        "mat_sala_cuna": 13,
        "mat_medio": 0,
        "mat_transicion": 0,
        "slep_sostenedor": null,
        "slep_procedencia": "sin_dato"
      },
      "geometry": {
        "type": "Point",
        "coordinates": [
          -70.852744,
          -32.783875
        ]
      }
    },
    {
      "type": "Feature",
      "properties": {
        "id_estab": "1318",
        "nombre": "LICEO DARIO SALAS",
        "cod_comuna": "5706",
        "comuna": "SANTA MARÍA",
        "origen": 1,
        "tipo_estab": 1,
        "tipo_glosa": "Escuela Municipal",
        "matricula_total": 25,
        "mat_sala_cuna": 0,
        "mat_medio": 0,
        "mat_transicion": 25,
        "slep_sostenedor": null,
        "slep_procedencia": "sin_dato"
      },
      "geometry": {
        "type": "Point",
        "coordinates": [
          -70.655724,
          -32.745449
        ]
      }
    },
    {
      "type": "Feature",
      "properties": {
        "id_estab": "1326",
        "nombre": "ESCUELA JULIO TEJEDOR ZUNIGA",
        "cod_comuna": "5706",
        "comuna": "SANTA MARÍA",
        "origen": 1,
        "tipo_estab": 1,
        "tipo_glosa": "Escuela Municipal",
        "matricula_total": 11,
        "mat_sala_cuna": 0,
        "mat_medio": 0,
        "mat_transicion": 11,
        "slep_sostenedor": null,
        "slep_procedencia": "sin_dato"
      },
      "geometry": {
        "type": "Point",
        "coordinates": [
          -70.599571,
          -32.683331
        ]
      }
    },
    {
      "type": "Feature",
      "properties": {
        "id_estab": "14820",
        "nombre": "COLEGIO SANTA MARIA COLLEGE",
        "cod_comuna": "5706",
        "comuna": "SANTA MARÍA",
        "origen": 1,
        "tipo_estab": 2,
        "tipo_glosa": "Escuela Particular Subvencionado",
        "matricula_total": 23,
        "mat_sala_cuna": 0,
        "mat_medio": 0,
        "mat_transicion": 23,
        "slep_sostenedor": null,
        "slep_procedencia": "sin_dato"
      },
      "geometry": {
        "type": "Point",
        "coordinates": [
          -70.657806,
          -32.75124
        ]
      }
    },
    {
      "type": "Feature",
      "properties": {
        "id_estab": "1327",
        "nombre": "COLEGIO BICENTENARIO SANTA MARÍA DE ACONCAGUA",
        "cod_comuna": "5706",
        "comuna": "SANTA MARÍA",
        "origen": 1,
        "tipo_estab": 2,
        "tipo_glosa": "Escuela Particular Subvencionado",
        "matricula_total": 77,
        "mat_sala_cuna": 0,
        "mat_medio": 0,
        "mat_transicion": 77,
        "slep_sostenedor": null,
        "slep_procedencia": "sin_dato"
      },
      "geometry": {
        "type": "Point",
        "coordinates": [
          -70.656273,
          -32.747372
        ]
      }
    },
    {
      "type": "Feature",
      "properties": {
        "id_estab": "1321",
        "nombre": "ESCUELA GUILLERMO BANADOS HONORATO",
        "cod_comuna": "5706",
        "comuna": "SANTA MARÍA",
        "origen": 1,
        "tipo_estab": 1,
        "tipo_glosa": "Escuela Municipal",
        "matricula_total": 33,
        "mat_sala_cuna": 0,
        "mat_medio": 0,
        "mat_transicion": 33,
        "slep_sostenedor": null,
        "slep_procedencia": "sin_dato"
      },
      "geometry": {
        "type": "Point",
        "coordinates": [
          -70.624252,
          -32.794331
        ]
      }
    },
    {
      "type": "Feature",
      "properties": {
        "id_estab": "31458",
        "nombre": "ESCUELA ESPECIAL DE LENGUAJE HAKUNA MATATA",
        "cod_comuna": "5706",
        "comuna": "SANTA MARÍA",
        "origen": 1,
        "tipo_estab": 2,
        "tipo_glosa": "Escuela Particular Subvencionado",
        "matricula_total": 51,
        "mat_sala_cuna": 0,
        "mat_medio": 21,
        "mat_transicion": 30,
        "slep_sostenedor": null,
        "slep_procedencia": "sin_dato"
      },
      "geometry": {
        "type": "Point",
        "coordinates": [
          -70.643639,
          -32.754291
        ]
      }
    },
    {
      "type": "Feature",
      "properties": {
        "id_estab": "1323",
        "nombre": "ESCUELA SANTA FILOMENA",
        "cod_comuna": "5706",
        "comuna": "SANTA MARÍA",
        "origen": 1,
        "tipo_estab": 1,
        "tipo_glosa": "Escuela Municipal",
        "matricula_total": 6,
        "mat_sala_cuna": 0,
        "mat_medio": 0,
        "mat_transicion": 6,
        "slep_sostenedor": null,
        "slep_procedencia": "sin_dato"
      },
      "geometry": {
        "type": "Point",
        "coordinates": [
          -70.613823,
          -32.693642
        ]
      }
    },
    {
      "type": "Feature",
      "properties": {
        "id_estab": "14767",
        "nombre": "ESCUELA DE LENGUAJE PAIDEIA",
        "cod_comuna": "5706",
        "comuna": "SANTA MARÍA",
        "origen": 1,
        "tipo_estab": 2,
        "tipo_glosa": "Escuela Particular Subvencionado",
        "matricula_total": 21,
        "mat_sala_cuna": 0,
        "mat_medio": 5,
        "mat_transicion": 16,
        "slep_sostenedor": null,
        "slep_procedencia": "sin_dato"
      },
      "geometry": {
        "type": "Point",
        "coordinates": [
          -70.65552,
          -32.748837
        ]
      }
    },
    {
      "type": "Feature",
      "properties": {
        "id_estab": "1325",
        "nombre": "ESCUELA BASICA AURORA VELASCO PEREZ",
        "cod_comuna": "5706",
        "comuna": "SANTA MARÍA",
        "origen": 1,
        "tipo_estab": 1,
        "tipo_glosa": "Escuela Municipal",
        "matricula_total": 10,
        "mat_sala_cuna": 0,
        "mat_medio": 0,
        "mat_transicion": 10,
        "slep_sostenedor": null,
        "slep_procedencia": "sin_dato"
      },
      "geometry": {
        "type": "Point",
        "coordinates": [
          -70.629341,
          -32.73386
        ]
      }
    },
    {
      "type": "Feature",
      "properties": {
        "id_estab": "1322",
        "nombre": "ESCUELA LA HIGUERA",
        "cod_comuna": "5706",
        "comuna": "SANTA MARÍA",
        "origen": 1,
        "tipo_estab": 1,
        "tipo_glosa": "Escuela Municipal",
        "matricula_total": 11,
        "mat_sala_cuna": 0,
        "mat_medio": 0,
        "mat_transicion": 11,
        "slep_sostenedor": null,
        "slep_procedencia": "sin_dato"
      },
      "geometry": {
        "type": "Point",
        "coordinates": [
          -70.640022,
          -32.71265
        ]
      }
    },
    {
      "type": "Feature",
      "properties": {
        "id_estab": "51001",
        "nombre": "HORMIGUITA DE ACONCAGUA",
        "cod_comuna": "5706",
        "comuna": "SANTA MARÍA",
        "origen": 3,
        "tipo_estab": 7,
        "tipo_glosa": "INTEGRA Administracion Directa",
        "matricula_total": 202,
        "mat_sala_cuna": 97,
        "mat_medio": 105,
        "mat_transicion": 0,
        "slep_sostenedor": null,
        "slep_procedencia": "sin_dato"
      },
      "geometry": {
        "type": "Point",
        "coordinates": [
          -70.726839,
          -32.74173
        ]
      }
    },
    {
      "type": "Feature",
      "properties": {
        "id_estab": "5706006",
        "nombre": "CREANDO RAÍCES",
        "cod_comuna": "5706",
        "comuna": "SANTA MARÍA",
        "origen": 2,
        "tipo_estab": 5,
        "tipo_glosa": "JUNJI Administracion Directa",
        "matricula_total": 23,
        "mat_sala_cuna": 7,
        "mat_medio": 16,
        "mat_transicion": 0,
        "slep_sostenedor": null,
        "slep_procedencia": "sin_dato"
      },
      "geometry": {
        "type": "Point",
        "coordinates": [
          -70.652247,
          -32.745925
        ]
      }
    },
    {
      "type": "Feature",
      "properties": {
        "id_estab": "51002",
        "nombre": "LOS DUENDECITOS",
        "cod_comuna": "5706",
        "comuna": "SANTA MARÍA",
        "origen": 3,
        "tipo_estab": 7,
        "tipo_glosa": "INTEGRA Administracion Directa",
        "matricula_total": 68,
        "mat_sala_cuna": 13,
        "mat_medio": 50,
        "mat_transicion": 5,
        "slep_sostenedor": null,
        "slep_procedencia": "sin_dato"
      },
      "geometry": {
        "type": "Point",
        "coordinates": [
          -70.725796,
          -32.716215
        ]
      }
    },
    {
      "type": "Feature",
      "properties": {
        "id_estab": "5706003",
        "nombre": "CASTILLO DE LA ALEGRIA",
        "cod_comuna": "5706",
        "comuna": "SANTA MARÍA",
        "origen": 2,
        "tipo_estab": 6,
        "tipo_glosa": "JUNJI VTF",
        "matricula_total": 43,
        "mat_sala_cuna": 18,
        "mat_medio": 25,
        "mat_transicion": 0,
        "slep_sostenedor": "Aconcagua",
        "slep_procedencia": "derivada_comuna"
      },
      "geometry": {
        "type": "Point",
        "coordinates": [
          -70.635126,
          -32.755347
        ]
      }
    },
    {
      "type": "Feature",
      "properties": {
        "id_estab": "5706002",
        "nombre": "PULGARCITA",
        "cod_comuna": "5706",
        "comuna": "SANTA MARÍA",
        "origen": 2,
        "tipo_estab": 6,
        "tipo_glosa": "JUNJI VTF",
        "matricula_total": 34,
        "mat_sala_cuna": 14,
        "mat_medio": 20,
        "mat_transicion": 0,
        "slep_sostenedor": "Aconcagua",
        "slep_procedencia": "derivada_comuna"
      },
      "geometry": {
        "type": "Point",
        "coordinates": [
          -70.629104,
          -32.7912
        ]
      }
    },
    {
      "type": "Feature",
      "properties": {
        "id_estab": "5706001",
        "nombre": "BLONDIM",
        "cod_comuna": "5706",
        "comuna": "SANTA MARÍA",
        "origen": 2,
        "tipo_estab": 5,
        "tipo_glosa": "JUNJI Administracion Directa",
        "matricula_total": 50,
        "mat_sala_cuna": 14,
        "mat_medio": 36,
        "mat_transicion": 0,
        "slep_sostenedor": null,
        "slep_procedencia": "sin_dato"
      },
      "geometry": {
        "type": "Point",
        "coordinates": [
          -70.658655,
          -32.746842
        ]
      }
    },
    {
      "type": "Feature",
      "properties": {
        "id_estab": "5706004",
        "nombre": "CAMPANITA DE JAHUEL",
        "cod_comuna": "5706",
        "comuna": "SANTA MARÍA",
        "origen": 2,
        "tipo_estab": 6,
        "tipo_glosa": "JUNJI VTF",
        "matricula_total": 43,
        "mat_sala_cuna": 17,
        "mat_medio": 26,
        "mat_transicion": 0,
        "slep_sostenedor": "Aconcagua",
        "slep_procedencia": "derivada_comuna"
      },
      "geometry": {
        "type": "Point",
        "coordinates": [
          -70.614339,
          -32.693286
        ]
      }
    },
    {
      "type": "Feature",
      "properties": {
        "id_estab": "5706005",
        "nombre": "LOS PINITOS DE TOCORNAL",
        "cod_comuna": "5706",
        "comuna": "SANTA MARÍA",
        "origen": 2,
        "tipo_estab": 5,
        "tipo_glosa": "JUNJI Administracion Directa",
        "matricula_total": 43,
        "mat_sala_cuna": 19,
        "mat_medio": 24,
        "mat_transicion": 0,
        "slep_sostenedor": null,
        "slep_procedencia": "sin_dato"
      },
      "geometry": {
        "type": "Point",
        "coordinates": [
          -70.646478,
          -32.781956
        ]
      }
    },
    {
      "type": "Feature",
      "properties": {
        "id_estab": "1891",
        "nombre": "ESCUELA BASICA JORGE ROCK LARA",
        "cod_comuna": "5801",
        "comuna": "QUILPUÉ",
        "origen": 1,
        "tipo_estab": 1,
        "tipo_glosa": "Escuela Municipal",
        "matricula_total": 23,
        "mat_sala_cuna": 0,
        "mat_medio": 0,
        "mat_transicion": 23,
        "slep_sostenedor": null,
        "slep_procedencia": "sin_dato"
      },
      "geometry": {
        "type": "Point",
        "coordinates": [
          -71.47036,
          -33.044319
        ]
      }
    },
    {
      "type": "Feature",
      "properties": {
        "id_estab": "14690",
        "nombre": "ESC DE PARVULOS MI PEQUENO CLUB",
        "cod_comuna": "5801",
        "comuna": "QUILPUÉ",
        "origen": 1,
        "tipo_estab": 2,
        "tipo_glosa": "Escuela Particular Subvencionado",
        "matricula_total": 23,
        "mat_sala_cuna": 0,
        "mat_medio": 0,
        "mat_transicion": 23,
        "slep_sostenedor": null,
        "slep_procedencia": "sin_dato"
      },
      "geometry": {
        "type": "Point",
        "coordinates": [
          -71.43953,
          -33.04919
        ]
      }
    },
    {
      "type": "Feature",
      "properties": {
        "id_estab": "14392",
        "nombre": "CTRO INTEGRAL EDUCAC LINDA CORREA",
        "cod_comuna": "5801",
        "comuna": "QUILPUÉ",
        "origen": 1,
        "tipo_estab": 2,
        "tipo_glosa": "Escuela Particular Subvencionado",
        "matricula_total": 24,
        "mat_sala_cuna": 0,
        "mat_medio": 11,
        "mat_transicion": 13,
        "slep_sostenedor": null,
        "slep_procedencia": "sin_dato"
      },
      "geometry": {
        "type": "Point",
        "coordinates": [
          -71.41134,
          -33.050117
        ]
      }
    },
    {
      "type": "Feature",
      "properties": {
        "id_estab": "40066",
        "nombre": "ESCUELA DE PARVULOS ARCOIRIS",
        "cod_comuna": "5801",
        "comuna": "QUILPUÉ",
        "origen": 1,
        "tipo_estab": 2,
        "tipo_glosa": "Escuela Particular Subvencionado",
        "matricula_total": 19,
        "mat_sala_cuna": 0,
        "mat_medio": 10,
        "mat_transicion": 9,
        "slep_sostenedor": null,
        "slep_procedencia": "sin_dato"
      },
      "geometry": {
        "type": "Point",
        "coordinates": [
          -71.4214,
          -33.056858
        ]
      }
    },
    {
      "type": "Feature",
      "properties": {
        "id_estab": "14359",
        "nombre": "COLEGIO LOS REYES",
        "cod_comuna": "5801",
        "comuna": "QUILPUÉ",
        "origen": 1,
        "tipo_estab": 2,
        "tipo_glosa": "Escuela Particular Subvencionado",
        "matricula_total": 135,
        "mat_sala_cuna": 0,
        "mat_medio": 0,
        "mat_transicion": 135,
        "slep_sostenedor": null,
        "slep_procedencia": "sin_dato"
      },
      "geometry": {
        "type": "Point",
        "coordinates": [
          -71.415283,
          -33.046711
        ]
      }
    },
    {
      "type": "Feature",
      "properties": {
        "id_estab": "1941",
        "nombre": "COLEGIO EL BELLOTO",
        "cod_comuna": "5801",
        "comuna": "QUILPUÉ",
        "origen": 1,
        "tipo_estab": 2,
        "tipo_glosa": "Escuela Particular Subvencionado",
        "matricula_total": 28,
        "mat_sala_cuna": 0,
        "mat_medio": 0,
        "mat_transicion": 28,
        "slep_sostenedor": null,
        "slep_procedencia": "sin_dato"
      },
      "geometry": {
        "type": "Point",
        "coordinates": [
          -71.408768,
          -33.045132
        ]
      }
    },
    {
      "type": "Feature",
      "properties": {
        "id_estab": "1881",
        "nombre": "COLEGIO LUIS CRUZ MARTÍNEZ",
        "cod_comuna": "5801",
        "comuna": "QUILPUÉ",
        "origen": 1,
        "tipo_estab": 1,
        "tipo_glosa": "Escuela Municipal",
        "matricula_total": 47,
        "mat_sala_cuna": 0,
        "mat_medio": 0,
        "mat_transicion": 47,
        "slep_sostenedor": null,
        "slep_procedencia": "sin_dato"
      },
      "geometry": {
        "type": "Point",
        "coordinates": [
          -71.404861,
          -33.03796
        ]
      }
    },
    {
      "type": "Feature",
      "properties": {
        "id_estab": "1892",
        "nombre": "ESCUELA BASICA GASPAR CABRALES",
        "cod_comuna": "5801",
        "comuna": "QUILPUÉ",
        "origen": 1,
        "tipo_estab": 1,
        "tipo_glosa": "Escuela Municipal",
        "matricula_total": 26,
        "mat_sala_cuna": 0,
        "mat_medio": 0,
        "mat_transicion": 26,
        "slep_sostenedor": null,
        "slep_procedencia": "sin_dato"
      },
      "geometry": {
        "type": "Point",
        "coordinates": [
          -71.410957,
          -33.057541
        ]
      }
    },
    {
      "type": "Feature",
      "properties": {
        "id_estab": "40386",
        "nombre": "ESC.ESPEC.DE LENGUAJE EXPLORA AMANCAY",
        "cod_comuna": "5801",
        "comuna": "QUILPUÉ",
        "origen": 1,
        "tipo_estab": 2,
        "tipo_glosa": "Escuela Particular Subvencionado",
        "matricula_total": 36,
        "mat_sala_cuna": 0,
        "mat_medio": 14,
        "mat_transicion": 22,
        "slep_sostenedor": null,
        "slep_procedencia": "sin_dato"
      },
      "geometry": {
        "type": "Point",
        "coordinates": [
          -71.423325,
          -33.05674
        ]
      }
    },
    {
      "type": "Feature",
      "properties": {
        "id_estab": "14804",
        "nombre": "COLEGIO SAN BLAS",
        "cod_comuna": "5801",
        "comuna": "QUILPUÉ",
        "origen": 1,
        "tipo_estab": 2,
        "tipo_glosa": "Escuela Particular Subvencionado",
        "matricula_total": 119,
        "mat_sala_cuna": 0,
        "mat_medio": 37,
        "mat_transicion": 82,
        "slep_sostenedor": null,
        "slep_procedencia": "sin_dato"
      },
      "geometry": {
        "type": "Point",
        "coordinates": [
          -71.460114,
          -33.0555
        ]
      }
    },
    {
      "type": "Feature",
      "properties": {
        "id_estab": "14765",
        "nombre": "ESCUELA DE LENGUAJE RAYEN",
        "cod_comuna": "5801",
        "comuna": "QUILPUÉ",
        "origen": 1,
        "tipo_estab": 2,
        "tipo_glosa": "Escuela Particular Subvencionado",
        "matricula_total": 126,
        "mat_sala_cuna": 0,
        "mat_medio": 44,
        "mat_transicion": 82,
        "slep_sostenedor": null,
        "slep_procedencia": "sin_dato"
      },
      "geometry": {
        "type": "Point",
        "coordinates": [
          -71.42204,
          -33.069218
        ]
      }
    },
    {
      "type": "Feature",
      "properties": {
        "id_estab": "40062",
        "nombre": "ESC ESPEC DE LENGUAJE ALONQUEO-BELLOTO",
        "cod_comuna": "5801",
        "comuna": "QUILPUÉ",
        "origen": 1,
        "tipo_estab": 2,
        "tipo_glosa": "Escuela Particular Subvencionado",
        "matricula_total": 84,
        "mat_sala_cuna": 0,
        "mat_medio": 30,
        "mat_transicion": 54,
        "slep_sostenedor": null,
        "slep_procedencia": "sin_dato"
      },
      "geometry": {
        "type": "Point",
        "coordinates": [
          -71.458598,
          -33.045621
        ]
      }
    },
    {
      "type": "Feature",
      "properties": {
        "id_estab": "14233",
        "nombre": "COLEGIO SANTA TERESA",
        "cod_comuna": "5801",
        "comuna": "QUILPUÉ",
        "origen": 1,
        "tipo_estab": 2,
        "tipo_glosa": "Escuela Particular Subvencionado",
        "matricula_total": 26,
        "mat_sala_cuna": 0,
        "mat_medio": 0,
        "mat_transicion": 26,
        "slep_sostenedor": null,
        "slep_procedencia": "sin_dato"
      },
      "geometry": {
        "type": "Point",
        "coordinates": [
          -71.40007,
          -33.05143
        ]
      }
    },
    {
      "type": "Feature",
      "properties": {
        "id_estab": "1909",
        "nombre": "COLEGIO LIAHONA",
        "cod_comuna": "5801",
        "comuna": "QUILPUÉ",
        "origen": 1,
        "tipo_estab": 2,
        "tipo_glosa": "Escuela Particular Subvencionado",
        "matricula_total": 50,
        "mat_sala_cuna": 0,
        "mat_medio": 0,
        "mat_transicion": 50,
        "slep_sostenedor": null,
        "slep_procedencia": "sin_dato"
      },
      "geometry": {
        "type": "Point",
        "coordinates": [
          -71.402039,
          -33.055809
        ]
      }
    },
    {
      "type": "Feature",
      "properties": {
        "id_estab": "1924",
        "nombre": "ESCUELA PARTICULAR INFANTES DEL SOL",
        "cod_comuna": "5801",
        "comuna": "QUILPUÉ",
        "origen": 1,
        "tipo_estab": 2,
        "tipo_glosa": "Escuela Particular Subvencionado",
        "matricula_total": 12,
        "mat_sala_cuna": 0,
        "mat_medio": 0,
        "mat_transicion": 12,
        "slep_sostenedor": null,
        "slep_procedencia": "sin_dato"
      },
      "geometry": {
        "type": "Point",
        "coordinates": [
          -71.432358,
          -33.04578
        ]
      }
    },
    {
      "type": "Feature",
      "properties": {
        "id_estab": "31443",
        "nombre": "ESCUELA ESPECIAL DE LENGUAJE LORD COCHRANE",
        "cod_comuna": "5801",
        "comuna": "QUILPUÉ",
        "origen": 1,
        "tipo_estab": 2,
        "tipo_glosa": "Escuela Particular Subvencionado",
        "matricula_total": 90,
        "mat_sala_cuna": 0,
        "mat_medio": 30,
        "mat_transicion": 60,
        "slep_sostenedor": null,
        "slep_procedencia": "sin_dato"
      },
      "geometry": {
        "type": "Point",
        "coordinates": [
          -71.42173,
          -33.060123
        ]
      }
    },
    {
      "type": "Feature",
      "properties": {
        "id_estab": "14365",
        "nombre": "COLEGIO CHARLES DICKENS",
        "cod_comuna": "5801",
        "comuna": "QUILPUÉ",
        "origen": 1,
        "tipo_estab": 2,
        "tipo_glosa": "Escuela Particular Subvencionado",
        "matricula_total": 15,
        "mat_sala_cuna": 0,
        "mat_medio": 0,
        "mat_transicion": 15,
        "slep_sostenedor": null,
        "slep_procedencia": "sin_dato"
      },
      "geometry": {
        "type": "Point",
        "coordinates": [
          -71.404099,
          -33.053379
        ]
      }
    },
    {
      "type": "Feature",
      "properties": {
        "id_estab": "1893",
        "nombre": "ESCUELA BASICA DARIO SALAS",
        "cod_comuna": "5801",
        "comuna": "QUILPUÉ",
        "origen": 1,
        "tipo_estab": 1,
        "tipo_glosa": "Escuela Municipal",
        "matricula_total": 23,
        "mat_sala_cuna": 0,
        "mat_medio": 0,
        "mat_transicion": 23,
        "slep_sostenedor": null,
        "slep_procedencia": "sin_dato"
      },
      "geometry": {
        "type": "Point",
        "coordinates": [
          -71.449959,
          -33.051331
        ]
      }
    },
    {
      "type": "Feature",
      "properties": {
        "id_estab": "14602",
        "nombre": "COLEGIO SIGLO XXI",
        "cod_comuna": "5801",
        "comuna": "QUILPUÉ",
        "origen": 1,
        "tipo_estab": 2,
        "tipo_glosa": "Escuela Particular Subvencionado",
        "matricula_total": 32,
        "mat_sala_cuna": 0,
        "mat_medio": 0,
        "mat_transicion": 32,
        "slep_sostenedor": null,
        "slep_procedencia": "sin_dato"
      },
      "geometry": {
        "type": "Point",
        "coordinates": [
          -71.46051,
          -33.054249
        ]
      }
    },
    {
      "type": "Feature",
      "properties": {
        "id_estab": "14687",
        "nombre": "COLEGIO GEA",
        "cod_comuna": "5801",
        "comuna": "QUILPUÉ",
        "origen": 1,
        "tipo_estab": 2,
        "tipo_glosa": "Escuela Particular Subvencionado",
        "matricula_total": 58,
        "mat_sala_cuna": 0,
        "mat_medio": 0,
        "mat_transicion": 58,
        "slep_sostenedor": null,
        "slep_procedencia": "sin_dato"
      },
      "geometry": {
        "type": "Point",
        "coordinates": [
          -71.419868,
          -33.069851
        ]
      }
    },
    {
      "type": "Feature",
      "properties": {
        "id_estab": "14552",
        "nombre": "COLEGIO SAN NICOLAS DE CANAL CHACAO",
        "cod_comuna": "5801",
        "comuna": "QUILPUÉ",
        "origen": 1,
        "tipo_estab": 2,
        "tipo_glosa": "Escuela Particular Subvencionado",
        "matricula_total": 23,
        "mat_sala_cuna": 0,
        "mat_medio": 0,
        "mat_transicion": 23,
        "slep_sostenedor": null,
        "slep_procedencia": "sin_dato"
      },
      "geometry": {
        "type": "Point",
        "coordinates": [
          -71.483543,
          -33.040821
        ]
      }
    },
    {
      "type": "Feature",
      "properties": {
        "id_estab": "1895",
        "nombre": "LICEO TECNICO PROFESIONAL MANNHEIM",
        "cod_comuna": "5801",
        "comuna": "QUILPUÉ",
        "origen": 1,
        "tipo_estab": 1,
        "tipo_glosa": "Escuela Municipal",
        "matricula_total": 21,
        "mat_sala_cuna": 0,
        "mat_medio": 0,
        "mat_transicion": 21,
        "slep_sostenedor": null,
        "slep_procedencia": "sin_dato"
      },
      "geometry": {
        "type": "Point",
        "coordinates": [
          -71.483887,
          -33.037788
        ]
      }
    },
    {
      "type": "Feature",
      "properties": {
        "id_estab": "20379",
        "nombre": "ESCUELA ESPECIAL DE LENGUAJE SEMILLITAS DE AMOR",
        "cod_comuna": "5801",
        "comuna": "QUILPUÉ",
        "origen": 1,
        "tipo_estab": 2,
        "tipo_glosa": "Escuela Particular Subvencionado",
        "matricula_total": 60,
        "mat_sala_cuna": 0,
        "mat_medio": 13,
        "mat_transicion": 47,
        "slep_sostenedor": null,
        "slep_procedencia": "sin_dato"
      },
      "geometry": {
        "type": "Point",
        "coordinates": [
          -71.42331,
          -33.05674
        ]
      }
    },
    {
      "type": "Feature",
      "properties": {
        "id_estab": "1890",
        "nombre": "COLEGIO JOSE MIGUEL INFANTE",
        "cod_comuna": "5801",
        "comuna": "QUILPUÉ",
        "origen": 1,
        "tipo_estab": 1,
        "tipo_glosa": "Escuela Municipal",
        "matricula_total": 31,
        "mat_sala_cuna": 0,
        "mat_medio": 0,
        "mat_transicion": 31,
        "slep_sostenedor": null,
        "slep_procedencia": "sin_dato"
      },
      "geometry": {
        "type": "Point",
        "coordinates": [
          -71.44117,
          -33.036152
        ]
      }
    },
    {
      "type": "Feature",
      "properties": {
        "id_estab": "1888",
        "nombre": "ESC.CDTE. ELEUTERIO RAMIREZ MOLINA",
        "cod_comuna": "5801",
        "comuna": "QUILPUÉ",
        "origen": 1,
        "tipo_estab": 1,
        "tipo_glosa": "Escuela Municipal",
        "matricula_total": 24,
        "mat_sala_cuna": 0,
        "mat_medio": 0,
        "mat_transicion": 24,
        "slep_sostenedor": null,
        "slep_procedencia": "sin_dato"
      },
      "geometry": {
        "type": "Point",
        "coordinates": [
          -71.424477,
          -33.058861
        ]
      }
    },
    {
      "type": "Feature",
      "properties": {
        "id_estab": "14774",
        "nombre": "ESCUELA DE LENGUAJE SAN FRANCISCO",
        "cod_comuna": "5801",
        "comuna": "QUILPUÉ",
        "origen": 1,
        "tipo_estab": 2,
        "tipo_glosa": "Escuela Particular Subvencionado",
        "matricula_total": 66,
        "mat_sala_cuna": 0,
        "mat_medio": 27,
        "mat_transicion": 39,
        "slep_sostenedor": null,
        "slep_procedencia": "sin_dato"
      },
      "geometry": {
        "type": "Point",
        "coordinates": [
          -71.43956,
          -33.04954
        ]
      }
    },
    {
      "type": "Feature",
      "properties": {
        "id_estab": "14453",
        "nombre": "COLEGIO LOS LIBERTADORES",
        "cod_comuna": "5801",
        "comuna": "QUILPUÉ",
        "origen": 1,
        "tipo_estab": 2,
        "tipo_glosa": "Escuela Particular Subvencionado",
        "matricula_total": 38,
        "mat_sala_cuna": 0,
        "mat_medio": 0,
        "mat_transicion": 38,
        "slep_sostenedor": null,
        "slep_procedencia": "sin_dato"
      },
      "geometry": {
        "type": "Point",
        "coordinates": [
          -71.405357,
          -33.039261
        ]
      }
    },
    {
      "type": "Feature",
      "properties": {
        "id_estab": "14314",
        "nombre": "COLEGIO THOMAS ALVA EDISON",
        "cod_comuna": "5801",
        "comuna": "QUILPUÉ",
        "origen": 1,
        "tipo_estab": 2,
        "tipo_glosa": "Escuela Particular Subvencionado",
        "matricula_total": 33,
        "mat_sala_cuna": 0,
        "mat_medio": 0,
        "mat_transicion": 33,
        "slep_sostenedor": null,
        "slep_procedencia": "sin_dato"
      },
      "geometry": {
        "type": "Point",
        "coordinates": [
          -71.429123,
          -33.04707
        ]
      }
    },
    {
      "type": "Feature",
      "properties": {
        "id_estab": "14947",
        "nombre": "ESC.ESP.DE TRASTORNOS DE LENGUAJE NAHUEL",
        "cod_comuna": "5801",
        "comuna": "QUILPUÉ",
        "origen": 1,
        "tipo_estab": 2,
        "tipo_glosa": "Escuela Particular Subvencionado",
        "matricula_total": 117,
        "mat_sala_cuna": 0,
        "mat_medio": 45,
        "mat_transicion": 72,
        "slep_sostenedor": null,
        "slep_procedencia": "sin_dato"
      },
      "geometry": {
        "type": "Point",
        "coordinates": [
          -71.42194,
          -33.05066
        ]
      }
    },
    {
      "type": "Feature",
      "properties": {
        "id_estab": "40158",
        "nombre": "ESCUELA ESPECIAL DE LENGUAJE FANTASIA",
        "cod_comuna": "5801",
        "comuna": "QUILPUÉ",
        "origen": 1,
        "tipo_estab": 2,
        "tipo_glosa": "Escuela Particular Subvencionado",
        "matricula_total": 45,
        "mat_sala_cuna": 0,
        "mat_medio": 22,
        "mat_transicion": 23,
        "slep_sostenedor": null,
        "slep_procedencia": "sin_dato"
      },
      "geometry": {
        "type": "Point",
        "coordinates": [
          -71.41238,
          -33.047367
        ]
      }
    },
    {
      "type": "Feature",
      "properties": {
        "id_estab": "40163",
        "nombre": "ESCUELA ESPECIAL DE LENGUAJE CASTILLO DE PALA",
        "cod_comuna": "5801",
        "comuna": "QUILPUÉ",
        "origen": 1,
        "tipo_estab": 2,
        "tipo_glosa": "Escuela Particular Subvencionado",
        "matricula_total": 51,
        "mat_sala_cuna": 0,
        "mat_medio": 11,
        "mat_transicion": 40,
        "slep_sostenedor": null,
        "slep_procedencia": "sin_dato"
      },
      "geometry": {
        "type": "Point",
        "coordinates": [
          -71.401436,
          -33.052036
        ]
      }
    },
    {
      "type": "Feature",
      "properties": {
        "id_estab": "40092",
        "nombre": "JARDIN INFANTIL LAS GOLONDRINAS",
        "cod_comuna": "5801",
        "comuna": "QUILPUÉ",
        "origen": 1,
        "tipo_estab": 2,
        "tipo_glosa": "Escuela Particular Subvencionado",
        "matricula_total": 38,
        "mat_sala_cuna": 0,
        "mat_medio": 11,
        "mat_transicion": 27,
        "slep_sostenedor": null,
        "slep_procedencia": "sin_dato"
      },
      "geometry": {
        "type": "Point",
        "coordinates": [
          -71.40054,
          -33.059753
        ]
      }
    },
    {
      "type": "Feature",
      "properties": {
        "id_estab": "1899",
        "nombre": "ESCUELA TENIENTE IGNACIO SERRANO MONTANER",
        "cod_comuna": "5801",
        "comuna": "QUILPUÉ",
        "origen": 1,
        "tipo_estab": 1,
        "tipo_glosa": "Escuela Municipal",
        "matricula_total": 32,
        "mat_sala_cuna": 0,
        "mat_medio": 0,
        "mat_transicion": 32,
        "slep_sostenedor": null,
        "slep_procedencia": "sin_dato"
      },
      "geometry": {
        "type": "Point",
        "coordinates": [
          -71.413467,
          -33.069511
        ]
      }
    },
    {
      "type": "Feature",
      "properties": {
        "id_estab": "1932",
        "nombre": "COLEGIO PANAL II",
        "cod_comuna": "5801",
        "comuna": "QUILPUÉ",
        "origen": 1,
        "tipo_estab": 2,
        "tipo_glosa": "Escuela Particular Subvencionado",
        "matricula_total": 16,
        "mat_sala_cuna": 0,
        "mat_medio": 0,
        "mat_transicion": 16,
        "slep_sostenedor": null,
        "slep_procedencia": "sin_dato"
      },
      "geometry": {
        "type": "Point",
        "coordinates": [
          -71.484177,
          -33.03735
        ]
      }
    },
    {
      "type": "Feature",
      "properties": {
        "id_estab": "14709",
        "nombre": "ESCUELA DE LENGUAJE Y PÁRVULOS MARÍA MADRE",
        "cod_comuna": "5801",
        "comuna": "QUILPUÉ",
        "origen": 1,
        "tipo_estab": 2,
        "tipo_glosa": "Escuela Particular Subvencionado",
        "matricula_total": 37,
        "mat_sala_cuna": 0,
        "mat_medio": 14,
        "mat_transicion": 23,
        "slep_sostenedor": null,
        "slep_procedencia": "sin_dato"
      },
      "geometry": {
        "type": "Point",
        "coordinates": [
          -71.43354,
          -33.041454
        ]
      }
    },
    {
      "type": "Feature",
      "properties": {
        "id_estab": "14482",
        "nombre": "COLEGIO NUEVO HORIZONTE",
        "cod_comuna": "5801",
        "comuna": "QUILPUÉ",
        "origen": 1,
        "tipo_estab": 2,
        "tipo_glosa": "Escuela Particular Subvencionado",
        "matricula_total": 13,
        "mat_sala_cuna": 0,
        "mat_medio": 0,
        "mat_transicion": 13,
        "slep_sostenedor": null,
        "slep_procedencia": "sin_dato"
      },
      "geometry": {
        "type": "Point",
        "coordinates": [
          -71.417763,
          -33.053581
        ]
      }
    },
    {
      "type": "Feature",
      "properties": {
        "id_estab": "1918",
        "nombre": "COLEGIO LOS LEONES DE QUILPUE",
        "cod_comuna": "5801",
        "comuna": "QUILPUÉ",
        "origen": 1,
        "tipo_estab": 2,
        "tipo_glosa": "Escuela Particular Subvencionado",
        "matricula_total": 78,
        "mat_sala_cuna": 0,
        "mat_medio": 12,
        "mat_transicion": 66,
        "slep_sostenedor": null,
        "slep_procedencia": "sin_dato"
      },
      "geometry": {
        "type": "Point",
        "coordinates": [
          -71.426857,
          -33.06163
        ]
      }
    },
    {
      "type": "Feature",
      "properties": {
        "id_estab": "1886",
        "nombre": "COLEGIO MANUEL BULNES PRIETO",
        "cod_comuna": "5801",
        "comuna": "QUILPUÉ",
        "origen": 1,
        "tipo_estab": 1,
        "tipo_glosa": "Escuela Municipal",
        "matricula_total": 36,
        "mat_sala_cuna": 0,
        "mat_medio": 0,
        "mat_transicion": 36,
        "slep_sostenedor": null,
        "slep_procedencia": "sin_dato"
      },
      "geometry": {
        "type": "Point",
        "coordinates": [
          -71.436577,
          -33.050629
        ]
      }
    },
    {
      "type": "Feature",
      "properties": {
        "id_estab": "40027",
        "nombre": "COLEGIO PASIONISTAS DE QUILPUE",
        "cod_comuna": "5801",
        "comuna": "QUILPUÉ",
        "origen": 1,
        "tipo_estab": 2,
        "tipo_glosa": "Escuela Particular Subvencionado",
        "matricula_total": 63,
        "mat_sala_cuna": 0,
        "mat_medio": 0,
        "mat_transicion": 63,
        "slep_sostenedor": null,
        "slep_procedencia": "sin_dato"
      },
      "geometry": {
        "type": "Point",
        "coordinates": [
          -71.438988,
          -33.045521
        ]
      }
    },
    {
      "type": "Feature",
      "properties": {
        "id_estab": "1923",
        "nombre": "COLEGIO CRISTIANO DE QUILPUE",
        "cod_comuna": "5801",
        "comuna": "QUILPUÉ",
        "origen": 1,
        "tipo_estab": 2,
        "tipo_glosa": "Escuela Particular Subvencionado",
        "matricula_total": 27,
        "mat_sala_cuna": 0,
        "mat_medio": 0,
        "mat_transicion": 27,
        "slep_sostenedor": null,
        "slep_procedencia": "sin_dato"
      },
      "geometry": {
        "type": "Point",
        "coordinates": [
          -71.434776,
          -33.047199
        ]
      }
    },
    {
      "type": "Feature",
      "properties": {
        "id_estab": "40082",
        "nombre": "ESC ESP.DE LENG SAN FRANCISCO DE ASIS",
        "cod_comuna": "5801",
        "comuna": "QUILPUÉ",
        "origen": 1,
        "tipo_estab": 2,
        "tipo_glosa": "Escuela Particular Subvencionado",
        "matricula_total": 73,
        "mat_sala_cuna": 0,
        "mat_medio": 30,
        "mat_transicion": 43,
        "slep_sostenedor": null,
        "slep_procedencia": "sin_dato"
      },
      "geometry": {
        "type": "Point",
        "coordinates": [
          -71.45564,
          -33.055367
        ]
      }
    },
    {
      "type": "Feature",
      "properties": {
        "id_estab": "14642",
        "nombre": "COLEGIO CRISTIANO EMBAJADORES DEL REY",
        "cod_comuna": "5801",
        "comuna": "QUILPUÉ",
        "origen": 1,
        "tipo_estab": 2,
        "tipo_glosa": "Escuela Particular Subvencionado",
        "matricula_total": 20,
        "mat_sala_cuna": 0,
        "mat_medio": 0,
        "mat_transicion": 20,
        "slep_sostenedor": null,
        "slep_procedencia": "sin_dato"
      },
      "geometry": {
        "type": "Point",
        "coordinates": [
          -71.450203,
          -33.046982
        ]
      }
    },
    {
      "type": "Feature",
      "properties": {
        "id_estab": "1934",
        "nombre": "COLEGIO ESPERANZA",
        "cod_comuna": "5801",
        "comuna": "QUILPUÉ",
        "origen": 1,
        "tipo_estab": 2,
        "tipo_glosa": "Escuela Particular Subvencionado",
        "matricula_total": 83,
        "mat_sala_cuna": 0,
        "mat_medio": 0,
        "mat_transicion": 83,
        "slep_sostenedor": null,
        "slep_procedencia": "sin_dato"
      },
      "geometry": {
        "type": "Point",
        "coordinates": [
          -71.440804,
          -33.05304
        ]
      }
    },
    {
      "type": "Feature",
      "properties": {
        "id_estab": "40063",
        "nombre": "ESCUELA ESPECIAL LENGUAJE SAN JOSE",
        "cod_comuna": "5801",
        "comuna": "QUILPUÉ",
        "origen": 1,
        "tipo_estab": 2,
        "tipo_glosa": "Escuela Particular Subvencionado",
        "matricula_total": 84,
        "mat_sala_cuna": 0,
        "mat_medio": 30,
        "mat_transicion": 54,
        "slep_sostenedor": null,
        "slep_procedencia": "sin_dato"
      },
      "geometry": {
        "type": "Point",
        "coordinates": [
          -71.44621,
          -33.061695
        ]
      }
    },
    {
      "type": "Feature",
      "properties": {
        "id_estab": "1931",
        "nombre": "KING EDWARD SCHOOL",
        "cod_comuna": "5801",
        "comuna": "QUILPUÉ",
        "origen": 1,
        "tipo_estab": 2,
        "tipo_glosa": "Escuela Particular Subvencionado",
        "matricula_total": 66,
        "mat_sala_cuna": 0,
        "mat_medio": 0,
        "mat_transicion": 66,
        "slep_sostenedor": null,
        "slep_procedencia": "sin_dato"
      },
      "geometry": {
        "type": "Point",
        "coordinates": [
          -71.44557,
          -33.047882
        ]
      }
    },
    {
      "type": "Feature",
      "properties": {
        "id_estab": "16924",
        "nombre": "COLEGIO BELLO HORIZONTE",
        "cod_comuna": "5801",
        "comuna": "QUILPUÉ",
        "origen": 1,
        "tipo_estab": 2,
        "tipo_glosa": "Escuela Particular Subvencionado",
        "matricula_total": 8,
        "mat_sala_cuna": 0,
        "mat_medio": 0,
        "mat_transicion": 8,
        "slep_sostenedor": null,
        "slep_procedencia": "sin_dato"
      },
      "geometry": {
        "type": "Point",
        "coordinates": [
          -71.45252,
          -33.0428
        ]
      }
    },
    {
      "type": "Feature",
      "properties": {
        "id_estab": "1889",
        "nombre": "COLEGIO FERNANDO DURAN VILLARREAL",
        "cod_comuna": "5801",
        "comuna": "QUILPUÉ",
        "origen": 1,
        "tipo_estab": 1,
        "tipo_glosa": "Escuela Municipal",
        "matricula_total": 33,
        "mat_sala_cuna": 0,
        "mat_medio": 0,
        "mat_transicion": 33,
        "slep_sostenedor": null,
        "slep_procedencia": "sin_dato"
      },
      "geometry": {
        "type": "Point",
        "coordinates": [
          -71.452454,
          -33.04612
        ]
      }
    },
    {
      "type": "Feature",
      "properties": {
        "id_estab": "14237",
        "nombre": "COL.NUESTRA SRA.DE LAS MERCEDES",
        "cod_comuna": "5801",
        "comuna": "QUILPUÉ",
        "origen": 1,
        "tipo_estab": 2,
        "tipo_glosa": "Escuela Particular Subvencionado",
        "matricula_total": 31,
        "mat_sala_cuna": 0,
        "mat_medio": 0,
        "mat_transicion": 31,
        "slep_sostenedor": null,
        "slep_procedencia": "sin_dato"
      },
      "geometry": {
        "type": "Point",
        "coordinates": [
          -71.467728,
          -33.045609
        ]
      }
    },
    {
      "type": "Feature",
      "properties": {
        "id_estab": "14266",
        "nombre": "COLEGIO NAZCA BELEN",
        "cod_comuna": "5801",
        "comuna": "QUILPUÉ",
        "origen": 1,
        "tipo_estab": 2,
        "tipo_glosa": "Escuela Particular Subvencionado",
        "matricula_total": 13,
        "mat_sala_cuna": 0,
        "mat_medio": 0,
        "mat_transicion": 13,
        "slep_sostenedor": null,
        "slep_procedencia": "sin_dato"
      },
      "geometry": {
        "type": "Point",
        "coordinates": [
          -71.401642,
          -33.05978
        ]
      }
    },
    {
      "type": "Feature",
      "properties": {
        "id_estab": "1900",
        "nombre": "ESCUELA LOS MOLLES DE MARGA MARGA",
        "cod_comuna": "5801",
        "comuna": "QUILPUÉ",
        "origen": 1,
        "tipo_estab": 1,
        "tipo_glosa": "Escuela Municipal",
        "matricula_total": 8,
        "mat_sala_cuna": 0,
        "mat_medio": 0,
        "mat_transicion": 8,
        "slep_sostenedor": null,
        "slep_procedencia": "sin_dato"
      },
      "geometry": {
        "type": "Point",
        "coordinates": [
          -71.37558,
          -33.101929
        ]
      }
    },
    {
      "type": "Feature",
      "properties": {
        "id_estab": "1887",
        "nombre": "ESCUELA GUARDIAMARINA GUILLERMO ZANARTU I.",
        "cod_comuna": "5801",
        "comuna": "QUILPUÉ",
        "origen": 1,
        "tipo_estab": 1,
        "tipo_glosa": "Escuela Municipal",
        "matricula_total": 41,
        "mat_sala_cuna": 0,
        "mat_medio": 0,
        "mat_transicion": 41,
        "slep_sostenedor": null,
        "slep_procedencia": "sin_dato"
      },
      "geometry": {
        "type": "Point",
        "coordinates": [
          -71.410187,
          -33.044338
        ]
      }
    },
    {
      "type": "Feature",
      "properties": {
        "id_estab": "14720",
        "nombre": "LICEO GASTRONOMIA Y TURISMO",
        "cod_comuna": "5801",
        "comuna": "QUILPUÉ",
        "origen": 1,
        "tipo_estab": 1,
        "tipo_glosa": "Escuela Municipal",
        "matricula_total": 8,
        "mat_sala_cuna": 0,
        "mat_medio": 0,
        "mat_transicion": 8,
        "slep_sostenedor": null,
        "slep_procedencia": "sin_dato"
      },
      "geometry": {
        "type": "Point",
        "coordinates": [
          -71.421562,
          -33.048092
        ]
      }
    },
    {
      "type": "Feature",
      "properties": {
        "id_estab": "1919",
        "nombre": "COLEGIO H. F. CAMILO HENRIQUEZ",
        "cod_comuna": "5801",
        "comuna": "QUILPUÉ",
        "origen": 1,
        "tipo_estab": 2,
        "tipo_glosa": "Escuela Particular Subvencionado",
        "matricula_total": 64,
        "mat_sala_cuna": 0,
        "mat_medio": 0,
        "mat_transicion": 64,
        "slep_sostenedor": null,
        "slep_procedencia": "sin_dato"
      },
      "geometry": {
        "type": "Point",
        "coordinates": [
          -71.432907,
          -33.046162
        ]
      }
    },
    {
      "type": "Feature",
      "properties": {
        "id_estab": "20368",
        "nombre": "ESCUELA ESPECIAL DE LENGUAJE EL DUENDE DAPAFE",
        "cod_comuna": "5801",
        "comuna": "QUILPUÉ",
        "origen": 1,
        "tipo_estab": 2,
        "tipo_glosa": "Escuela Particular Subvencionado",
        "matricula_total": 115,
        "mat_sala_cuna": 0,
        "mat_medio": 44,
        "mat_transicion": 71,
        "slep_sostenedor": null,
        "slep_procedencia": "sin_dato"
      },
      "geometry": {
        "type": "Point",
        "coordinates": [
          -71.40766,
          -33.03878
        ]
      }
    },
    {
      "type": "Feature",
      "properties": {
        "id_estab": "1898",
        "nombre": "ESCUELA THEODOR HEUSS",
        "cod_comuna": "5801",
        "comuna": "QUILPUÉ",
        "origen": 1,
        "tipo_estab": 1,
        "tipo_glosa": "Escuela Municipal",
        "matricula_total": 43,
        "mat_sala_cuna": 0,
        "mat_medio": 0,
        "mat_transicion": 43,
        "slep_sostenedor": null,
        "slep_procedencia": "sin_dato"
      },
      "geometry": {
        "type": "Point",
        "coordinates": [
          -71.468513,
          -33.052528
        ]
      }
    },
    {
      "type": "Feature",
      "properties": {
        "id_estab": "14775",
        "nombre": "COLEGIO MONTESOL 2",
        "cod_comuna": "5801",
        "comuna": "QUILPUÉ",
        "origen": 1,
        "tipo_estab": 2,
        "tipo_glosa": "Escuela Particular Subvencionado",
        "matricula_total": 31,
        "mat_sala_cuna": 0,
        "mat_medio": 0,
        "mat_transicion": 31,
        "slep_sostenedor": null,
        "slep_procedencia": "sin_dato"
      },
      "geometry": {
        "type": "Point",
        "coordinates": [
          -71.432854,
          -33.03091
        ]
      }
    },
    {
      "type": "Feature",
      "properties": {
        "id_estab": "14512",
        "nombre": "ESCUELA DE PARVULOS FANTASIA",
        "cod_comuna": "5801",
        "comuna": "QUILPUÉ",
        "origen": 1,
        "tipo_estab": 2,
        "tipo_glosa": "Escuela Particular Subvencionado",
        "matricula_total": 22,
        "mat_sala_cuna": 0,
        "mat_medio": 0,
        "mat_transicion": 22,
        "slep_sostenedor": null,
        "slep_procedencia": "sin_dato"
      },
      "geometry": {
        "type": "Point",
        "coordinates": [
          -71.39868,
          -33.048866
        ]
      }
    },
    {
      "type": "Feature",
      "properties": {
        "id_estab": "14793",
        "nombre": "ESCUELA DE LENGUAJE ALONQUEO",
        "cod_comuna": "5801",
        "comuna": "QUILPUÉ",
        "origen": 1,
        "tipo_estab": 2,
        "tipo_glosa": "Escuela Particular Subvencionado",
        "matricula_total": 97,
        "mat_sala_cuna": 0,
        "mat_medio": 34,
        "mat_transicion": 63,
        "slep_sostenedor": null,
        "slep_procedencia": "sin_dato"
      },
      "geometry": {
        "type": "Point",
        "coordinates": [
          -71.45844,
          -33.045673
        ]
      }
    },
    {
      "type": "Feature",
      "properties": {
        "id_estab": "40145",
        "nombre": "ESCUELA ESPECIAL GERMINA",
        "cod_comuna": "5801",
        "comuna": "QUILPUÉ",
        "origen": 1,
        "tipo_estab": 2,
        "tipo_glosa": "Escuela Particular Subvencionado",
        "matricula_total": 47,
        "mat_sala_cuna": 0,
        "mat_medio": 23,
        "mat_transicion": 24,
        "slep_sostenedor": null,
        "slep_procedencia": "sin_dato"
      },
      "geometry": {
        "type": "Point",
        "coordinates": [
          -71.43719,
          -33.044495
        ]
      }
    },
    {
      "type": "Feature",
      "properties": {
        "id_estab": "14771",
        "nombre": "COLEGIO CARLOMAGNO",
        "cod_comuna": "5801",
        "comuna": "QUILPUÉ",
        "origen": 1,
        "tipo_estab": 3,
        "tipo_glosa": "Escuela Particular Pagado",
        "matricula_total": 20,
        "mat_sala_cuna": 0,
        "mat_medio": 0,
        "mat_transicion": 20,
        "slep_sostenedor": null,
        "slep_procedencia": "sin_dato"
      },
      "geometry": {
        "type": "Point",
        "coordinates": [
          -71.440503,
          -33.049662
        ]
      }
    },
    {
      "type": "Feature",
      "properties": {
        "id_estab": "14717",
        "nombre": "COLEGIO LAS AMERICAS",
        "cod_comuna": "5801",
        "comuna": "QUILPUÉ",
        "origen": 1,
        "tipo_estab": 2,
        "tipo_glosa": "Escuela Particular Subvencionado",
        "matricula_total": 29,
        "mat_sala_cuna": 0,
        "mat_medio": 0,
        "mat_transicion": 29,
        "slep_sostenedor": null,
        "slep_procedencia": "sin_dato"
      },
      "geometry": {
        "type": "Point",
        "coordinates": [
          -71.422798,
          -33.067719
        ]
      }
    },
    {
      "type": "Feature",
      "properties": {
        "id_estab": "1807",
        "nombre": "ESCUELA JEFFERSON SCHOOL",
        "cod_comuna": "5801",
        "comuna": "QUILPUÉ",
        "origen": 1,
        "tipo_estab": 2,
        "tipo_glosa": "Escuela Particular Subvencionado",
        "matricula_total": 8,
        "mat_sala_cuna": 0,
        "mat_medio": 0,
        "mat_transicion": 8,
        "slep_sostenedor": null,
        "slep_procedencia": "sin_dato"
      },
      "geometry": {
        "type": "Point",
        "coordinates": [
          -71.412361,
          -33.05608
        ]
      }
    },
    {
      "type": "Feature",
      "properties": {
        "id_estab": "12328",
        "nombre": "ALIANZA ALEMANA EL BELLOTO",
        "cod_comuna": "5801",
        "comuna": "QUILPUÉ",
        "origen": 1,
        "tipo_estab": 2,
        "tipo_glosa": "Escuela Particular Subvencionado",
        "matricula_total": 23,
        "mat_sala_cuna": 0,
        "mat_medio": 0,
        "mat_transicion": 23,
        "slep_sostenedor": null,
        "slep_procedencia": "sin_dato"
      },
      "geometry": {
        "type": "Point",
        "coordinates": [
          -71.401711,
          -33.048012
        ]
      }
    },
    {
      "type": "Feature",
      "properties": {
        "id_estab": "14790",
        "nombre": "COLEGIO SAINT-LAWRENCE",
        "cod_comuna": "5801",
        "comuna": "QUILPUÉ",
        "origen": 1,
        "tipo_estab": 2,
        "tipo_glosa": "Escuela Particular Subvencionado",
        "matricula_total": 8,
        "mat_sala_cuna": 0,
        "mat_medio": 0,
        "mat_transicion": 8,
        "slep_sostenedor": null,
        "slep_procedencia": "sin_dato"
      },
      "geometry": {
        "type": "Point",
        "coordinates": [
          -71.441063,
          -33.049721
        ]
      }
    },
    {
      "type": "Feature",
      "properties": {
        "id_estab": "1757",
        "nombre": "COLEGIO ACONCAGUA",
        "cod_comuna": "5801",
        "comuna": "QUILPUÉ",
        "origen": 1,
        "tipo_estab": 2,
        "tipo_glosa": "Escuela Particular Subvencionado",
        "matricula_total": 84,
        "mat_sala_cuna": 0,
        "mat_medio": 0,
        "mat_transicion": 84,
        "slep_sostenedor": null,
        "slep_procedencia": "sin_dato"
      },
      "geometry": {
        "type": "Point",
        "coordinates": [
          -71.475838,
          -33.04055
        ]
      }
    },
    {
      "type": "Feature",
      "properties": {
        "id_estab": "14693",
        "nombre": "ESCUELA DE LENGUAJE AMANKAY",
        "cod_comuna": "5801",
        "comuna": "QUILPUÉ",
        "origen": 1,
        "tipo_estab": 2,
        "tipo_glosa": "Escuela Particular Subvencionado",
        "matricula_total": 76,
        "mat_sala_cuna": 0,
        "mat_medio": 27,
        "mat_transicion": 49,
        "slep_sostenedor": null,
        "slep_procedencia": "sin_dato"
      },
      "geometry": {
        "type": "Point",
        "coordinates": [
          -71.458015,
          -33.046085
        ]
      }
    },
    {
      "type": "Feature",
      "properties": {
        "id_estab": "1911",
        "nombre": "COLEGIO CREP",
        "cod_comuna": "5801",
        "comuna": "QUILPUÉ",
        "origen": 1,
        "tipo_estab": 2,
        "tipo_glosa": "Escuela Particular Subvencionado",
        "matricula_total": 39,
        "mat_sala_cuna": 0,
        "mat_medio": 0,
        "mat_transicion": 39,
        "slep_sostenedor": null,
        "slep_procedencia": "sin_dato"
      },
      "geometry": {
        "type": "Point",
        "coordinates": [
          -71.444878,
          -33.049019
        ]
      }
    },
    {
      "type": "Feature",
      "properties": {
        "id_estab": "14299",
        "nombre": "COLEGIO ADVENTISTA",
        "cod_comuna": "5801",
        "comuna": "QUILPUÉ",
        "origen": 1,
        "tipo_estab": 2,
        "tipo_glosa": "Escuela Particular Subvencionado",
        "matricula_total": 14,
        "mat_sala_cuna": 0,
        "mat_medio": 0,
        "mat_transicion": 14,
        "slep_sostenedor": null,
        "slep_procedencia": "sin_dato"
      },
      "geometry": {
        "type": "Point",
        "coordinates": [
          -71.43824,
          -33.049416
        ]
      }
    },
    {
      "type": "Feature",
      "properties": {
        "id_estab": "1930",
        "nombre": "ABRAHAM LINCOLN MEMORIAL COLLEGE",
        "cod_comuna": "5801",
        "comuna": "QUILPUÉ",
        "origen": 1,
        "tipo_estab": 2,
        "tipo_glosa": "Escuela Particular Subvencionado",
        "matricula_total": 5,
        "mat_sala_cuna": 0,
        "mat_medio": 0,
        "mat_transicion": 5,
        "slep_sostenedor": null,
        "slep_procedencia": "sin_dato"
      },
      "geometry": {
        "type": "Point",
        "coordinates": [
          -71.404411,
          -33.045841
        ]
      }
    },
    {
      "type": "Feature",
      "properties": {
        "id_estab": "1901",
        "nombre": "ESCUELA SANTIAGO BUERAS",
        "cod_comuna": "5801",
        "comuna": "QUILPUÉ",
        "origen": 1,
        "tipo_estab": 1,
        "tipo_glosa": "Escuela Municipal",
        "matricula_total": 11,
        "mat_sala_cuna": 0,
        "mat_medio": 0,
        "mat_transicion": 11,
        "slep_sostenedor": null,
        "slep_procedencia": "sin_dato"
      },
      "geometry": {
        "type": "Point",
        "coordinates": [
          -71.317062,
          -33.15379
        ]
      }
    },
    {
      "type": "Feature",
      "properties": {
        "id_estab": "32053",
        "nombre": "COLEGIO EL AVE MARIA",
        "cod_comuna": "5801",
        "comuna": "QUILPUÉ",
        "origen": 1,
        "tipo_estab": 2,
        "tipo_glosa": "Escuela Particular Subvencionado",
        "matricula_total": 22,
        "mat_sala_cuna": 0,
        "mat_medio": 0,
        "mat_transicion": 22,
        "slep_sostenedor": null,
        "slep_procedencia": "sin_dato"
      },
      "geometry": {
        "type": "Point",
        "coordinates": [
          -71.452259,
          -33.057137
        ]
      }
    },
    {
      "type": "Feature",
      "properties": {
        "id_estab": "14927",
        "nombre": "ESCUELA ESPECIAL DE LENGUAJE DEL SOL",
        "cod_comuna": "5801",
        "comuna": "QUILPUÉ",
        "origen": 1,
        "tipo_estab": 2,
        "tipo_glosa": "Escuela Particular Subvencionado",
        "matricula_total": 65,
        "mat_sala_cuna": 0,
        "mat_medio": 25,
        "mat_transicion": 40,
        "slep_sostenedor": null,
        "slep_procedencia": "sin_dato"
      },
      "geometry": {
        "type": "Point",
        "coordinates": [
          -71.40354,
          -33.069286
        ]
      }
    },
    {
      "type": "Feature",
      "properties": {
        "id_estab": "1917",
        "nombre": "ESCUELA PARTICULAR EXEQUIEL PUELMA SILVA",
        "cod_comuna": "5801",
        "comuna": "QUILPUÉ",
        "origen": 1,
        "tipo_estab": 2,
        "tipo_glosa": "Escuela Particular Subvencionado",
        "matricula_total": 20,
        "mat_sala_cuna": 0,
        "mat_medio": 0,
        "mat_transicion": 20,
        "slep_sostenedor": null,
        "slep_procedencia": "sin_dato"
      },
      "geometry": {
        "type": "Point",
        "coordinates": [
          -71.42672,
          -33.03944
        ]
      }
    },
    {
      "type": "Feature",
      "properties": {
        "id_estab": "12157",
        "nombre": "ESCUELA ESPECIAL DE DESARROLLO",
        "cod_comuna": "5801",
        "comuna": "QUILPUÉ",
        "origen": 1,
        "tipo_estab": 1,
        "tipo_glosa": "Escuela Municipal",
        "matricula_total": 7,
        "mat_sala_cuna": 0,
        "mat_medio": 0,
        "mat_transicion": 7,
        "slep_sostenedor": null,
        "slep_procedencia": "sin_dato"
      },
      "geometry": {
        "type": "Point",
        "coordinates": [
          -71.43641,
          -33.05038
        ]
      }
    },
    {
      "type": "Feature",
      "properties": {
        "id_estab": "40167",
        "nombre": "ESC.ESP.DE LENGUAJE MAS SOL",
        "cod_comuna": "5801",
        "comuna": "QUILPUÉ",
        "origen": 1,
        "tipo_estab": 2,
        "tipo_glosa": "Escuela Particular Subvencionado",
        "matricula_total": 69,
        "mat_sala_cuna": 0,
        "mat_medio": 32,
        "mat_transicion": 37,
        "slep_sostenedor": null,
        "slep_procedencia": "sin_dato"
      },
      "geometry": {
        "type": "Point",
        "coordinates": [
          -71.40261,
          -33.039078
        ]
      }
    },
    {
      "type": "Feature",
      "properties": {
        "id_estab": "14599",
        "nombre": "COLEGIO POETA DANIEL DE LA VEGA",
        "cod_comuna": "5801",
        "comuna": "QUILPUÉ",
        "origen": 1,
        "tipo_estab": 2,
        "tipo_glosa": "Escuela Particular Subvencionado",
        "matricula_total": 16,
        "mat_sala_cuna": 0,
        "mat_medio": 0,
        "mat_transicion": 16,
        "slep_sostenedor": null,
        "slep_procedencia": "sin_dato"
      },
      "geometry": {
        "type": "Point",
        "coordinates": [
          -71.434547,
          -33.043282
        ]
      }
    },
    {
      "type": "Feature",
      "properties": {
        "id_estab": "1949",
        "nombre": "JARDIN INFANTIL COLIBRI",
        "cod_comuna": "5801",
        "comuna": "QUILPUÉ",
        "origen": 1,
        "tipo_estab": 3,
        "tipo_glosa": "Escuela Particular Pagado",
        "matricula_total": 73,
        "mat_sala_cuna": 0,
        "mat_medio": 32,
        "mat_transicion": 41,
        "slep_sostenedor": null,
        "slep_procedencia": "sin_dato"
      },
      "geometry": {
        "type": "Point",
        "coordinates": [
          -71.43463,
          -33.041576
        ]
      }
    },
    {
      "type": "Feature",
      "properties": {
        "id_estab": "41673",
        "nombre": "JARDIN INFANTIL Y SALA CUNA MIS COLORES",
        "cod_comuna": "5801",
        "comuna": "QUILPUÉ",
        "origen": 1,
        "tipo_estab": 3,
        "tipo_glosa": "Escuela Particular Pagado",
        "matricula_total": 36,
        "mat_sala_cuna": 7,
        "mat_medio": 22,
        "mat_transicion": 7,
        "slep_sostenedor": null,
        "slep_procedencia": "sin_dato"
      },
      "geometry": {
        "type": "Point",
        "coordinates": [
          -71.440094,
          -33.05015
        ]
      }
    },
    {
      "type": "Feature",
      "properties": {
        "id_estab": "14533",
        "nombre": "COLEGIO CRISTIANO LOS PINOS",
        "cod_comuna": "5801",
        "comuna": "QUILPUÉ",
        "origen": 1,
        "tipo_estab": 2,
        "tipo_glosa": "Escuela Particular Subvencionado",
        "matricula_total": 17,
        "mat_sala_cuna": 0,
        "mat_medio": 0,
        "mat_transicion": 17,
        "slep_sostenedor": null,
        "slep_procedencia": "sin_dato"
      },
      "geometry": {
        "type": "Point",
        "coordinates": [
          -71.426453,
          -33.07008
        ]
      }
    },
    {
      "type": "Feature",
      "properties": {
        "id_estab": "20371",
        "nombre": "ESCUELA ESPECIAL DE LENGUAJE ENE-TENE-TÚ",
        "cod_comuna": "5801",
        "comuna": "QUILPUÉ",
        "origen": 1,
        "tipo_estab": 2,
        "tipo_glosa": "Escuela Particular Subvencionado",
        "matricula_total": 40,
        "mat_sala_cuna": 0,
        "mat_medio": 15,
        "mat_transicion": 25,
        "slep_sostenedor": null,
        "slep_procedencia": "sin_dato"
      },
      "geometry": {
        "type": "Point",
        "coordinates": [
          -71.43254,
          -33.04897
        ]
      }
    },
    {
      "type": "Feature",
      "properties": {
        "id_estab": "1937",
        "nombre": "COLEGIO COEDUCACIONAL PART. QUILPUE",
        "cod_comuna": "5801",
        "comuna": "QUILPUÉ",
        "origen": 1,
        "tipo_estab": 3,
        "tipo_glosa": "Escuela Particular Pagado",
        "matricula_total": 52,
        "mat_sala_cuna": 0,
        "mat_medio": 0,
        "mat_transicion": 52,
        "slep_sostenedor": null,
        "slep_procedencia": "sin_dato"
      },
      "geometry": {
        "type": "Point",
        "coordinates": [
          -71.41194,
          -33.051153
        ]
      }
    },
    {
      "type": "Feature",
      "properties": {
        "id_estab": "5801016",
        "nombre": "ESTRELLITAS DE LOS PINOS",
        "cod_comuna": "5801",
        "comuna": "QUILPUÉ",
        "origen": 2,
        "tipo_estab": 5,
        "tipo_glosa": "JUNJI Administracion Directa",
        "matricula_total": 45,
        "mat_sala_cuna": 17,
        "mat_medio": 28,
        "mat_transicion": 0,
        "slep_sostenedor": null,
        "slep_procedencia": "sin_dato"
      },
      "geometry": {
        "type": "Point",
        "coordinates": [
          -71.425309,
          -33.075721
        ]
      }
    },
    {
      "type": "Feature",
      "properties": {
        "id_estab": "14513",
        "nombre": "ESCUELA DE PARVULOS NIDO DE LUNA",
        "cod_comuna": "5801",
        "comuna": "QUILPUÉ",
        "origen": 1,
        "tipo_estab": 2,
        "tipo_glosa": "Escuela Particular Subvencionado",
        "matricula_total": 28,
        "mat_sala_cuna": 0,
        "mat_medio": 0,
        "mat_transicion": 28,
        "slep_sostenedor": null,
        "slep_procedencia": "sin_dato"
      },
      "geometry": {
        "type": "Point",
        "coordinates": [
          -71.41655,
          -33.047626
        ]
      }
    },
    {
      "type": "Feature",
      "properties": {
        "id_estab": "1885",
        "nombre": "COLEGIO CAPITAN IGNACIO CARRERA PINTO",
        "cod_comuna": "5801",
        "comuna": "QUILPUÉ",
        "origen": 1,
        "tipo_estab": 1,
        "tipo_glosa": "Escuela Municipal",
        "matricula_total": 16,
        "mat_sala_cuna": 0,
        "mat_medio": 0,
        "mat_transicion": 16,
        "slep_sostenedor": null,
        "slep_procedencia": "sin_dato"
      },
      "geometry": {
        "type": "Point",
        "coordinates": [
          -71.431084,
          -33.036491
        ]
      }
    },
    {
      "type": "Feature",
      "properties": {
        "id_estab": "31445",
        "nombre": "COLEGIO FUNDADORES DE QUILPUE",
        "cod_comuna": "5801",
        "comuna": "QUILPUÉ",
        "origen": 1,
        "tipo_estab": 3,
        "tipo_glosa": "Escuela Particular Pagado",
        "matricula_total": 10,
        "mat_sala_cuna": 0,
        "mat_medio": 0,
        "mat_transicion": 10,
        "slep_sostenedor": null,
        "slep_procedencia": "sin_dato"
      },
      "geometry": {
        "type": "Point",
        "coordinates": [
          -71.43899,
          -33.05731
        ]
      }
    },
    {
      "type": "Feature",
      "properties": {
        "id_estab": "1906",
        "nombre": "ESCUELA DELFINA ALARCON HENRIQUEZ",
        "cod_comuna": "5801",
        "comuna": "QUILPUÉ",
        "origen": 1,
        "tipo_estab": 1,
        "tipo_glosa": "Escuela Municipal",
        "matricula_total": 5,
        "mat_sala_cuna": 0,
        "mat_medio": 0,
        "mat_transicion": 5,
        "slep_sostenedor": null,
        "slep_procedencia": "sin_dato"
      },
      "geometry": {
        "type": "Point",
        "coordinates": [
          -71.14325,
          -33.167961
        ]
      }
    },
    {
      "type": "Feature",
      "properties": {
        "id_estab": "5801011",
        "nombre": "MI DULCE MUNDO",
        "cod_comuna": "5801",
        "comuna": "QUILPUÉ",
        "origen": 2,
        "tipo_estab": 6,
        "tipo_glosa": "JUNJI VTF",
        "matricula_total": 167,
        "mat_sala_cuna": 54,
        "mat_medio": 113,
        "mat_transicion": 0,
        "slep_sostenedor": "Marga Marga",
        "slep_procedencia": "derivada_comuna"
      },
      "geometry": {
        "type": "Point",
        "coordinates": [
          -71.435932,
          -33.051324
        ]
      }
    },
    {
      "type": "Feature",
      "properties": {
        "id_estab": "5801020",
        "nombre": "AMANAKI",
        "cod_comuna": "5801",
        "comuna": "QUILPUÉ",
        "origen": 2,
        "tipo_estab": 5,
        "tipo_glosa": "JUNJI Administracion Directa",
        "matricula_total": 76,
        "mat_sala_cuna": 25,
        "mat_medio": 51,
        "mat_transicion": 0,
        "slep_sostenedor": null,
        "slep_procedencia": "sin_dato"
      },
      "geometry": {
        "type": "Point",
        "coordinates": [
          -71.407548,
          -33.064886
        ]
      }
    },
    {
      "type": "Feature",
      "properties": {
        "id_estab": "5801008",
        "nombre": "PULGARCITO",
        "cod_comuna": "5801",
        "comuna": "QUILPUÉ",
        "origen": 2,
        "tipo_estab": 6,
        "tipo_glosa": "JUNJI VTF",
        "matricula_total": 52,
        "mat_sala_cuna": 19,
        "mat_medio": 33,
        "mat_transicion": 0,
        "slep_sostenedor": "Marga Marga",
        "slep_procedencia": "derivada_comuna"
      },
      "geometry": {
        "type": "Point",
        "coordinates": [
          -71.475134,
          -33.042296
        ]
      }
    },
    {
      "type": "Feature",
      "properties": {
        "id_estab": "40014",
        "nombre": "COLEGIO ANTU-LEMU",
        "cod_comuna": "5801",
        "comuna": "QUILPUÉ",
        "origen": 1,
        "tipo_estab": 2,
        "tipo_glosa": "Escuela Particular Subvencionado",
        "matricula_total": 10,
        "mat_sala_cuna": 0,
        "mat_medio": 0,
        "mat_transicion": 10,
        "slep_sostenedor": null,
        "slep_procedencia": "sin_dato"
      },
      "geometry": {
        "type": "Point",
        "coordinates": [
          -71.441093,
          -33.03651
        ]
      }
    },
    {
      "type": "Feature",
      "properties": {
        "id_estab": "53905",
        "nombre": "KUMIRAY",
        "cod_comuna": "5801",
        "comuna": "QUILPUÉ",
        "origen": 3,
        "tipo_estab": 7,
        "tipo_glosa": "INTEGRA Administracion Directa",
        "matricula_total": 90,
        "mat_sala_cuna": 38,
        "mat_medio": 52,
        "mat_transicion": 0,
        "slep_sostenedor": null,
        "slep_procedencia": "sin_dato"
      },
      "geometry": {
        "type": "Point",
        "coordinates": [
          -71.411329,
          -33.044939
        ]
      }
    },
    {
      "type": "Feature",
      "properties": {
        "id_estab": "14748",
        "nombre": "JARDIN INFANTIL ABRACADABRA",
        "cod_comuna": "5801",
        "comuna": "QUILPUÉ",
        "origen": 1,
        "tipo_estab": 2,
        "tipo_glosa": "Escuela Particular Subvencionado",
        "matricula_total": 13,
        "mat_sala_cuna": 0,
        "mat_medio": 0,
        "mat_transicion": 13,
        "slep_sostenedor": null,
        "slep_procedencia": "sin_dato"
      },
      "geometry": {
        "type": "Point",
        "coordinates": [
          -71.433304,
          -33.04127
        ]
      }
    },
    {
      "type": "Feature",
      "properties": {
        "id_estab": "14723",
        "nombre": "ESCUELA DE PARVULOS SOLRIE",
        "cod_comuna": "5801",
        "comuna": "QUILPUÉ",
        "origen": 1,
        "tipo_estab": 2,
        "tipo_glosa": "Escuela Particular Subvencionado",
        "matricula_total": 12,
        "mat_sala_cuna": 0,
        "mat_medio": 0,
        "mat_transicion": 12,
        "slep_sostenedor": null,
        "slep_procedencia": "sin_dato"
      },
      "geometry": {
        "type": "Point",
        "coordinates": [
          -71.41655,
          -33.047626
        ]
      }
    },
    {
      "type": "Feature",
      "properties": {
        "id_estab": "14672",
        "nombre": "COLEGIO BLAISE PASCAL",
        "cod_comuna": "5801",
        "comuna": "QUILPUÉ",
        "origen": 1,
        "tipo_estab": 2,
        "tipo_glosa": "Escuela Particular Subvencionado",
        "matricula_total": 9,
        "mat_sala_cuna": 0,
        "mat_medio": 0,
        "mat_transicion": 9,
        "slep_sostenedor": null,
        "slep_procedencia": "sin_dato"
      },
      "geometry": {
        "type": "Point",
        "coordinates": [
          -71.407013,
          -33.032841
        ]
      }
    },
    {
      "type": "Feature",
      "properties": {
        "id_estab": "14515",
        "nombre": "COLEGIO GABRIELA MISTRAL",
        "cod_comuna": "5801",
        "comuna": "QUILPUÉ",
        "origen": 1,
        "tipo_estab": 2,
        "tipo_glosa": "Escuela Particular Subvencionado",
        "matricula_total": 11,
        "mat_sala_cuna": 0,
        "mat_medio": 0,
        "mat_transicion": 11,
        "slep_sostenedor": null,
        "slep_procedencia": "sin_dato"
      },
      "geometry": {
        "type": "Point",
        "coordinates": [
          -71.403229,
          -33.038231
        ]
      }
    },
    {
      "type": "Feature",
      "properties": {
        "id_estab": "5801007",
        "nombre": "SOL NACIENTE",
        "cod_comuna": "5801",
        "comuna": "QUILPUÉ",
        "origen": 2,
        "tipo_estab": 6,
        "tipo_glosa": "JUNJI VTF",
        "matricula_total": 52,
        "mat_sala_cuna": 20,
        "mat_medio": 32,
        "mat_transicion": 0,
        "slep_sostenedor": "Marga Marga",
        "slep_procedencia": "derivada_comuna"
      },
      "geometry": {
        "type": "Point",
        "coordinates": [
          -71.428613,
          -33.043705
        ]
      }
    },
    {
      "type": "Feature",
      "properties": {
        "id_estab": "5801002",
        "nombre": "VALLE DE SOL",
        "cod_comuna": "5801",
        "comuna": "QUILPUÉ",
        "origen": 2,
        "tipo_estab": 6,
        "tipo_glosa": "JUNJI VTF",
        "matricula_total": 77,
        "mat_sala_cuna": 0,
        "mat_medio": 77,
        "mat_transicion": 0,
        "slep_sostenedor": "Marga Marga",
        "slep_procedencia": "derivada_comuna"
      },
      "geometry": {
        "type": "Point",
        "coordinates": [
          -71.438061,
          -33.057492
        ]
      }
    },
    {
      "type": "Feature",
      "properties": {
        "id_estab": "53906",
        "nombre": "POKI TANE",
        "cod_comuna": "5801",
        "comuna": "QUILPUÉ",
        "origen": 3,
        "tipo_estab": 7,
        "tipo_glosa": "INTEGRA Administracion Directa",
        "matricula_total": 122,
        "mat_sala_cuna": 41,
        "mat_medio": 81,
        "mat_transicion": 0,
        "slep_sostenedor": null,
        "slep_procedencia": "sin_dato"
      },
      "geometry": {
        "type": "Point",
        "coordinates": [
          -71.431598,
          -33.048541
        ]
      }
    },
    {
      "type": "Feature",
      "properties": {
        "id_estab": "5801003",
        "nombre": "LAS TORTOLITAS",
        "cod_comuna": "5801",
        "comuna": "QUILPUÉ",
        "origen": 2,
        "tipo_estab": 6,
        "tipo_glosa": "JUNJI VTF",
        "matricula_total": 48,
        "mat_sala_cuna": 19,
        "mat_medio": 29,
        "mat_transicion": 0,
        "slep_sostenedor": "Marga Marga",
        "slep_procedencia": "derivada_comuna"
      },
      "geometry": {
        "type": "Point",
        "coordinates": [
          -71.441284,
          -33.056376
        ]
      }
    },
    {
      "type": "Feature",
      "properties": {
        "id_estab": "5801012",
        "nombre": "ARCOIRIS",
        "cod_comuna": "5801",
        "comuna": "QUILPUÉ",
        "origen": 2,
        "tipo_estab": 6,
        "tipo_glosa": "JUNJI VTF",
        "matricula_total": 99,
        "mat_sala_cuna": 37,
        "mat_medio": 62,
        "mat_transicion": 0,
        "slep_sostenedor": "Marga Marga",
        "slep_procedencia": "derivada_comuna"
      },
      "geometry": {
        "type": "Point",
        "coordinates": [
          -71.401908,
          -33.037459
        ]
      }
    },
    {
      "type": "Feature",
      "properties": {
        "id_estab": "53904",
        "nombre": "VIOLETA PARRA",
        "cod_comuna": "5801",
        "comuna": "QUILPUÉ",
        "origen": 3,
        "tipo_estab": 7,
        "tipo_glosa": "INTEGRA Administracion Directa",
        "matricula_total": 71,
        "mat_sala_cuna": 20,
        "mat_medio": 51,
        "mat_transicion": 0,
        "slep_sostenedor": null,
        "slep_procedencia": "sin_dato"
      },
      "geometry": {
        "type": "Point",
        "coordinates": [
          -71.438458,
          -33.035542
        ]
      }
    },
    {
      "type": "Feature",
      "properties": {
        "id_estab": "54101",
        "nombre": "CRECIENDO EN MI PUEBLO",
        "cod_comuna": "5801",
        "comuna": "QUILPUÉ",
        "origen": 3,
        "tipo_estab": 7,
        "tipo_glosa": "INTEGRA Administracion Directa",
        "matricula_total": 28,
        "mat_sala_cuna": 0,
        "mat_medio": 20,
        "mat_transicion": 8,
        "slep_sostenedor": null,
        "slep_procedencia": "sin_dato"
      },
      "geometry": {
        "type": "Point",
        "coordinates": [
          -71.105192,
          -33.052499
        ]
      }
    },
    {
      "type": "Feature",
      "properties": {
        "id_estab": "54002",
        "nombre": "AGUAS CLARAS",
        "cod_comuna": "5801",
        "comuna": "QUILPUÉ",
        "origen": 3,
        "tipo_estab": 7,
        "tipo_glosa": "INTEGRA Administracion Directa",
        "matricula_total": 28,
        "mat_sala_cuna": 0,
        "mat_medio": 19,
        "mat_transicion": 9,
        "slep_sostenedor": null,
        "slep_procedencia": "sin_dato"
      },
      "geometry": {
        "type": "Point",
        "coordinates": [
          -71.220277,
          -33.063298
        ]
      }
    },
    {
      "type": "Feature",
      "properties": {
        "id_estab": "5801019",
        "nombre": "SOL DE MENA",
        "cod_comuna": "5801",
        "comuna": "QUILPUÉ",
        "origen": 2,
        "tipo_estab": 5,
        "tipo_glosa": "JUNJI Administracion Directa",
        "matricula_total": 37,
        "mat_sala_cuna": 15,
        "mat_medio": 22,
        "mat_transicion": 0,
        "slep_sostenedor": null,
        "slep_procedencia": "sin_dato"
      },
      "geometry": {
        "type": "Point",
        "coordinates": [
          -71.4454,
          -33.06129
        ]
      }
    },
    {
      "type": "Feature",
      "properties": {
        "id_estab": "14926",
        "nombre": "ESCUELA ESPECIAL DE LENGUAJE AÛKEN",
        "cod_comuna": "5801",
        "comuna": "QUILPUÉ",
        "origen": 1,
        "tipo_estab": 2,
        "tipo_glosa": "Escuela Particular Subvencionado",
        "matricula_total": 15,
        "mat_sala_cuna": 0,
        "mat_medio": 4,
        "mat_transicion": 11,
        "slep_sostenedor": null,
        "slep_procedencia": "sin_dato"
      },
      "geometry": {
        "type": "Point",
        "coordinates": [
          -71.40438,
          -33.060253
        ]
      }
    },
    {
      "type": "Feature",
      "properties": {
        "id_estab": "5801013",
        "nombre": "SOL DE PEHUÉN",
        "cod_comuna": "5801",
        "comuna": "QUILPUÉ",
        "origen": 2,
        "tipo_estab": 5,
        "tipo_glosa": "JUNJI Administracion Directa",
        "matricula_total": 47,
        "mat_sala_cuna": 19,
        "mat_medio": 28,
        "mat_transicion": 0,
        "slep_sostenedor": null,
        "slep_procedencia": "sin_dato"
      },
      "geometry": {
        "type": "Point",
        "coordinates": [
          -71.426269,
          -33.068044
        ]
      }
    },
    {
      "type": "Feature",
      "properties": {
        "id_estab": "5801009",
        "nombre": "KUNGA",
        "cod_comuna": "5801",
        "comuna": "QUILPUÉ",
        "origen": 2,
        "tipo_estab": 6,
        "tipo_glosa": "JUNJI VTF",
        "matricula_total": 50,
        "mat_sala_cuna": 19,
        "mat_medio": 31,
        "mat_transicion": 0,
        "slep_sostenedor": "Marga Marga",
        "slep_procedencia": "derivada_comuna"
      },
      "geometry": {
        "type": "Point",
        "coordinates": [
          -71.441937,
          -33.036365
        ]
      }
    },
    {
      "type": "Feature",
      "properties": {
        "id_estab": "54003",
        "nombre": "LA PALOMA",
        "cod_comuna": "5801",
        "comuna": "QUILPUÉ",
        "origen": 3,
        "tipo_estab": 7,
        "tipo_glosa": "INTEGRA Administracion Directa",
        "matricula_total": 20,
        "mat_sala_cuna": 0,
        "mat_medio": 17,
        "mat_transicion": 3,
        "slep_sostenedor": null,
        "slep_procedencia": "sin_dato"
      },
      "geometry": {
        "type": "Point",
        "coordinates": [
          -71.225334,
          -32.99016
        ]
      }
    },
    {
      "type": "Feature",
      "properties": {
        "id_estab": "5801005",
        "nombre": "AYELEN",
        "cod_comuna": "5801",
        "comuna": "QUILPUÉ",
        "origen": 2,
        "tipo_estab": 6,
        "tipo_glosa": "JUNJI VTF",
        "matricula_total": 50,
        "mat_sala_cuna": 19,
        "mat_medio": 31,
        "mat_transicion": 0,
        "slep_sostenedor": "Marga Marga",
        "slep_procedencia": "derivada_comuna"
      },
      "geometry": {
        "type": "Point",
        "coordinates": [
          -71.467638,
          -33.052894
        ]
      }
    },
    {
      "type": "Feature",
      "properties": {
        "id_estab": "5801018",
        "nombre": "ANELEY",
        "cod_comuna": "5801",
        "comuna": "QUILPUÉ",
        "origen": 2,
        "tipo_estab": 5,
        "tipo_glosa": "JUNJI Administracion Directa",
        "matricula_total": 121,
        "mat_sala_cuna": 50,
        "mat_medio": 71,
        "mat_transicion": 0,
        "slep_sostenedor": null,
        "slep_procedencia": "sin_dato"
      },
      "geometry": {
        "type": "Point",
        "coordinates": [
          -71.39993,
          -33.06118
        ]
      }
    },
    {
      "type": "Feature",
      "properties": {
        "id_estab": "5801023",
        "nombre": "ANTU KUYEN",
        "cod_comuna": "5801",
        "comuna": "QUILPUÉ",
        "origen": 2,
        "tipo_estab": 5,
        "tipo_glosa": "JUNJI Administracion Directa",
        "matricula_total": 86,
        "mat_sala_cuna": 39,
        "mat_medio": 47,
        "mat_transicion": 0,
        "slep_sostenedor": null,
        "slep_procedencia": "sin_dato"
      },
      "geometry": {
        "type": "Point",
        "coordinates": [
          -71.42359,
          -33.06296
        ]
      }
    },
    {
      "type": "Feature",
      "properties": {
        "id_estab": "5801017",
        "nombre": "ALIWEN",
        "cod_comuna": "5801",
        "comuna": "QUILPUÉ",
        "origen": 2,
        "tipo_estab": 5,
        "tipo_glosa": "JUNJI Administracion Directa",
        "matricula_total": 84,
        "mat_sala_cuna": 28,
        "mat_medio": 56,
        "mat_transicion": 0,
        "slep_sostenedor": null,
        "slep_procedencia": "sin_dato"
      },
      "geometry": {
        "type": "Point",
        "coordinates": [
          -71.405221,
          -33.062336
        ]
      }
    },
    {
      "type": "Feature",
      "properties": {
        "id_estab": "5801113",
        "nombre": "PMI-SOLCITO DE LAS ROZAS",
        "cod_comuna": "5801",
        "comuna": "QUILPUÉ",
        "origen": 2,
        "tipo_estab": 5,
        "tipo_glosa": "JUNJI Administracion Directa",
        "matricula_total": 13,
        "mat_sala_cuna": 0,
        "mat_medio": 11,
        "mat_transicion": 2,
        "slep_sostenedor": null,
        "slep_procedencia": "sin_dato"
      },
      "geometry": {
        "type": "Point",
        "coordinates": [
          -71.423624,
          -33.056122
        ]
      }
    },
    {
      "type": "Feature",
      "properties": {
        "id_estab": "5801014",
        "nombre": "PEQUEÑOS OLIMPICOS",
        "cod_comuna": "5801",
        "comuna": "QUILPUÉ",
        "origen": 2,
        "tipo_estab": 6,
        "tipo_glosa": "JUNJI VTF",
        "matricula_total": 49,
        "mat_sala_cuna": 16,
        "mat_medio": 33,
        "mat_transicion": 0,
        "slep_sostenedor": "Marga Marga",
        "slep_procedencia": "derivada_comuna"
      },
      "geometry": {
        "type": "Point",
        "coordinates": [
          -71.451938,
          -33.058481
        ]
      }
    },
    {
      "type": "Feature",
      "properties": {
        "id_estab": "5801015",
        "nombre": "ARBOLITOS DE SUEÑOS",
        "cod_comuna": "5801",
        "comuna": "QUILPUÉ",
        "origen": 2,
        "tipo_estab": 5,
        "tipo_glosa": "JUNJI Administracion Directa",
        "matricula_total": 44,
        "mat_sala_cuna": 17,
        "mat_medio": 27,
        "mat_transicion": 0,
        "slep_sostenedor": null,
        "slep_procedencia": "sin_dato"
      },
      "geometry": {
        "type": "Point",
        "coordinates": [
          -71.419586,
          -33.075225
        ]
      }
    },
    {
      "type": "Feature",
      "properties": {
        "id_estab": "5801022",
        "nombre": "TIERRAS ROJAS QUILPUE",
        "cod_comuna": "5801",
        "comuna": "QUILPUÉ",
        "origen": 2,
        "tipo_estab": 5,
        "tipo_glosa": "JUNJI Administracion Directa",
        "matricula_total": 19,
        "mat_sala_cuna": 12,
        "mat_medio": 7,
        "mat_transicion": 0,
        "slep_sostenedor": null,
        "slep_procedencia": "sin_dato"
      },
      "geometry": {
        "type": "Point",
        "coordinates": [
          -71.41473,
          -33.058174
        ]
      }
    },
    {
      "type": "Feature",
      "properties": {
        "id_estab": "5801021",
        "nombre": "VENTISCA QUILPUE",
        "cod_comuna": "5801",
        "comuna": "QUILPUÉ",
        "origen": 2,
        "tipo_estab": 5,
        "tipo_glosa": "JUNJI Administracion Directa",
        "matricula_total": 13,
        "mat_sala_cuna": 8,
        "mat_medio": 5,
        "mat_transicion": 0,
        "slep_sostenedor": null,
        "slep_procedencia": "sin_dato"
      },
      "geometry": {
        "type": "Point",
        "coordinates": [
          -71.408399,
          -33.056185
        ]
      }
    },
    {
      "type": "Feature",
      "properties": {
        "id_estab": "5801116",
        "nombre": "PMI-FLOR DE ABEJA",
        "cod_comuna": "5801",
        "comuna": "QUILPUÉ",
        "origen": 2,
        "tipo_estab": 5,
        "tipo_glosa": "JUNJI Administracion Directa",
        "matricula_total": 3,
        "mat_sala_cuna": 0,
        "mat_medio": 3,
        "mat_transicion": 0,
        "slep_sostenedor": null,
        "slep_procedencia": "sin_dato"
      },
      "geometry": {
        "type": "Point",
        "coordinates": [
          -71.143255,
          -33.167972
        ]
      }
    },
    {
      "type": "Feature",
      "properties": {
        "id_estab": "14872",
        "nombre": "ESCUELA DE LENGUAJE ANTU AINIL",
        "cod_comuna": "5802",
        "comuna": "LIMACHE",
        "origen": 1,
        "tipo_estab": 2,
        "tipo_glosa": "Escuela Particular Subvencionado",
        "matricula_total": 57,
        "mat_sala_cuna": 0,
        "mat_medio": 22,
        "mat_transicion": 35,
        "slep_sostenedor": null,
        "slep_procedencia": "sin_dato"
      },
      "geometry": {
        "type": "Point",
        "coordinates": [
          -71.27648,
          -32.9867
        ]
      }
    },
    {
      "type": "Feature",
      "properties": {
        "id_estab": "1484",
        "nombre": "ESCUELA PARTICULAR INST. SANTA MARIA",
        "cod_comuna": "5802",
        "comuna": "LIMACHE",
        "origen": 1,
        "tipo_estab": 2,
        "tipo_glosa": "Escuela Particular Subvencionado",
        "matricula_total": 150,
        "mat_sala_cuna": 0,
        "mat_medio": 0,
        "mat_transicion": 150,
        "slep_sostenedor": null,
        "slep_procedencia": "sin_dato"
      },
      "geometry": {
        "type": "Point",
        "coordinates": [
          -71.265793,
          -32.992939
        ]
      }
    },
    {
      "type": "Feature",
      "properties": {
        "id_estab": "1482",
        "nombre": "COLEGIO LIMACHE COLLEGE",
        "cod_comuna": "5802",
        "comuna": "LIMACHE",
        "origen": 1,
        "tipo_estab": 2,
        "tipo_glosa": "Escuela Particular Subvencionado",
        "matricula_total": 64,
        "mat_sala_cuna": 0,
        "mat_medio": 0,
        "mat_transicion": 64,
        "slep_sostenedor": null,
        "slep_procedencia": "sin_dato"
      },
      "geometry": {
        "type": "Point",
        "coordinates": [
          -71.272957,
          -32.984692
        ]
      }
    },
    {
      "type": "Feature",
      "properties": {
        "id_estab": "14865",
        "nombre": "COLEGIO TECNICO ALIANZA EDUCACIONAL",
        "cod_comuna": "5802",
        "comuna": "LIMACHE",
        "origen": 1,
        "tipo_estab": 2,
        "tipo_glosa": "Escuela Particular Subvencionado",
        "matricula_total": 29,
        "mat_sala_cuna": 0,
        "mat_medio": 0,
        "mat_transicion": 29,
        "slep_sostenedor": null,
        "slep_procedencia": "sin_dato"
      },
      "geometry": {
        "type": "Point",
        "coordinates": [
          -71.263878,
          -33.016171
        ]
      }
    },
    {
      "type": "Feature",
      "properties": {
        "id_estab": "14641",
        "nombre": "COLEGIO PAULA VIVANCO",
        "cod_comuna": "5802",
        "comuna": "LIMACHE",
        "origen": 1,
        "tipo_estab": 2,
        "tipo_glosa": "Escuela Particular Subvencionado",
        "matricula_total": 47,
        "mat_sala_cuna": 0,
        "mat_medio": 0,
        "mat_transicion": 47,
        "slep_sostenedor": null,
        "slep_procedencia": "sin_dato"
      },
      "geometry": {
        "type": "Point",
        "coordinates": [
          -71.25428,
          -33.009338
        ]
      }
    },
    {
      "type": "Feature",
      "properties": {
        "id_estab": "1468",
        "nombre": "COLEGIO BRASILIA",
        "cod_comuna": "5802",
        "comuna": "LIMACHE",
        "origen": 1,
        "tipo_estab": 1,
        "tipo_glosa": "Escuela Municipal",
        "matricula_total": 36,
        "mat_sala_cuna": 0,
        "mat_medio": 0,
        "mat_transicion": 36,
        "slep_sostenedor": null,
        "slep_procedencia": "sin_dato"
      },
      "geometry": {
        "type": "Point",
        "coordinates": [
          -71.269753,
          -32.988461
        ]
      }
    },
    {
      "type": "Feature",
      "properties": {
        "id_estab": "14534",
        "nombre": "COLEGIO AMANCAY LIMACHE",
        "cod_comuna": "5802",
        "comuna": "LIMACHE",
        "origen": 1,
        "tipo_estab": 2,
        "tipo_glosa": "Escuela Particular Subvencionado",
        "matricula_total": 59,
        "mat_sala_cuna": 0,
        "mat_medio": 0,
        "mat_transicion": 59,
        "slep_sostenedor": null,
        "slep_procedencia": "sin_dato"
      },
      "geometry": {
        "type": "Point",
        "coordinates": [
          -71.245567,
          -32.99366
        ]
      }
    },
    {
      "type": "Feature",
      "properties": {
        "id_estab": "1471",
        "nombre": "ESCUELA LIMACHITO",
        "cod_comuna": "5802",
        "comuna": "LIMACHE",
        "origen": 1,
        "tipo_estab": 1,
        "tipo_glosa": "Escuela Municipal",
        "matricula_total": 45,
        "mat_sala_cuna": 0,
        "mat_medio": 0,
        "mat_transicion": 45,
        "slep_sostenedor": null,
        "slep_procedencia": "sin_dato"
      },
      "geometry": {
        "type": "Point",
        "coordinates": [
          -71.275978,
          -33.002209
        ]
      }
    },
    {
      "type": "Feature",
      "properties": {
        "id_estab": "1466",
        "nombre": "ESCUELA SUPERIOR MIXTA Nº88",
        "cod_comuna": "5802",
        "comuna": "LIMACHE",
        "origen": 1,
        "tipo_estab": 1,
        "tipo_glosa": "Escuela Municipal",
        "matricula_total": 63,
        "mat_sala_cuna": 0,
        "mat_medio": 0,
        "mat_transicion": 63,
        "slep_sostenedor": null,
        "slep_procedencia": "sin_dato"
      },
      "geometry": {
        "type": "Point",
        "coordinates": [
          -71.273239,
          -32.98587
        ]
      }
    },
    {
      "type": "Feature",
      "properties": {
        "id_estab": "14543",
        "nombre": "ESCUELA DE PARVULOS ITALITO",
        "cod_comuna": "5802",
        "comuna": "LIMACHE",
        "origen": 1,
        "tipo_estab": 2,
        "tipo_glosa": "Escuela Particular Subvencionado",
        "matricula_total": 50,
        "mat_sala_cuna": 0,
        "mat_medio": 0,
        "mat_transicion": 50,
        "slep_sostenedor": null,
        "slep_procedencia": "sin_dato"
      },
      "geometry": {
        "type": "Point",
        "coordinates": [
          -71.26284,
          -33.00768
        ]
      }
    },
    {
      "type": "Feature",
      "properties": {
        "id_estab": "14510",
        "nombre": "COLEGIO NACIONAL",
        "cod_comuna": "5802",
        "comuna": "LIMACHE",
        "origen": 1,
        "tipo_estab": 2,
        "tipo_glosa": "Escuela Particular Subvencionado",
        "matricula_total": 109,
        "mat_sala_cuna": 0,
        "mat_medio": 0,
        "mat_transicion": 109,
        "slep_sostenedor": null,
        "slep_procedencia": "sin_dato"
      },
      "geometry": {
        "type": "Point",
        "coordinates": [
          -71.270828,
          -32.987171
        ]
      }
    },
    {
      "type": "Feature",
      "properties": {
        "id_estab": "1483",
        "nombre": "ESCUELA PARTICULAR MICAELA DESMAISSIERES",
        "cod_comuna": "5802",
        "comuna": "LIMACHE",
        "origen": 1,
        "tipo_estab": 2,
        "tipo_glosa": "Escuela Particular Subvencionado",
        "matricula_total": 23,
        "mat_sala_cuna": 0,
        "mat_medio": 0,
        "mat_transicion": 23,
        "slep_sostenedor": null,
        "slep_procedencia": "sin_dato"
      },
      "geometry": {
        "type": "Point",
        "coordinates": [
          -71.268448,
          -32.98547
        ]
      }
    },
    {
      "type": "Feature",
      "properties": {
        "id_estab": "1467",
        "nombre": "LICEO BICENTENARIO COLEGIO PASIÓN DE JESÚS DE LIMACHE",
        "cod_comuna": "5802",
        "comuna": "LIMACHE",
        "origen": 1,
        "tipo_estab": 1,
        "tipo_glosa": "Escuela Municipal",
        "matricula_total": 61,
        "mat_sala_cuna": 0,
        "mat_medio": 0,
        "mat_transicion": 61,
        "slep_sostenedor": null,
        "slep_procedencia": "sin_dato"
      },
      "geometry": {
        "type": "Point",
        "coordinates": [
          -71.278572,
          -32.982281
        ]
      }
    },
    {
      "type": "Feature",
      "properties": {
        "id_estab": "1472",
        "nombre": "ESCUELA BASICA LOS MAITENES",
        "cod_comuna": "5802",
        "comuna": "LIMACHE",
        "origen": 1,
        "tipo_estab": 1,
        "tipo_glosa": "Escuela Municipal",
        "matricula_total": 22,
        "mat_sala_cuna": 0,
        "mat_medio": 0,
        "mat_transicion": 22,
        "slep_sostenedor": null,
        "slep_procedencia": "sin_dato"
      },
      "geometry": {
        "type": "Point",
        "coordinates": [
          -71.232674,
          -32.995361
        ]
      }
    },
    {
      "type": "Feature",
      "properties": {
        "id_estab": "1478",
        "nombre": "COLEGIO DE LA SANTA CRUZ",
        "cod_comuna": "5802",
        "comuna": "LIMACHE",
        "origen": 1,
        "tipo_estab": 2,
        "tipo_glosa": "Escuela Particular Subvencionado",
        "matricula_total": 69,
        "mat_sala_cuna": 0,
        "mat_medio": 0,
        "mat_transicion": 69,
        "slep_sostenedor": null,
        "slep_procedencia": "sin_dato"
      },
      "geometry": {
        "type": "Point",
        "coordinates": [
          -71.2659,
          -33.001011
        ]
      }
    },
    {
      "type": "Feature",
      "properties": {
        "id_estab": "14708",
        "nombre": "ESC ESTER DE LA TORRE VILLARROEL",
        "cod_comuna": "5802",
        "comuna": "LIMACHE",
        "origen": 1,
        "tipo_estab": 2,
        "tipo_glosa": "Escuela Particular Subvencionado",
        "matricula_total": 8,
        "mat_sala_cuna": 0,
        "mat_medio": 0,
        "mat_transicion": 8,
        "slep_sostenedor": null,
        "slep_procedencia": "sin_dato"
      },
      "geometry": {
        "type": "Point",
        "coordinates": [
          -71.27346,
          -33.002598
        ]
      }
    },
    {
      "type": "Feature",
      "properties": {
        "id_estab": "1465",
        "nombre": "ESCUELA COEDUC TTE HERNAN MERINO CORREA",
        "cod_comuna": "5802",
        "comuna": "LIMACHE",
        "origen": 1,
        "tipo_estab": 1,
        "tipo_glosa": "Escuela Municipal",
        "matricula_total": 65,
        "mat_sala_cuna": 0,
        "mat_medio": 0,
        "mat_transicion": 65,
        "slep_sostenedor": null,
        "slep_procedencia": "sin_dato"
      },
      "geometry": {
        "type": "Point",
        "coordinates": [
          -71.259308,
          -33.006451
        ]
      }
    },
    {
      "type": "Feature",
      "properties": {
        "id_estab": "14706",
        "nombre": "COLEGIO SAN FRANCISCO",
        "cod_comuna": "5802",
        "comuna": "LIMACHE",
        "origen": 1,
        "tipo_estab": 2,
        "tipo_glosa": "Escuela Particular Subvencionado",
        "matricula_total": 30,
        "mat_sala_cuna": 0,
        "mat_medio": 0,
        "mat_transicion": 30,
        "slep_sostenedor": null,
        "slep_procedencia": "sin_dato"
      },
      "geometry": {
        "type": "Point",
        "coordinates": [
          -71.262123,
          -33.005661
        ]
      }
    },
    {
      "type": "Feature",
      "properties": {
        "id_estab": "14836",
        "nombre": "ESCUELA ESP. DE LENGUAJE YIREH",
        "cod_comuna": "5802",
        "comuna": "LIMACHE",
        "origen": 1,
        "tipo_estab": 2,
        "tipo_glosa": "Escuela Particular Subvencionado",
        "matricula_total": 51,
        "mat_sala_cuna": 0,
        "mat_medio": 27,
        "mat_transicion": 24,
        "slep_sostenedor": null,
        "slep_procedencia": "sin_dato"
      },
      "geometry": {
        "type": "Point",
        "coordinates": [
          -71.25733,
          -33.00931
        ]
      }
    },
    {
      "type": "Feature",
      "properties": {
        "id_estab": "1469",
        "nombre": "LICEO HÉROES DE CHILE",
        "cod_comuna": "5802",
        "comuna": "LIMACHE",
        "origen": 1,
        "tipo_estab": 1,
        "tipo_glosa": "Escuela Municipal",
        "matricula_total": 42,
        "mat_sala_cuna": 0,
        "mat_medio": 0,
        "mat_transicion": 42,
        "slep_sostenedor": null,
        "slep_procedencia": "sin_dato"
      },
      "geometry": {
        "type": "Point",
        "coordinates": [
          -71.256187,
          -33.017151
        ]
      }
    },
    {
      "type": "Feature",
      "properties": {
        "id_estab": "16991",
        "nombre": "ESCUELA ESPECIAL DE LENGUAJE GREEN DAY",
        "cod_comuna": "5802",
        "comuna": "LIMACHE",
        "origen": 1,
        "tipo_estab": 2,
        "tipo_glosa": "Escuela Particular Subvencionado",
        "matricula_total": 72,
        "mat_sala_cuna": 0,
        "mat_medio": 33,
        "mat_transicion": 39,
        "slep_sostenedor": null,
        "slep_procedencia": "sin_dato"
      },
      "geometry": {
        "type": "Point",
        "coordinates": [
          -71.2663,
          -33.0022
        ]
      }
    },
    {
      "type": "Feature",
      "properties": {
        "id_estab": "14809",
        "nombre": "ESCUELA DE LENGUAJE SAN RAFAEL",
        "cod_comuna": "5802",
        "comuna": "LIMACHE",
        "origen": 1,
        "tipo_estab": 2,
        "tipo_glosa": "Escuela Particular Subvencionado",
        "matricula_total": 58,
        "mat_sala_cuna": 0,
        "mat_medio": 27,
        "mat_transicion": 31,
        "slep_sostenedor": null,
        "slep_procedencia": "sin_dato"
      },
      "geometry": {
        "type": "Point",
        "coordinates": [
          -71.276054,
          -32.986042
        ]
      }
    },
    {
      "type": "Feature",
      "properties": {
        "id_estab": "1473",
        "nombre": "ESCUELA TABOLANGO",
        "cod_comuna": "5802",
        "comuna": "LIMACHE",
        "origen": 1,
        "tipo_estab": 1,
        "tipo_glosa": "Escuela Municipal",
        "matricula_total": 9,
        "mat_sala_cuna": 0,
        "mat_medio": 0,
        "mat_transicion": 9,
        "slep_sostenedor": null,
        "slep_procedencia": "sin_dato"
      },
      "geometry": {
        "type": "Point",
        "coordinates": [
          -71.365707,
          -32.929482
        ]
      }
    },
    {
      "type": "Feature",
      "properties": {
        "id_estab": "50702",
        "nombre": "CRISTAL",
        "cod_comuna": "5802",
        "comuna": "LIMACHE",
        "origen": 3,
        "tipo_estab": 7,
        "tipo_glosa": "INTEGRA Administracion Directa",
        "matricula_total": 27,
        "mat_sala_cuna": 0,
        "mat_medio": 19,
        "mat_transicion": 8,
        "slep_sostenedor": null,
        "slep_procedencia": "sin_dato"
      },
      "geometry": {
        "type": "Point",
        "coordinates": [
          -70.595807,
          -32.788131
        ]
      }
    },
    {
      "type": "Feature",
      "properties": {
        "id_estab": "5802001",
        "nombre": "CAPERUCITA",
        "cod_comuna": "5802",
        "comuna": "LIMACHE",
        "origen": 2,
        "tipo_estab": 5,
        "tipo_glosa": "JUNJI Administracion Directa",
        "matricula_total": 130,
        "mat_sala_cuna": 48,
        "mat_medio": 82,
        "mat_transicion": 0,
        "slep_sostenedor": null,
        "slep_procedencia": "sin_dato"
      },
      "geometry": {
        "type": "Point",
        "coordinates": [
          -71.258513,
          -33.008688
        ]
      }
    },
    {
      "type": "Feature",
      "properties": {
        "id_estab": "1475",
        "nombre": "ESC. BASICA TRANQUE LLIU LLIU",
        "cod_comuna": "5802",
        "comuna": "LIMACHE",
        "origen": 1,
        "tipo_estab": 1,
        "tipo_glosa": "Escuela Municipal",
        "matricula_total": 12,
        "mat_sala_cuna": 0,
        "mat_medio": 0,
        "mat_transicion": 12,
        "slep_sostenedor": null,
        "slep_procedencia": "sin_dato"
      },
      "geometry": {
        "type": "Point",
        "coordinates": [
          -71.223831,
          -33.063221
        ]
      }
    },
    {
      "type": "Feature",
      "properties": {
        "id_estab": "5802005",
        "nombre": "TIERRA Y LUZ",
        "cod_comuna": "5802",
        "comuna": "LIMACHE",
        "origen": 2,
        "tipo_estab": 6,
        "tipo_glosa": "JUNJI VTF",
        "matricula_total": 53,
        "mat_sala_cuna": 20,
        "mat_medio": 33,
        "mat_transicion": 0,
        "slep_sostenedor": "Marga Marga",
        "slep_procedencia": "derivada_comuna"
      },
      "geometry": {
        "type": "Point",
        "coordinates": [
          -71.279152,
          -33.002363
        ]
      }
    },
    {
      "type": "Feature",
      "properties": {
        "id_estab": "5802009",
        "nombre": "APRENDER CON ALEGRÍA",
        "cod_comuna": "5802",
        "comuna": "LIMACHE",
        "origen": 2,
        "tipo_estab": 5,
        "tipo_glosa": "JUNJI Administracion Directa",
        "matricula_total": 67,
        "mat_sala_cuna": 24,
        "mat_medio": 43,
        "mat_transicion": 0,
        "slep_sostenedor": null,
        "slep_procedencia": "sin_dato"
      },
      "geometry": {
        "type": "Point",
        "coordinates": [
          -71.27462,
          -33.00042
        ]
      }
    },
    {
      "type": "Feature",
      "properties": {
        "id_estab": "5802008",
        "nombre": "GIRASOLES DE LIMACHE",
        "cod_comuna": "5802",
        "comuna": "LIMACHE",
        "origen": 2,
        "tipo_estab": 5,
        "tipo_glosa": "JUNJI Administracion Directa",
        "matricula_total": 129,
        "mat_sala_cuna": 52,
        "mat_medio": 77,
        "mat_transicion": 0,
        "slep_sostenedor": null,
        "slep_procedencia": "sin_dato"
      },
      "geometry": {
        "type": "Point",
        "coordinates": [
          -71.258826,
          -33.014512
        ]
      }
    },
    {
      "type": "Feature",
      "properties": {
        "id_estab": "5802007",
        "nombre": "MANITOS ALEGRES",
        "cod_comuna": "5802",
        "comuna": "LIMACHE",
        "origen": 2,
        "tipo_estab": 5,
        "tipo_glosa": "JUNJI Administracion Directa",
        "matricula_total": 50,
        "mat_sala_cuna": 15,
        "mat_medio": 35,
        "mat_transicion": 0,
        "slep_sostenedor": null,
        "slep_procedencia": "sin_dato"
      },
      "geometry": {
        "type": "Point",
        "coordinates": [
          -71.256229,
          -33.013296
        ]
      }
    },
    {
      "type": "Feature",
      "properties": {
        "id_estab": "54004",
        "nombre": "BELÉN",
        "cod_comuna": "5802",
        "comuna": "LIMACHE",
        "origen": 3,
        "tipo_estab": 8,
        "tipo_glosa": "INTEGRA CAD",
        "matricula_total": 35,
        "mat_sala_cuna": 0,
        "mat_medio": 35,
        "mat_transicion": 0,
        "slep_sostenedor": null,
        "slep_procedencia": "sin_dato"
      },
      "geometry": {
        "type": "Point",
        "coordinates": [
          -71.255098,
          -33.019389
        ]
      }
    },
    {
      "type": "Feature",
      "properties": {
        "id_estab": "50703",
        "nombre": "LUCERITO",
        "cod_comuna": "5802",
        "comuna": "LIMACHE",
        "origen": 3,
        "tipo_estab": 7,
        "tipo_glosa": "INTEGRA Administracion Directa",
        "matricula_total": 16,
        "mat_sala_cuna": 0,
        "mat_medio": 16,
        "mat_transicion": 0,
        "slep_sostenedor": null,
        "slep_procedencia": "sin_dato"
      },
      "geometry": {
        "type": "Point",
        "coordinates": [
          -70.578604,
          -32.744311
        ]
      }
    },
    {
      "type": "Feature",
      "properties": {
        "id_estab": "5802002",
        "nombre": "CARITAS RISUEÑAS",
        "cod_comuna": "5802",
        "comuna": "LIMACHE",
        "origen": 2,
        "tipo_estab": 5,
        "tipo_glosa": "JUNJI Administracion Directa",
        "matricula_total": 110,
        "mat_sala_cuna": 36,
        "mat_medio": 74,
        "mat_transicion": 0,
        "slep_sostenedor": null,
        "slep_procedencia": "sin_dato"
      },
      "geometry": {
        "type": "Point",
        "coordinates": [
          -71.269904,
          -32.989454
        ]
      }
    },
    {
      "type": "Feature",
      "properties": {
        "id_estab": "50701",
        "nombre": "GOTITA DE LUNA",
        "cod_comuna": "5802",
        "comuna": "LIMACHE",
        "origen": 3,
        "tipo_estab": 7,
        "tipo_glosa": "INTEGRA Administracion Directa",
        "matricula_total": 73,
        "mat_sala_cuna": 0,
        "mat_medio": 73,
        "mat_transicion": 0,
        "slep_sostenedor": null,
        "slep_procedencia": "sin_dato"
      },
      "geometry": {
        "type": "Point",
        "coordinates": [
          -70.58022,
          -32.798821
        ]
      }
    },
    {
      "type": "Feature",
      "properties": {
        "id_estab": "5802003",
        "nombre": "BERNARDA MORIN",
        "cod_comuna": "5802",
        "comuna": "LIMACHE",
        "origen": 2,
        "tipo_estab": 6,
        "tipo_glosa": "JUNJI VTF",
        "matricula_total": 66,
        "mat_sala_cuna": 20,
        "mat_medio": 46,
        "mat_transicion": 0,
        "slep_sostenedor": null,
        "slep_procedencia": "sin_dato"
      },
      "geometry": {
        "type": "Point",
        "coordinates": [
          -71.272714,
          -32.989276
        ]
      }
    },
    {
      "type": "Feature",
      "properties": {
        "id_estab": "5802006",
        "nombre": "MIS PEQUEÑOS HEROES",
        "cod_comuna": "5802",
        "comuna": "LIMACHE",
        "origen": 2,
        "tipo_estab": 6,
        "tipo_glosa": "JUNJI VTF",
        "matricula_total": 52,
        "mat_sala_cuna": 20,
        "mat_medio": 32,
        "mat_transicion": 0,
        "slep_sostenedor": "Marga Marga",
        "slep_procedencia": "derivada_comuna"
      },
      "geometry": {
        "type": "Point",
        "coordinates": [
          -71.25645,
          -33.017442
        ]
      }
    },
    {
      "type": "Feature",
      "properties": {
        "id_estab": "5802004",
        "nombre": "SUEÑOS DE AMOR",
        "cod_comuna": "5802",
        "comuna": "LIMACHE",
        "origen": 2,
        "tipo_estab": 6,
        "tipo_glosa": "JUNJI VTF",
        "matricula_total": 50,
        "mat_sala_cuna": 20,
        "mat_medio": 30,
        "mat_transicion": 0,
        "slep_sostenedor": "Marga Marga",
        "slep_procedencia": "derivada_comuna"
      },
      "geometry": {
        "type": "Point",
        "coordinates": [
          -71.272202,
          -32.986512
        ]
      }
    },
    {
      "type": "Feature",
      "properties": {
        "id_estab": "5802101",
        "nombre": "CUNCUNITA",
        "cod_comuna": "5802",
        "comuna": "LIMACHE",
        "origen": 2,
        "tipo_estab": 5,
        "tipo_glosa": "JUNJI Administracion Directa",
        "matricula_total": 13,
        "mat_sala_cuna": 0,
        "mat_medio": 13,
        "mat_transicion": 0,
        "slep_sostenedor": null,
        "slep_procedencia": "sin_dato"
      },
      "geometry": {
        "type": "Point",
        "coordinates": [
          -71.365398,
          -32.928743
        ]
      }
    },
    {
      "type": "Feature",
      "properties": {
        "id_estab": "1500",
        "nombre": "COLEGIO PART. IGNACIO CARRERA PINTO",
        "cod_comuna": "5803",
        "comuna": "OLMUÉ",
        "origen": 1,
        "tipo_estab": 2,
        "tipo_glosa": "Escuela Particular Subvencionado",
        "matricula_total": 91,
        "mat_sala_cuna": 0,
        "mat_medio": 0,
        "mat_transicion": 91,
        "slep_sostenedor": null,
        "slep_procedencia": "sin_dato"
      },
      "geometry": {
        "type": "Point",
        "coordinates": [
          -71.184921,
          -32.995338
        ]
      }
    },
    {
      "type": "Feature",
      "properties": {
        "id_estab": "1488",
        "nombre": "ESCUELA MONTEVIDEO",
        "cod_comuna": "5803",
        "comuna": "OLMUÉ",
        "origen": 1,
        "tipo_estab": 1,
        "tipo_glosa": "Escuela Municipal",
        "matricula_total": 43,
        "mat_sala_cuna": 0,
        "mat_medio": 0,
        "mat_transicion": 43,
        "slep_sostenedor": null,
        "slep_procedencia": "sin_dato"
      },
      "geometry": {
        "type": "Point",
        "coordinates": [
          -71.161797,
          -32.991791
        ]
      }
    },
    {
      "type": "Feature",
      "properties": {
        "id_estab": "1491",
        "nombre": "ESCUELA BASICA LO NARVAEZ",
        "cod_comuna": "5803",
        "comuna": "OLMUÉ",
        "origen": 1,
        "tipo_estab": 1,
        "tipo_glosa": "Escuela Municipal",
        "matricula_total": 23,
        "mat_sala_cuna": 0,
        "mat_medio": 0,
        "mat_transicion": 23,
        "slep_sostenedor": null,
        "slep_procedencia": "sin_dato"
      },
      "geometry": {
        "type": "Point",
        "coordinates": [
          -71.171913,
          -33.00528
        ]
      }
    },
    {
      "type": "Feature",
      "properties": {
        "id_estab": "1490",
        "nombre": "ESCUELA BÁSICA QUEBRADA DE ALVARADO",
        "cod_comuna": "5803",
        "comuna": "OLMUÉ",
        "origen": 1,
        "tipo_estab": 1,
        "tipo_glosa": "Escuela Municipal",
        "matricula_total": 28,
        "mat_sala_cuna": 0,
        "mat_medio": 0,
        "mat_transicion": 28,
        "slep_sostenedor": null,
        "slep_procedencia": "sin_dato"
      },
      "geometry": {
        "type": "Point",
        "coordinates": [
          -71.11219,
          -33.05262
        ]
      }
    },
    {
      "type": "Feature",
      "properties": {
        "id_estab": "40015",
        "nombre": "ESCUELA DE LENGUAJE SAN RAFAEL",
        "cod_comuna": "5803",
        "comuna": "OLMUÉ",
        "origen": 1,
        "tipo_estab": 2,
        "tipo_glosa": "Escuela Particular Subvencionado",
        "matricula_total": 87,
        "mat_sala_cuna": 0,
        "mat_medio": 43,
        "mat_transicion": 44,
        "slep_sostenedor": null,
        "slep_procedencia": "sin_dato"
      },
      "geometry": {
        "type": "Point",
        "coordinates": [
          -71.1741,
          -33.012405
        ]
      }
    },
    {
      "type": "Feature",
      "properties": {
        "id_estab": "1496",
        "nombre": "ESCUELA LAS PALMAS DEL NIÑO DIOS",
        "cod_comuna": "5803",
        "comuna": "OLMUÉ",
        "origen": 1,
        "tipo_estab": 1,
        "tipo_glosa": "Escuela Municipal",
        "matricula_total": 18,
        "mat_sala_cuna": 0,
        "mat_medio": 0,
        "mat_transicion": 18,
        "slep_sostenedor": null,
        "slep_procedencia": "sin_dato"
      },
      "geometry": {
        "type": "Point",
        "coordinates": [
          -71.072533,
          -33.02272
        ]
      }
    },
    {
      "type": "Feature",
      "properties": {
        "id_estab": "12314",
        "nombre": "ESCUELA ATENAS",
        "cod_comuna": "5803",
        "comuna": "OLMUÉ",
        "origen": 1,
        "tipo_estab": 1,
        "tipo_glosa": "Escuela Municipal",
        "matricula_total": 26,
        "mat_sala_cuna": 0,
        "mat_medio": 0,
        "mat_transicion": 26,
        "slep_sostenedor": null,
        "slep_procedencia": "sin_dato"
      },
      "geometry": {
        "type": "Point",
        "coordinates": [
          -71.181824,
          -32.995369
        ]
      }
    },
    {
      "type": "Feature",
      "properties": {
        "id_estab": "1493",
        "nombre": "ESCUELA LA DORMIDA",
        "cod_comuna": "5803",
        "comuna": "OLMUÉ",
        "origen": 1,
        "tipo_estab": 1,
        "tipo_glosa": "Escuela Municipal",
        "matricula_total": 11,
        "mat_sala_cuna": 0,
        "mat_medio": 0,
        "mat_transicion": 11,
        "slep_sostenedor": null,
        "slep_procedencia": "sin_dato"
      },
      "geometry": {
        "type": "Point",
        "coordinates": [
          -71.045517,
          -33.05772
        ]
      }
    },
    {
      "type": "Feature",
      "properties": {
        "id_estab": "14209",
        "nombre": "ESCUELA ESPECIAL HELLEN KELLER",
        "cod_comuna": "5803",
        "comuna": "OLMUÉ",
        "origen": 1,
        "tipo_estab": 1,
        "tipo_glosa": "Escuela Municipal",
        "matricula_total": 6,
        "mat_sala_cuna": 0,
        "mat_medio": 0,
        "mat_transicion": 6,
        "slep_sostenedor": null,
        "slep_procedencia": "sin_dato"
      },
      "geometry": {
        "type": "Point",
        "coordinates": [
          -71.17496,
          -33.003372
        ]
      }
    },
    {
      "type": "Feature",
      "properties": {
        "id_estab": "1498",
        "nombre": "ESCUELA LAS BELLOTAS DE LA VEGA",
        "cod_comuna": "5803",
        "comuna": "OLMUÉ",
        "origen": 1,
        "tipo_estab": 1,
        "tipo_glosa": "Escuela Municipal",
        "matricula_total": 17,
        "mat_sala_cuna": 0,
        "mat_medio": 0,
        "mat_transicion": 17,
        "slep_sostenedor": null,
        "slep_procedencia": "sin_dato"
      },
      "geometry": {
        "type": "Point",
        "coordinates": [
          -71.032623,
          -33.041241
        ]
      }
    },
    {
      "type": "Feature",
      "properties": {
        "id_estab": "5803004",
        "nombre": "LOS PATAGÜITOS DE OLMUÉ",
        "cod_comuna": "5803",
        "comuna": "OLMUÉ",
        "origen": 2,
        "tipo_estab": 5,
        "tipo_glosa": "JUNJI Administracion Directa",
        "matricula_total": 59,
        "mat_sala_cuna": 17,
        "mat_medio": 42,
        "mat_transicion": 0,
        "slep_sostenedor": null,
        "slep_procedencia": "sin_dato"
      },
      "geometry": {
        "type": "Point",
        "coordinates": [
          -71.169673,
          -33.000732
        ]
      }
    },
    {
      "type": "Feature",
      "properties": {
        "id_estab": "5803002",
        "nombre": "LAS ACACIAS",
        "cod_comuna": "5803",
        "comuna": "OLMUÉ",
        "origen": 2,
        "tipo_estab": 6,
        "tipo_glosa": "JUNJI VTF",
        "matricula_total": 53,
        "mat_sala_cuna": 20,
        "mat_medio": 33,
        "mat_transicion": 0,
        "slep_sostenedor": "Marga Marga",
        "slep_procedencia": "derivada_comuna"
      },
      "geometry": {
        "type": "Point",
        "coordinates": [
          -71.161901,
          -32.992298
        ]
      }
    },
    {
      "type": "Feature",
      "properties": {
        "id_estab": "5803001",
        "nombre": "BLANCA NIEVES",
        "cod_comuna": "5803",
        "comuna": "OLMUÉ",
        "origen": 2,
        "tipo_estab": 5,
        "tipo_glosa": "JUNJI Administracion Directa",
        "matricula_total": 79,
        "mat_sala_cuna": 22,
        "mat_medio": 57,
        "mat_transicion": 0,
        "slep_sostenedor": null,
        "slep_procedencia": "sin_dato"
      },
      "geometry": {
        "type": "Point",
        "coordinates": [
          -71.171131,
          -33.001744
        ]
      }
    },
    {
      "type": "Feature",
      "properties": {
        "id_estab": "5803003",
        "nombre": "NIDO DE CONDORES",
        "cod_comuna": "5803",
        "comuna": "OLMUÉ",
        "origen": 2,
        "tipo_estab": 6,
        "tipo_glosa": "JUNJI VTF",
        "matricula_total": 52,
        "mat_sala_cuna": 20,
        "mat_medio": 32,
        "mat_transicion": 0,
        "slep_sostenedor": "Marga Marga",
        "slep_procedencia": "derivada_comuna"
      },
      "geometry": {
        "type": "Point",
        "coordinates": [
          -71.112268,
          -33.053129
        ]
      }
    },
    {
      "type": "Feature",
      "properties": {
        "id_estab": "54001",
        "nombre": "SANTA CRUZ LIMACHITO",
        "cod_comuna": "5803",
        "comuna": "OLMUÉ",
        "origen": 3,
        "tipo_estab": 7,
        "tipo_glosa": "INTEGRA Administracion Directa",
        "matricula_total": 23,
        "mat_sala_cuna": 0,
        "mat_medio": 18,
        "mat_transicion": 5,
        "slep_sostenedor": null,
        "slep_procedencia": "sin_dato"
      },
      "geometry": {
        "type": "Point",
        "coordinates": [
          -71.275736,
          -33.002359
        ]
      }
    },
    {
      "type": "Feature",
      "properties": {
        "id_estab": "5803124",
        "nombre": "RETOÑOS DE AMOR",
        "cod_comuna": "5803",
        "comuna": "OLMUÉ",
        "origen": 2,
        "tipo_estab": 5,
        "tipo_glosa": "JUNJI Administracion Directa",
        "matricula_total": 12,
        "mat_sala_cuna": 0,
        "mat_medio": 10,
        "mat_transicion": 2,
        "slep_sostenedor": null,
        "slep_procedencia": "sin_dato"
      },
      "geometry": {
        "type": "Point",
        "coordinates": [
          -71.032762,
          -33.041301
        ]
      }
    },
    {
      "type": "Feature",
      "properties": {
        "id_estab": "14897",
        "nombre": "ESC. ESPECIAL DE LENGUAJE ALBERTO HURTADO",
        "cod_comuna": "5804",
        "comuna": "VILLA ALEMANA",
        "origen": 1,
        "tipo_estab": 2,
        "tipo_glosa": "Escuela Particular Subvencionado",
        "matricula_total": 101,
        "mat_sala_cuna": 0,
        "mat_medio": 44,
        "mat_transicion": 57,
        "slep_sostenedor": null,
        "slep_procedencia": "sin_dato"
      },
      "geometry": {
        "type": "Point",
        "coordinates": [
          -71.35309,
          -33.0453
        ]
      }
    },
    {
      "type": "Feature",
      "properties": {
        "id_estab": "14363",
        "nombre": "COLEGIO HISPANO",
        "cod_comuna": "5804",
        "comuna": "VILLA ALEMANA",
        "origen": 1,
        "tipo_estab": 2,
        "tipo_glosa": "Escuela Particular Subvencionado",
        "matricula_total": 237,
        "mat_sala_cuna": 0,
        "mat_medio": 31,
        "mat_transicion": 206,
        "slep_sostenedor": null,
        "slep_procedencia": "sin_dato"
      },
      "geometry": {
        "type": "Point",
        "coordinates": [
          -71.368668,
          -33.043304
        ]
      }
    },
    {
      "type": "Feature",
      "properties": {
        "id_estab": "14824",
        "nombre": "COLEGIO EVEREST CENTRAL",
        "cod_comuna": "5804",
        "comuna": "VILLA ALEMANA",
        "origen": 1,
        "tipo_estab": 2,
        "tipo_glosa": "Escuela Particular Subvencionado",
        "matricula_total": 87,
        "mat_sala_cuna": 0,
        "mat_medio": 30,
        "mat_transicion": 57,
        "slep_sostenedor": null,
        "slep_procedencia": "sin_dato"
      },
      "geometry": {
        "type": "Point",
        "coordinates": [
          -71.392708,
          -33.059639
        ]
      }
    },
    {
      "type": "Feature",
      "properties": {
        "id_estab": "40251",
        "nombre": "LICEO SAN JUAN XXIII",
        "cod_comuna": "5804",
        "comuna": "VILLA ALEMANA",
        "origen": 1,
        "tipo_estab": 2,
        "tipo_glosa": "Escuela Particular Subvencionado",
        "matricula_total": 107,
        "mat_sala_cuna": 0,
        "mat_medio": 0,
        "mat_transicion": 107,
        "slep_sostenedor": null,
        "slep_procedencia": "sin_dato"
      },
      "geometry": {
        "type": "Point",
        "coordinates": [
          -71.395958,
          -33.046219
        ]
      }
    },
    {
      "type": "Feature",
      "properties": {
        "id_estab": "31453",
        "nombre": "CENTRO DE DIAGNOSTICO Y TRATAMIENTO COMUNICAME",
        "cod_comuna": "5804",
        "comuna": "VILLA ALEMANA",
        "origen": 1,
        "tipo_estab": 2,
        "tipo_glosa": "Escuela Particular Subvencionado",
        "matricula_total": 38,
        "mat_sala_cuna": 0,
        "mat_medio": 14,
        "mat_transicion": 24,
        "slep_sostenedor": null,
        "slep_procedencia": "sin_dato"
      },
      "geometry": {
        "type": "Point",
        "coordinates": [
          -71.36168,
          -33.050503
        ]
      }
    },
    {
      "type": "Feature",
      "properties": {
        "id_estab": "1972",
        "nombre": "ESCUELA DE EDUC. DIFERENCIAL NUEVO AMANECER",
        "cod_comuna": "5804",
        "comuna": "VILLA ALEMANA",
        "origen": 1,
        "tipo_estab": 1,
        "tipo_glosa": "Escuela Municipal",
        "matricula_total": 6,
        "mat_sala_cuna": 0,
        "mat_medio": 0,
        "mat_transicion": 6,
        "slep_sostenedor": null,
        "slep_procedencia": "sin_dato"
      },
      "geometry": {
        "type": "Point",
        "coordinates": [
          -71.372925,
          -33.041515
        ]
      }
    },
    {
      "type": "Feature",
      "properties": {
        "id_estab": "14375",
        "nombre": "COLEGIO DIVINA MAESTRA",
        "cod_comuna": "5804",
        "comuna": "VILLA ALEMANA",
        "origen": 1,
        "tipo_estab": 2,
        "tipo_glosa": "Escuela Particular Subvencionado",
        "matricula_total": 38,
        "mat_sala_cuna": 0,
        "mat_medio": 0,
        "mat_transicion": 38,
        "slep_sostenedor": null,
        "slep_procedencia": "sin_dato"
      },
      "geometry": {
        "type": "Point",
        "coordinates": [
          -71.393539,
          -33.053791
        ]
      }
    },
    {
      "type": "Feature",
      "properties": {
        "id_estab": "14847",
        "nombre": "JARDIN INFANTIL PIECECITOS DE NIÑOS",
        "cod_comuna": "5804",
        "comuna": "VILLA ALEMANA",
        "origen": 1,
        "tipo_estab": 2,
        "tipo_glosa": "Escuela Particular Subvencionado",
        "matricula_total": 42,
        "mat_sala_cuna": 0,
        "mat_medio": 0,
        "mat_transicion": 42,
        "slep_sostenedor": null,
        "slep_procedencia": "sin_dato"
      },
      "geometry": {
        "type": "Point",
        "coordinates": [
          -71.39822,
          -33.060226
        ]
      }
    },
    {
      "type": "Feature",
      "properties": {
        "id_estab": "40382",
        "nombre": "ESCUELA ESPECIAL DE LENGUAJE ARTELIN",
        "cod_comuna": "5804",
        "comuna": "VILLA ALEMANA",
        "origen": 1,
        "tipo_estab": 2,
        "tipo_glosa": "Escuela Particular Subvencionado",
        "matricula_total": 78,
        "mat_sala_cuna": 0,
        "mat_medio": 25,
        "mat_transicion": 53,
        "slep_sostenedor": null,
        "slep_procedencia": "sin_dato"
      },
      "geometry": {
        "type": "Point",
        "coordinates": [
          -71.36435,
          -33.061943
        ]
      }
    },
    {
      "type": "Feature",
      "properties": {
        "id_estab": "1965",
        "nombre": "COLEGIO ITALO COMPOSTO SCARPATI",
        "cod_comuna": "5804",
        "comuna": "VILLA ALEMANA",
        "origen": 1,
        "tipo_estab": 1,
        "tipo_glosa": "Escuela Municipal",
        "matricula_total": 19,
        "mat_sala_cuna": 0,
        "mat_medio": 0,
        "mat_transicion": 19,
        "slep_sostenedor": null,
        "slep_procedencia": "sin_dato"
      },
      "geometry": {
        "type": "Point",
        "coordinates": [
          -71.369293,
          -33.05983
        ]
      }
    },
    {
      "type": "Feature",
      "properties": {
        "id_estab": "16984",
        "nombre": "ESCUELA ESPECIAL DE LENGUAJE PIMPINO",
        "cod_comuna": "5804",
        "comuna": "VILLA ALEMANA",
        "origen": 1,
        "tipo_estab": 2,
        "tipo_glosa": "Escuela Particular Subvencionado",
        "matricula_total": 66,
        "mat_sala_cuna": 0,
        "mat_medio": 27,
        "mat_transicion": 39,
        "slep_sostenedor": null,
        "slep_procedencia": "sin_dato"
      },
      "geometry": {
        "type": "Point",
        "coordinates": [
          -71.39246,
          -33.06019
        ]
      }
    },
    {
      "type": "Feature",
      "properties": {
        "id_estab": "14674",
        "nombre": "COLEGIO NUEVO MILENIO",
        "cod_comuna": "5804",
        "comuna": "VILLA ALEMANA",
        "origen": 1,
        "tipo_estab": 2,
        "tipo_glosa": "Escuela Particular Subvencionado",
        "matricula_total": 73,
        "mat_sala_cuna": 0,
        "mat_medio": 0,
        "mat_transicion": 73,
        "slep_sostenedor": null,
        "slep_procedencia": "sin_dato"
      },
      "geometry": {
        "type": "Point",
        "coordinates": [
          -71.390388,
          -33.04755
        ]
      }
    },
    {
      "type": "Feature",
      "properties": {
        "id_estab": "14211",
        "nombre": "AMERICAN COLLEGE",
        "cod_comuna": "5804",
        "comuna": "VILLA ALEMANA",
        "origen": 1,
        "tipo_estab": 2,
        "tipo_glosa": "Escuela Particular Subvencionado",
        "matricula_total": 42,
        "mat_sala_cuna": 0,
        "mat_medio": 0,
        "mat_transicion": 42,
        "slep_sostenedor": null,
        "slep_procedencia": "sin_dato"
      },
      "geometry": {
        "type": "Point",
        "coordinates": [
          -71.38549,
          -33.045471
        ]
      }
    },
    {
      "type": "Feature",
      "properties": {
        "id_estab": "16798",
        "nombre": "COLEGIO NEW BUCKINGHAM",
        "cod_comuna": "5804",
        "comuna": "VILLA ALEMANA",
        "origen": 1,
        "tipo_estab": 2,
        "tipo_glosa": "Escuela Particular Subvencionado",
        "matricula_total": 30,
        "mat_sala_cuna": 0,
        "mat_medio": 0,
        "mat_transicion": 30,
        "slep_sostenedor": null,
        "slep_procedencia": "sin_dato"
      },
      "geometry": {
        "type": "Point",
        "coordinates": [
          -71.377983,
          -33.04665
        ]
      }
    },
    {
      "type": "Feature",
      "properties": {
        "id_estab": "1977",
        "nombre": "COLEGIO NACIONAL",
        "cod_comuna": "5804",
        "comuna": "VILLA ALEMANA",
        "origen": 1,
        "tipo_estab": 2,
        "tipo_glosa": "Escuela Particular Subvencionado",
        "matricula_total": 81,
        "mat_sala_cuna": 0,
        "mat_medio": 0,
        "mat_transicion": 81,
        "slep_sostenedor": null,
        "slep_procedencia": "sin_dato"
      },
      "geometry": {
        "type": "Point",
        "coordinates": [
          -71.38047,
          -33.045071
        ]
      }
    },
    {
      "type": "Feature",
      "properties": {
        "id_estab": "14887",
        "nombre": "ESCUELA ESPECIAL SOL Y LUNA",
        "cod_comuna": "5804",
        "comuna": "VILLA ALEMANA",
        "origen": 1,
        "tipo_estab": 2,
        "tipo_glosa": "Escuela Particular Subvencionado",
        "matricula_total": 5,
        "mat_sala_cuna": 0,
        "mat_medio": 0,
        "mat_transicion": 5,
        "slep_sostenedor": null,
        "slep_procedencia": "sin_dato"
      },
      "geometry": {
        "type": "Point",
        "coordinates": [
          -71.35767,
          -33.045113
        ]
      }
    },
    {
      "type": "Feature",
      "properties": {
        "id_estab": "1966",
        "nombre": "ESCUELA BASICA CATALUNYA",
        "cod_comuna": "5804",
        "comuna": "VILLA ALEMANA",
        "origen": 1,
        "tipo_estab": 1,
        "tipo_glosa": "Escuela Municipal",
        "matricula_total": 24,
        "mat_sala_cuna": 0,
        "mat_medio": 0,
        "mat_transicion": 24,
        "slep_sostenedor": null,
        "slep_procedencia": "sin_dato"
      },
      "geometry": {
        "type": "Point",
        "coordinates": [
          -71.355949,
          -33.04208
        ]
      }
    },
    {
      "type": "Feature",
      "properties": {
        "id_estab": "14912",
        "nombre": "COLEGIO SAN ANTONIO DE VILLA ALEMANA",
        "cod_comuna": "5804",
        "comuna": "VILLA ALEMANA",
        "origen": 1,
        "tipo_estab": 2,
        "tipo_glosa": "Escuela Particular Subvencionado",
        "matricula_total": 139,
        "mat_sala_cuna": 0,
        "mat_medio": 0,
        "mat_transicion": 139,
        "slep_sostenedor": null,
        "slep_procedencia": "sin_dato"
      },
      "geometry": {
        "type": "Point",
        "coordinates": [
          -71.37748,
          -33.03746
        ]
      }
    },
    {
      "type": "Feature",
      "properties": {
        "id_estab": "40299",
        "nombre": "COLEGIO ROBLES",
        "cod_comuna": "5804",
        "comuna": "VILLA ALEMANA",
        "origen": 1,
        "tipo_estab": 2,
        "tipo_glosa": "Escuela Particular Subvencionado",
        "matricula_total": 54,
        "mat_sala_cuna": 0,
        "mat_medio": 0,
        "mat_transicion": 54,
        "slep_sostenedor": null,
        "slep_procedencia": "sin_dato"
      },
      "geometry": {
        "type": "Point",
        "coordinates": [
          -71.362663,
          -33.043819
        ]
      }
    },
    {
      "type": "Feature",
      "properties": {
        "id_estab": "14639",
        "nombre": "COLEGIO GHERARDELLI",
        "cod_comuna": "5804",
        "comuna": "VILLA ALEMANA",
        "origen": 1,
        "tipo_estab": 2,
        "tipo_glosa": "Escuela Particular Subvencionado",
        "matricula_total": 20,
        "mat_sala_cuna": 0,
        "mat_medio": 0,
        "mat_transicion": 20,
        "slep_sostenedor": null,
        "slep_procedencia": "sin_dato"
      },
      "geometry": {
        "type": "Point",
        "coordinates": [
          -71.369766,
          -33.047729
        ]
      }
    },
    {
      "type": "Feature",
      "properties": {
        "id_estab": "14833",
        "nombre": "ESC. ESPEC.DE LENGUAJE PRINCIPITO",
        "cod_comuna": "5804",
        "comuna": "VILLA ALEMANA",
        "origen": 1,
        "tipo_estab": 2,
        "tipo_glosa": "Escuela Particular Subvencionado",
        "matricula_total": 140,
        "mat_sala_cuna": 0,
        "mat_medio": 45,
        "mat_transicion": 95,
        "slep_sostenedor": null,
        "slep_procedencia": "sin_dato"
      },
      "geometry": {
        "type": "Point",
        "coordinates": [
          -71.37786,
          -33.05777
        ]
      }
    },
    {
      "type": "Feature",
      "properties": {
        "id_estab": "40412",
        "nombre": "ESC. ESP. DE LENGUAJE PEQUEÑO PARLANCHIN",
        "cod_comuna": "5804",
        "comuna": "VILLA ALEMANA",
        "origen": 1,
        "tipo_estab": 2,
        "tipo_glosa": "Escuela Particular Subvencionado",
        "matricula_total": 66,
        "mat_sala_cuna": 0,
        "mat_medio": 21,
        "mat_transicion": 45,
        "slep_sostenedor": null,
        "slep_procedencia": "sin_dato"
      },
      "geometry": {
        "type": "Point",
        "coordinates": [
          -71.370931,
          -33.06548
        ]
      }
    },
    {
      "type": "Feature",
      "properties": {
        "id_estab": "31412",
        "nombre": "ESCUELA ESPECIAL DE LENGUAJE LAS AMÉRICAS",
        "cod_comuna": "5804",
        "comuna": "VILLA ALEMANA",
        "origen": 1,
        "tipo_estab": 2,
        "tipo_glosa": "Escuela Particular Subvencionado",
        "matricula_total": 134,
        "mat_sala_cuna": 0,
        "mat_medio": 45,
        "mat_transicion": 89,
        "slep_sostenedor": null,
        "slep_procedencia": "sin_dato"
      },
      "geometry": {
        "type": "Point",
        "coordinates": [
          -71.392813,
          -33.033462
        ]
      }
    },
    {
      "type": "Feature",
      "properties": {
        "id_estab": "1975",
        "nombre": "ESCUELA JUAN BAUTISTA ALBERDI",
        "cod_comuna": "5804",
        "comuna": "VILLA ALEMANA",
        "origen": 1,
        "tipo_estab": 1,
        "tipo_glosa": "Escuela Municipal",
        "matricula_total": 15,
        "mat_sala_cuna": 0,
        "mat_medio": 0,
        "mat_transicion": 15,
        "slep_sostenedor": null,
        "slep_procedencia": "sin_dato"
      },
      "geometry": {
        "type": "Point",
        "coordinates": [
          -71.393303,
          -33.060169
        ]
      }
    },
    {
      "type": "Feature",
      "properties": {
        "id_estab": "1980",
        "nombre": "COLEGIO PARTICULAR JEAN PIAGET",
        "cod_comuna": "5804",
        "comuna": "VILLA ALEMANA",
        "origen": 1,
        "tipo_estab": 2,
        "tipo_glosa": "Escuela Particular Subvencionado",
        "matricula_total": 20,
        "mat_sala_cuna": 0,
        "mat_medio": 0,
        "mat_transicion": 20,
        "slep_sostenedor": null,
        "slep_procedencia": "sin_dato"
      },
      "geometry": {
        "type": "Point",
        "coordinates": [
          -71.355164,
          -33.04269
        ]
      }
    },
    {
      "type": "Feature",
      "properties": {
        "id_estab": "1967",
        "nombre": "LICEO BICENTENARIO TÉCNICO PROFESIONAL MARY GRAHAM",
        "cod_comuna": "5804",
        "comuna": "VILLA ALEMANA",
        "origen": 1,
        "tipo_estab": 1,
        "tipo_glosa": "Escuela Municipal",
        "matricula_total": 92,
        "mat_sala_cuna": 0,
        "mat_medio": 0,
        "mat_transicion": 92,
        "slep_sostenedor": null,
        "slep_procedencia": "sin_dato"
      },
      "geometry": {
        "type": "Point",
        "coordinates": [
          -71.374298,
          -33.049641
        ]
      }
    },
    {
      "type": "Feature",
      "properties": {
        "id_estab": "14803",
        "nombre": "ESC. ESP. DE LENGUAJE Y PARVULOS SONRISAS",
        "cod_comuna": "5804",
        "comuna": "VILLA ALEMANA",
        "origen": 1,
        "tipo_estab": 2,
        "tipo_glosa": "Escuela Particular Subvencionado",
        "matricula_total": 33,
        "mat_sala_cuna": 0,
        "mat_medio": 14,
        "mat_transicion": 19,
        "slep_sostenedor": null,
        "slep_procedencia": "sin_dato"
      },
      "geometry": {
        "type": "Point",
        "coordinates": [
          -71.38532,
          -33.05802
        ]
      }
    },
    {
      "type": "Feature",
      "properties": {
        "id_estab": "1971",
        "nombre": "ESCUELA MANUEL MONTT",
        "cod_comuna": "5804",
        "comuna": "VILLA ALEMANA",
        "origen": 1,
        "tipo_estab": 1,
        "tipo_glosa": "Escuela Municipal",
        "matricula_total": 23,
        "mat_sala_cuna": 0,
        "mat_medio": 0,
        "mat_transicion": 23,
        "slep_sostenedor": null,
        "slep_procedencia": "sin_dato"
      },
      "geometry": {
        "type": "Point",
        "coordinates": [
          -71.35334,
          -33.045979
        ]
      }
    },
    {
      "type": "Feature",
      "properties": {
        "id_estab": "11209",
        "nombre": "COLEGIO GALILEO GALILEI",
        "cod_comuna": "5804",
        "comuna": "VILLA ALEMANA",
        "origen": 1,
        "tipo_estab": 2,
        "tipo_glosa": "Escuela Particular Subvencionado",
        "matricula_total": 5,
        "mat_sala_cuna": 0,
        "mat_medio": 0,
        "mat_transicion": 5,
        "slep_sostenedor": null,
        "slep_procedencia": "sin_dato"
      },
      "geometry": {
        "type": "Point",
        "coordinates": [
          -71.374001,
          -33.054501
        ]
      }
    },
    {
      "type": "Feature",
      "properties": {
        "id_estab": "40192",
        "nombre": "ESCUELA ESPECIAL DE LENGUAJE PLAYLAND",
        "cod_comuna": "5804",
        "comuna": "VILLA ALEMANA",
        "origen": 1,
        "tipo_estab": 2,
        "tipo_glosa": "Escuela Particular Subvencionado",
        "matricula_total": 94,
        "mat_sala_cuna": 0,
        "mat_medio": 43,
        "mat_transicion": 51,
        "slep_sostenedor": null,
        "slep_procedencia": "sin_dato"
      },
      "geometry": {
        "type": "Point",
        "coordinates": [
          -71.3617,
          -33.05777
        ]
      }
    },
    {
      "type": "Feature",
      "properties": {
        "id_estab": "14658",
        "nombre": "CTRO.ESTIMULAC.DEL LENGUAJE ANTIYAL",
        "cod_comuna": "5804",
        "comuna": "VILLA ALEMANA",
        "origen": 1,
        "tipo_estab": 2,
        "tipo_glosa": "Escuela Particular Subvencionado",
        "matricula_total": 64,
        "mat_sala_cuna": 0,
        "mat_medio": 23,
        "mat_transicion": 41,
        "slep_sostenedor": null,
        "slep_procedencia": "sin_dato"
      },
      "geometry": {
        "type": "Point",
        "coordinates": [
          -71.37122,
          -33.04574
        ]
      }
    },
    {
      "type": "Feature",
      "properties": {
        "id_estab": "14636",
        "nombre": "COLEGIO DE LENGUAJE EVERITO",
        "cod_comuna": "5804",
        "comuna": "VILLA ALEMANA",
        "origen": 1,
        "tipo_estab": 2,
        "tipo_glosa": "Escuela Particular Subvencionado",
        "matricula_total": 113,
        "mat_sala_cuna": 0,
        "mat_medio": 59,
        "mat_transicion": 54,
        "slep_sostenedor": null,
        "slep_procedencia": "sin_dato"
      },
      "geometry": {
        "type": "Point",
        "coordinates": [
          -71.36886,
          -33.045128
        ]
      }
    },
    {
      "type": "Feature",
      "properties": {
        "id_estab": "14313",
        "nombre": "COLEGIO NUEVA ESPERANZA",
        "cod_comuna": "5804",
        "comuna": "VILLA ALEMANA",
        "origen": 1,
        "tipo_estab": 2,
        "tipo_glosa": "Escuela Particular Subvencionado",
        "matricula_total": 63,
        "mat_sala_cuna": 0,
        "mat_medio": 0,
        "mat_transicion": 63,
        "slep_sostenedor": null,
        "slep_procedencia": "sin_dato"
      },
      "geometry": {
        "type": "Point",
        "coordinates": [
          -71.392632,
          -33.058701
        ]
      }
    },
    {
      "type": "Feature",
      "properties": {
        "id_estab": "1959",
        "nombre": "WINDMILL COLLEGE",
        "cod_comuna": "5804",
        "comuna": "VILLA ALEMANA",
        "origen": 1,
        "tipo_estab": 1,
        "tipo_glosa": "Escuela Municipal",
        "matricula_total": 15,
        "mat_sala_cuna": 0,
        "mat_medio": 0,
        "mat_transicion": 15,
        "slep_sostenedor": null,
        "slep_procedencia": "sin_dato"
      },
      "geometry": {
        "type": "Point",
        "coordinates": [
          -71.382729,
          -33.03854
        ]
      }
    },
    {
      "type": "Feature",
      "properties": {
        "id_estab": "40035",
        "nombre": "ESCUELA ESPECIAL ACUARELA",
        "cod_comuna": "5804",
        "comuna": "VILLA ALEMANA",
        "origen": 1,
        "tipo_estab": 2,
        "tipo_glosa": "Escuela Particular Subvencionado",
        "matricula_total": 39,
        "mat_sala_cuna": 0,
        "mat_medio": 0,
        "mat_transicion": 39,
        "slep_sostenedor": null,
        "slep_procedencia": "sin_dato"
      },
      "geometry": {
        "type": "Point",
        "coordinates": [
          -71.37529,
          -33.05577
        ]
      }
    },
    {
      "type": "Feature",
      "properties": {
        "id_estab": "14952",
        "nombre": "COLEGIO ALTOMONTE",
        "cod_comuna": "5804",
        "comuna": "VILLA ALEMANA",
        "origen": 1,
        "tipo_estab": 3,
        "tipo_glosa": "Escuela Particular Pagado",
        "matricula_total": 65,
        "mat_sala_cuna": 0,
        "mat_medio": 0,
        "mat_transicion": 65,
        "slep_sostenedor": null,
        "slep_procedencia": "sin_dato"
      },
      "geometry": {
        "type": "Point",
        "coordinates": [
          -71.33093,
          -33.0619
        ]
      }
    },
    {
      "type": "Feature",
      "properties": {
        "id_estab": "14681",
        "nombre": "ESCUELA DE PARVULOS PEQUEGENIOS",
        "cod_comuna": "5804",
        "comuna": "VILLA ALEMANA",
        "origen": 1,
        "tipo_estab": 2,
        "tipo_glosa": "Escuela Particular Subvencionado",
        "matricula_total": 55,
        "mat_sala_cuna": 0,
        "mat_medio": 0,
        "mat_transicion": 55,
        "slep_sostenedor": null,
        "slep_procedencia": "sin_dato"
      },
      "geometry": {
        "type": "Point",
        "coordinates": [
          -71.35217,
          -33.0428
        ]
      }
    },
    {
      "type": "Feature",
      "properties": {
        "id_estab": "1976",
        "nombre": "ESCUELA EL PATAGUAL",
        "cod_comuna": "5804",
        "comuna": "VILLA ALEMANA",
        "origen": 1,
        "tipo_estab": 1,
        "tipo_glosa": "Escuela Municipal",
        "matricula_total": 17,
        "mat_sala_cuna": 0,
        "mat_medio": 0,
        "mat_transicion": 17,
        "slep_sostenedor": null,
        "slep_procedencia": "sin_dato"
      },
      "geometry": {
        "type": "Point",
        "coordinates": [
          -71.314842,
          -33.037151
        ]
      }
    },
    {
      "type": "Feature",
      "properties": {
        "id_estab": "14870",
        "nombre": "COLEGIO ENTRE VALLES",
        "cod_comuna": "5804",
        "comuna": "VILLA ALEMANA",
        "origen": 1,
        "tipo_estab": 2,
        "tipo_glosa": "Escuela Particular Subvencionado",
        "matricula_total": 30,
        "mat_sala_cuna": 0,
        "mat_medio": 0,
        "mat_transicion": 30,
        "slep_sostenedor": null,
        "slep_procedencia": "sin_dato"
      },
      "geometry": {
        "type": "Point",
        "coordinates": [
          -71.37706,
          -33.032841
        ]
      }
    },
    {
      "type": "Feature",
      "properties": {
        "id_estab": "14580",
        "nombre": "COLEGIO BOSTON",
        "cod_comuna": "5804",
        "comuna": "VILLA ALEMANA",
        "origen": 1,
        "tipo_estab": 2,
        "tipo_glosa": "Escuela Particular Subvencionado",
        "matricula_total": 33,
        "mat_sala_cuna": 0,
        "mat_medio": 0,
        "mat_transicion": 33,
        "slep_sostenedor": null,
        "slep_procedencia": "sin_dato"
      },
      "geometry": {
        "type": "Point",
        "coordinates": [
          -71.367081,
          -33.047031
        ]
      }
    },
    {
      "type": "Feature",
      "properties": {
        "id_estab": "40430",
        "nombre": "JARDIN INFANTIL ALEXANDER FLEMING",
        "cod_comuna": "5804",
        "comuna": "VILLA ALEMANA",
        "origen": 1,
        "tipo_estab": 2,
        "tipo_glosa": "Escuela Particular Subvencionado",
        "matricula_total": 48,
        "mat_sala_cuna": 0,
        "mat_medio": 0,
        "mat_transicion": 48,
        "slep_sostenedor": null,
        "slep_procedencia": "sin_dato"
      },
      "geometry": {
        "type": "Point",
        "coordinates": [
          -71.36671,
          -33.04244
        ]
      }
    },
    {
      "type": "Feature",
      "properties": {
        "id_estab": "11176",
        "nombre": "COLEGIO CHAMPAGNAT",
        "cod_comuna": "5804",
        "comuna": "VILLA ALEMANA",
        "origen": 1,
        "tipo_estab": 3,
        "tipo_glosa": "Escuela Particular Pagado",
        "matricula_total": 99,
        "mat_sala_cuna": 0,
        "mat_medio": 0,
        "mat_transicion": 99,
        "slep_sostenedor": null,
        "slep_procedencia": "sin_dato"
      },
      "geometry": {
        "type": "Point",
        "coordinates": [
          -71.36466,
          -33.047203
        ]
      }
    },
    {
      "type": "Feature",
      "properties": {
        "id_estab": "1989",
        "nombre": "INTERNADO ALEMAN",
        "cod_comuna": "5804",
        "comuna": "VILLA ALEMANA",
        "origen": 1,
        "tipo_estab": 3,
        "tipo_glosa": "Escuela Particular Pagado",
        "matricula_total": 80,
        "mat_sala_cuna": 0,
        "mat_medio": 18,
        "mat_transicion": 62,
        "slep_sostenedor": null,
        "slep_procedencia": "sin_dato"
      },
      "geometry": {
        "type": "Point",
        "coordinates": [
          -71.37708,
          -33.049408
        ]
      }
    },
    {
      "type": "Feature",
      "properties": {
        "id_estab": "1961",
        "nombre": "ESCUELA LATINA INES GALLARDO ORELLANA",
        "cod_comuna": "5804",
        "comuna": "VILLA ALEMANA",
        "origen": 1,
        "tipo_estab": 1,
        "tipo_glosa": "Escuela Municipal",
        "matricula_total": 20,
        "mat_sala_cuna": 0,
        "mat_medio": 0,
        "mat_transicion": 20,
        "slep_sostenedor": null,
        "slep_procedencia": "sin_dato"
      },
      "geometry": {
        "type": "Point",
        "coordinates": [
          -71.368187,
          -33.046131
        ]
      }
    },
    {
      "type": "Feature",
      "properties": {
        "id_estab": "14778",
        "nombre": "COLEGIO SAN NICOLAS",
        "cod_comuna": "5804",
        "comuna": "VILLA ALEMANA",
        "origen": 1,
        "tipo_estab": 2,
        "tipo_glosa": "Escuela Particular Subvencionado",
        "matricula_total": 32,
        "mat_sala_cuna": 0,
        "mat_medio": 0,
        "mat_transicion": 32,
        "slep_sostenedor": null,
        "slep_procedencia": "sin_dato"
      },
      "geometry": {
        "type": "Point",
        "coordinates": [
          -71.375969,
          -33.063301
        ]
      }
    },
    {
      "type": "Feature",
      "properties": {
        "id_estab": "14637",
        "nombre": "COLEGIO HYATT",
        "cod_comuna": "5804",
        "comuna": "VILLA ALEMANA",
        "origen": 1,
        "tipo_estab": 2,
        "tipo_glosa": "Escuela Particular Subvencionado",
        "matricula_total": 13,
        "mat_sala_cuna": 0,
        "mat_medio": 0,
        "mat_transicion": 13,
        "slep_sostenedor": null,
        "slep_procedencia": "sin_dato"
      },
      "geometry": {
        "type": "Point",
        "coordinates": [
          -71.385262,
          -33.044788
        ]
      }
    },
    {
      "type": "Feature",
      "properties": {
        "id_estab": "40278",
        "nombre": "SCUOLA ITALIANA VILLA ALEMANA",
        "cod_comuna": "5804",
        "comuna": "VILLA ALEMANA",
        "origen": 1,
        "tipo_estab": 3,
        "tipo_glosa": "Escuela Particular Pagado",
        "matricula_total": 31,
        "mat_sala_cuna": 0,
        "mat_medio": 4,
        "mat_transicion": 27,
        "slep_sostenedor": null,
        "slep_procedencia": "sin_dato"
      },
      "geometry": {
        "type": "Point",
        "coordinates": [
          -71.39429,
          -33.064285
        ]
      }
    },
    {
      "type": "Feature",
      "properties": {
        "id_estab": "41661",
        "nombre": "JARDÍN INFANTIL Y SALA CUNA PERSONITAS",
        "cod_comuna": "5804",
        "comuna": "VILLA ALEMANA",
        "origen": 1,
        "tipo_estab": 3,
        "tipo_glosa": "Escuela Particular Pagado",
        "matricula_total": 55,
        "mat_sala_cuna": 0,
        "mat_medio": 41,
        "mat_transicion": 14,
        "slep_sostenedor": null,
        "slep_procedencia": "sin_dato"
      },
      "geometry": {
        "type": "Point",
        "coordinates": [
          -71.366572,
          -33.044761
        ]
      }
    },
    {
      "type": "Feature",
      "properties": {
        "id_estab": "14719",
        "nombre": "MATURANA SCHOOL",
        "cod_comuna": "5804",
        "comuna": "VILLA ALEMANA",
        "origen": 1,
        "tipo_estab": 2,
        "tipo_glosa": "Escuela Particular Subvencionado",
        "matricula_total": 14,
        "mat_sala_cuna": 0,
        "mat_medio": 0,
        "mat_transicion": 14,
        "slep_sostenedor": null,
        "slep_procedencia": "sin_dato"
      },
      "geometry": {
        "type": "Point",
        "coordinates": [
          -71.374428,
          -33.048618
        ]
      }
    },
    {
      "type": "Feature",
      "properties": {
        "id_estab": "1987",
        "nombre": "COLEGIO NUEVO CHILENO BRITANICO",
        "cod_comuna": "5804",
        "comuna": "VILLA ALEMANA",
        "origen": 1,
        "tipo_estab": 2,
        "tipo_glosa": "Escuela Particular Subvencionado",
        "matricula_total": 5,
        "mat_sala_cuna": 0,
        "mat_medio": 0,
        "mat_transicion": 5,
        "slep_sostenedor": null,
        "slep_procedencia": "sin_dato"
      },
      "geometry": {
        "type": "Point",
        "coordinates": [
          -71.374413,
          -33.047161
        ]
      }
    },
    {
      "type": "Feature",
      "properties": {
        "id_estab": "14802",
        "nombre": "ESCUELA DE LENGUAJE ARCOIRIS",
        "cod_comuna": "5804",
        "comuna": "VILLA ALEMANA",
        "origen": 1,
        "tipo_estab": 2,
        "tipo_glosa": "Escuela Particular Subvencionado",
        "matricula_total": 66,
        "mat_sala_cuna": 0,
        "mat_medio": 30,
        "mat_transicion": 36,
        "slep_sostenedor": null,
        "slep_procedencia": "sin_dato"
      },
      "geometry": {
        "type": "Point",
        "coordinates": [
          -71.39417,
          -33.049095
        ]
      }
    },
    {
      "type": "Feature",
      "properties": {
        "id_estab": "1970",
        "nombre": "ESCUELA DIEGO PORTALES",
        "cod_comuna": "5804",
        "comuna": "VILLA ALEMANA",
        "origen": 1,
        "tipo_estab": 1,
        "tipo_glosa": "Escuela Municipal",
        "matricula_total": 26,
        "mat_sala_cuna": 0,
        "mat_medio": 0,
        "mat_transicion": 26,
        "slep_sostenedor": null,
        "slep_procedencia": "sin_dato"
      },
      "geometry": {
        "type": "Point",
        "coordinates": [
          -71.362427,
          -33.066391
        ]
      }
    },
    {
      "type": "Feature",
      "properties": {
        "id_estab": "14622",
        "nombre": "COLEGIO SAN AGUSTIN",
        "cod_comuna": "5804",
        "comuna": "VILLA ALEMANA",
        "origen": 1,
        "tipo_estab": 2,
        "tipo_glosa": "Escuela Particular Subvencionado",
        "matricula_total": 40,
        "mat_sala_cuna": 0,
        "mat_medio": 0,
        "mat_transicion": 40,
        "slep_sostenedor": null,
        "slep_procedencia": "sin_dato"
      },
      "geometry": {
        "type": "Point",
        "coordinates": [
          -71.373367,
          -33.041168
        ]
      }
    },
    {
      "type": "Feature",
      "properties": {
        "id_estab": "1963",
        "nombre": "ESCUELA BASICA DIEGO BARROS ARANA",
        "cod_comuna": "5804",
        "comuna": "VILLA ALEMANA",
        "origen": 1,
        "tipo_estab": 1,
        "tipo_glosa": "Escuela Municipal",
        "matricula_total": 16,
        "mat_sala_cuna": 0,
        "mat_medio": 0,
        "mat_transicion": 16,
        "slep_sostenedor": null,
        "slep_procedencia": "sin_dato"
      },
      "geometry": {
        "type": "Point",
        "coordinates": [
          -71.397827,
          -33.039131
        ]
      }
    },
    {
      "type": "Feature",
      "properties": {
        "id_estab": "40243",
        "nombre": "ESCUELA ESPECIAL DE LENGUAJE LA TRINIDAD",
        "cod_comuna": "5804",
        "comuna": "VILLA ALEMANA",
        "origen": 1,
        "tipo_estab": 2,
        "tipo_glosa": "Escuela Particular Subvencionado",
        "matricula_total": 50,
        "mat_sala_cuna": 0,
        "mat_medio": 24,
        "mat_transicion": 26,
        "slep_sostenedor": null,
        "slep_procedencia": "sin_dato"
      },
      "geometry": {
        "type": "Point",
        "coordinates": [
          -71.37708,
          -33.050076
        ]
      }
    },
    {
      "type": "Feature",
      "properties": {
        "id_estab": "40432",
        "nombre": "JARDÍN INFANTIL AKANKE",
        "cod_comuna": "5804",
        "comuna": "VILLA ALEMANA",
        "origen": 1,
        "tipo_estab": 2,
        "tipo_glosa": "Escuela Particular Subvencionado",
        "matricula_total": 17,
        "mat_sala_cuna": 0,
        "mat_medio": 0,
        "mat_transicion": 17,
        "slep_sostenedor": null,
        "slep_procedencia": "sin_dato"
      },
      "geometry": {
        "type": "Point",
        "coordinates": [
          -71.35554,
          -33.04563
        ]
      }
    },
    {
      "type": "Feature",
      "properties": {
        "id_estab": "54208",
        "nombre": "NEWEN",
        "cod_comuna": "5804",
        "comuna": "VILLA ALEMANA",
        "origen": 3,
        "tipo_estab": 7,
        "tipo_glosa": "INTEGRA Administracion Directa",
        "matricula_total": 95,
        "mat_sala_cuna": 40,
        "mat_medio": 55,
        "mat_transicion": 0,
        "slep_sostenedor": null,
        "slep_procedencia": "sin_dato"
      },
      "geometry": {
        "type": "Point",
        "coordinates": [
          -71.377081,
          -33.051568
        ]
      }
    },
    {
      "type": "Feature",
      "properties": {
        "id_estab": "14928",
        "nombre": "ESCUELA ESP.DE LENGUAJE TIERRA MADRE",
        "cod_comuna": "5804",
        "comuna": "VILLA ALEMANA",
        "origen": 1,
        "tipo_estab": 2,
        "tipo_glosa": "Escuela Particular Subvencionado",
        "matricula_total": 70,
        "mat_sala_cuna": 0,
        "mat_medio": 30,
        "mat_transicion": 40,
        "slep_sostenedor": null,
        "slep_procedencia": "sin_dato"
      },
      "geometry": {
        "type": "Point",
        "coordinates": [
          -71.37613,
          -33.046738
        ]
      }
    },
    {
      "type": "Feature",
      "properties": {
        "id_estab": "5804004",
        "nombre": "AMERICAN GARDEN",
        "cod_comuna": "5804",
        "comuna": "VILLA ALEMANA",
        "origen": 2,
        "tipo_estab": 6,
        "tipo_glosa": "JUNJI VTF",
        "matricula_total": 53,
        "mat_sala_cuna": 19,
        "mat_medio": 34,
        "mat_transicion": 0,
        "slep_sostenedor": "Marga Marga",
        "slep_procedencia": "derivada_comuna"
      },
      "geometry": {
        "type": "Point",
        "coordinates": [
          -71.397262,
          -33.039298
        ]
      }
    },
    {
      "type": "Feature",
      "properties": {
        "id_estab": "53903",
        "nombre": "INTI RAYMI",
        "cod_comuna": "5804",
        "comuna": "VILLA ALEMANA",
        "origen": 3,
        "tipo_estab": 7,
        "tipo_glosa": "INTEGRA Administracion Directa",
        "matricula_total": 89,
        "mat_sala_cuna": 35,
        "mat_medio": 54,
        "mat_transicion": 0,
        "slep_sostenedor": null,
        "slep_procedencia": "sin_dato"
      },
      "geometry": {
        "type": "Point",
        "coordinates": [
          -71.425246,
          -33.059416
        ]
      }
    },
    {
      "type": "Feature",
      "properties": {
        "id_estab": "5804006",
        "nombre": "AGUALUNA",
        "cod_comuna": "5804",
        "comuna": "VILLA ALEMANA",
        "origen": 2,
        "tipo_estab": 6,
        "tipo_glosa": "JUNJI VTF",
        "matricula_total": 52,
        "mat_sala_cuna": 20,
        "mat_medio": 32,
        "mat_transicion": 0,
        "slep_sostenedor": "Marga Marga",
        "slep_procedencia": "derivada_comuna"
      },
      "geometry": {
        "type": "Point",
        "coordinates": [
          -71.379419,
          -33.047729
        ]
      }
    },
    {
      "type": "Feature",
      "properties": {
        "id_estab": "5804008",
        "nombre": "SEMBRANDO JUEGOS",
        "cod_comuna": "5804",
        "comuna": "VILLA ALEMANA",
        "origen": 2,
        "tipo_estab": 5,
        "tipo_glosa": "JUNJI Administracion Directa",
        "matricula_total": 82,
        "mat_sala_cuna": 29,
        "mat_medio": 53,
        "mat_transicion": 0,
        "slep_sostenedor": null,
        "slep_procedencia": "sin_dato"
      },
      "geometry": {
        "type": "Point",
        "coordinates": [
          -71.394839,
          -33.035667
        ]
      }
    },
    {
      "type": "Feature",
      "properties": {
        "id_estab": "16882",
        "nombre": "CENTRO EDUCACIONAL INTEGRAL QUIDELL",
        "cod_comuna": "5804",
        "comuna": "VILLA ALEMANA",
        "origen": 1,
        "tipo_estab": 2,
        "tipo_glosa": "Escuela Particular Subvencionado",
        "matricula_total": 71,
        "mat_sala_cuna": 0,
        "mat_medio": 54,
        "mat_transicion": 17,
        "slep_sostenedor": null,
        "slep_procedencia": "sin_dato"
      },
      "geometry": {
        "type": "Point",
        "coordinates": [
          -71.374477,
          -33.046664
        ]
      }
    },
    {
      "type": "Feature",
      "properties": {
        "id_estab": "40433",
        "nombre": "ESCUELA ESPECIAL ALMENAR",
        "cod_comuna": "5804",
        "comuna": "VILLA ALEMANA",
        "origen": 1,
        "tipo_estab": 2,
        "tipo_glosa": "Escuela Particular Subvencionado",
        "matricula_total": 8,
        "mat_sala_cuna": 0,
        "mat_medio": 0,
        "mat_transicion": 8,
        "slep_sostenedor": null,
        "slep_procedencia": "sin_dato"
      },
      "geometry": {
        "type": "Point",
        "coordinates": [
          -71.37763,
          -33.046673
        ]
      }
    },
    {
      "type": "Feature",
      "properties": {
        "id_estab": "40372",
        "nombre": "ESCUELA ESPECIAL DE LENJUAJE BAMBOO",
        "cod_comuna": "5804",
        "comuna": "VILLA ALEMANA",
        "origen": 1,
        "tipo_estab": 2,
        "tipo_glosa": "Escuela Particular Subvencionado",
        "matricula_total": 46,
        "mat_sala_cuna": 0,
        "mat_medio": 20,
        "mat_transicion": 26,
        "slep_sostenedor": null,
        "slep_procedencia": "sin_dato"
      },
      "geometry": {
        "type": "Point",
        "coordinates": [
          -71.36519,
          -33.05291
        ]
      }
    },
    {
      "type": "Feature",
      "properties": {
        "id_estab": "1969",
        "nombre": "COLEGIO CHARLES DARWIN",
        "cod_comuna": "5804",
        "comuna": "VILLA ALEMANA",
        "origen": 1,
        "tipo_estab": 1,
        "tipo_glosa": "Escuela Municipal",
        "matricula_total": 15,
        "mat_sala_cuna": 0,
        "mat_medio": 0,
        "mat_transicion": 15,
        "slep_sostenedor": null,
        "slep_procedencia": "sin_dato"
      },
      "geometry": {
        "type": "Point",
        "coordinates": [
          -71.38781,
          -33.048359
        ]
      }
    },
    {
      "type": "Feature",
      "properties": {
        "id_estab": "14756",
        "nombre": "JARDIN INFANTIL TERRALEGRE",
        "cod_comuna": "5804",
        "comuna": "VILLA ALEMANA",
        "origen": 1,
        "tipo_estab": 3,
        "tipo_glosa": "Escuela Particular Pagado",
        "matricula_total": 61,
        "mat_sala_cuna": 17,
        "mat_medio": 38,
        "mat_transicion": 6,
        "slep_sostenedor": null,
        "slep_procedencia": "sin_dato"
      },
      "geometry": {
        "type": "Point",
        "coordinates": [
          -71.37006,
          -33.043064
        ]
      }
    },
    {
      "type": "Feature",
      "properties": {
        "id_estab": "54207",
        "nombre": "RAIMILLA",
        "cod_comuna": "5804",
        "comuna": "VILLA ALEMANA",
        "origen": 3,
        "tipo_estab": 7,
        "tipo_glosa": "INTEGRA Administracion Directa",
        "matricula_total": 89,
        "mat_sala_cuna": 39,
        "mat_medio": 50,
        "mat_transicion": 0,
        "slep_sostenedor": null,
        "slep_procedencia": "sin_dato"
      },
      "geometry": {
        "type": "Point",
        "coordinates": [
          -71.360616,
          -33.042722
        ]
      }
    },
    {
      "type": "Feature",
      "properties": {
        "id_estab": "53901",
        "nombre": "MILLARAY",
        "cod_comuna": "5804",
        "comuna": "VILLA ALEMANA",
        "origen": 3,
        "tipo_estab": 7,
        "tipo_glosa": "INTEGRA Administracion Directa",
        "matricula_total": 104,
        "mat_sala_cuna": 37,
        "mat_medio": 67,
        "mat_transicion": 0,
        "slep_sostenedor": null,
        "slep_procedencia": "sin_dato"
      },
      "geometry": {
        "type": "Point",
        "coordinates": [
          -71.464506,
          -33.054958
        ]
      }
    },
    {
      "type": "Feature",
      "properties": {
        "id_estab": "5804007",
        "nombre": "ENTRESUEÑOS",
        "cod_comuna": "5804",
        "comuna": "VILLA ALEMANA",
        "origen": 2,
        "tipo_estab": 6,
        "tipo_glosa": "JUNJI VTF",
        "matricula_total": 91,
        "mat_sala_cuna": 34,
        "mat_medio": 57,
        "mat_transicion": 0,
        "slep_sostenedor": "Marga Marga",
        "slep_procedencia": "derivada_comuna"
      },
      "geometry": {
        "type": "Point",
        "coordinates": [
          -71.366018,
          -33.042574
        ]
      }
    },
    {
      "type": "Feature",
      "properties": {
        "id_estab": "54209",
        "nombre": "QUILLAY",
        "cod_comuna": "5804",
        "comuna": "VILLA ALEMANA",
        "origen": 3,
        "tipo_estab": 7,
        "tipo_glosa": "INTEGRA Administracion Directa",
        "matricula_total": 95,
        "mat_sala_cuna": 39,
        "mat_medio": 56,
        "mat_transicion": 0,
        "slep_sostenedor": null,
        "slep_procedencia": "sin_dato"
      },
      "geometry": {
        "type": "Point",
        "coordinates": [
          -71.353132,
          -33.039447
        ]
      }
    },
    {
      "type": "Feature",
      "properties": {
        "id_estab": "5804001",
        "nombre": "ABEJITA",
        "cod_comuna": "5804",
        "comuna": "VILLA ALEMANA",
        "origen": 2,
        "tipo_estab": 5,
        "tipo_glosa": "JUNJI Administracion Directa",
        "matricula_total": 143,
        "mat_sala_cuna": 65,
        "mat_medio": 78,
        "mat_transicion": 0,
        "slep_sostenedor": null,
        "slep_procedencia": "sin_dato"
      },
      "geometry": {
        "type": "Point",
        "coordinates": [
          -71.37721,
          -33.057236
        ]
      }
    },
    {
      "type": "Feature",
      "properties": {
        "id_estab": "54206",
        "nombre": "ALTAMIRANO",
        "cod_comuna": "5804",
        "comuna": "VILLA ALEMANA",
        "origen": 3,
        "tipo_estab": 7,
        "tipo_glosa": "INTEGRA Administracion Directa",
        "matricula_total": 42,
        "mat_sala_cuna": 20,
        "mat_medio": 22,
        "mat_transicion": 0,
        "slep_sostenedor": null,
        "slep_procedencia": "sin_dato"
      },
      "geometry": {
        "type": "Point",
        "coordinates": [
          -71.374499,
          -33.054405
        ]
      }
    },
    {
      "type": "Feature",
      "properties": {
        "id_estab": "53902",
        "nombre": "GABRIELA MISTRAL",
        "cod_comuna": "5804",
        "comuna": "VILLA ALEMANA",
        "origen": 3,
        "tipo_estab": 7,
        "tipo_glosa": "INTEGRA Administracion Directa",
        "matricula_total": 127,
        "mat_sala_cuna": 33,
        "mat_medio": 94,
        "mat_transicion": 0,
        "slep_sostenedor": null,
        "slep_procedencia": "sin_dato"
      },
      "geometry": {
        "type": "Point",
        "coordinates": [
          -71.413704,
          -33.061681
        ]
      }
    },
    {
      "type": "Feature",
      "properties": {
        "id_estab": "5804005",
        "nombre": "NUBELU",
        "cod_comuna": "5804",
        "comuna": "VILLA ALEMANA",
        "origen": 2,
        "tipo_estab": 6,
        "tipo_glosa": "JUNJI VTF",
        "matricula_total": 52,
        "mat_sala_cuna": 20,
        "mat_medio": 32,
        "mat_transicion": 0,
        "slep_sostenedor": "Marga Marga",
        "slep_procedencia": "derivada_comuna"
      },
      "geometry": {
        "type": "Point",
        "coordinates": [
          -71.366004,
          -33.044517
        ]
      }
    },
    {
      "type": "Feature",
      "properties": {
        "id_estab": "5804122",
        "nombre": "CECI PEQUEÑOS MOLINOS",
        "cod_comuna": "5804",
        "comuna": "VILLA ALEMANA",
        "origen": 2,
        "tipo_estab": 5,
        "tipo_glosa": "JUNJI Administracion Directa",
        "matricula_total": 15,
        "mat_sala_cuna": 0,
        "mat_medio": 14,
        "mat_transicion": 1,
        "slep_sostenedor": null,
        "slep_procedencia": "sin_dato"
      },
      "geometry": {
        "type": "Point",
        "coordinates": [
          -71.354924,
          -33.059301
        ]
      }
    },
    {
      "type": "Feature",
      "properties": {
        "id_estab": "5804003",
        "nombre": "MARIANITA",
        "cod_comuna": "5804",
        "comuna": "VILLA ALEMANA",
        "origen": 2,
        "tipo_estab": 6,
        "tipo_glosa": "JUNJI VTF",
        "matricula_total": 34,
        "mat_sala_cuna": 34,
        "mat_medio": 0,
        "mat_transicion": 0,
        "slep_sostenedor": "Marga Marga",
        "slep_procedencia": "derivada_comuna"
      },
      "geometry": {
        "type": "Point",
        "coordinates": [
          -71.368622,
          -33.059544
        ]
      }
    },
    {
      "type": "Feature",
      "properties": {
        "id_estab": "54204",
        "nombre": "S.C. SONRISAS DE SAN JOSÉ",
        "cod_comuna": "5804",
        "comuna": "VILLA ALEMANA",
        "origen": 3,
        "tipo_estab": 7,
        "tipo_glosa": "INTEGRA Administracion Directa",
        "matricula_total": 13,
        "mat_sala_cuna": 13,
        "mat_medio": 0,
        "mat_transicion": 0,
        "slep_sostenedor": null,
        "slep_procedencia": "sin_dato"
      },
      "geometry": {
        "type": "Point",
        "coordinates": [
          -71.37455,
          -33.065279
        ]
      }
    }
  ]
}
